{
"type": "FeatureCollection",
"name": "delta_polygons",
"crs": { "type": "name", "properties": { "name": "urn:ogc:def:crs:OGC:1.3:CRS84" } },
"features": [
{ "type": "Feature", "properties": { "delta": "Mississippi" }, "geometry": { "type": "Polygon", "coordinates": [ [ [ -89.770753260873249, 30.127180694064268 ], [ -89.796421489455312, 30.08607331396416 ], [ -89.80135985859701, 30.06331504562818 ], [ -89.811638796769969, 30.049612496919458 ], [ -89.82194196867168, 30.035903584723378 ], [ -89.847815316583848, 30.012984107341019 ], [ -89.857967797632796, 29.990201301545682 ], [ -89.878394431951236, 29.9537264132716 ], [ -89.878142856765365, 29.935572450210479 ], [ -89.88312070435542, 29.917381799006151 ], [ -89.893194888454701, 29.890081076822739 ], [ -89.898358577130395, 29.88550147137768 ], [ -89.918950651519452, 29.862653008297759 ], [ -89.955139474255276, 29.835125780458331 ], [ -89.991242519472891, 29.803057995618989 ], [ -90.037995598752843, 29.784489451768181 ], [ -90.058902371587209, 29.78429153989471 ], [ -90.121637600057227, 29.78367747114017 ], [ -90.14770597303351, 29.77887826251958 ], [ -90.16862535294851, 29.778663486252981 ], [ -90.18963155232494, 29.78298225085247 ], [ -90.221029342524261, 29.782653853672759 ], [ -90.25244118426383, 29.782323615331158 ], [ -90.268152452154894, 29.782154938236779 ], [ -90.294429440638297, 29.786407948562889 ], [ -90.315648036200344, 29.79978936700493 ], [ -90.341861559666299, 29.799501587085711 ], [ -90.357767098594351, 29.808401592912851 ], [ -90.384262508599718, 29.821722794215422 ], [ -90.405341459834688, 29.82602355752072 ], [ -90.442360639380141, 29.839219353582461 ], [ -90.474063243641368, 29.847933812772411 ], [ -90.489924379664359, 29.852291141811861 ], [ -90.505890237255286, 29.861190497489201 ], [ -90.542818655967906, 29.865305058805351 ], [ -90.56417344553499, 29.878686715653981 ], [ -90.590631889714899, 29.887431333491719 ], [ -90.622616041233528, 29.900713912889671 ], [ -90.643923713890729, 29.909551174876281 ], [ -90.691845437872402, 29.92717007926456 ], [ -90.718474467268919, 29.93594745441731 ], [ -90.755692587991973, 29.944593237816871 ], [ -90.771549809182133, 29.944394518082181 ], [ -90.798106033296676, 29.94861281352426 ], [ -90.803635818842835, 29.957653436117202 ], [ -90.851252665240949, 29.957037825360651 ], [ -90.893744679530855, 29.96103975506302 ], [ -90.925688805079275, 29.965183006978801 ], [ -90.952213804927638, 29.964832164248119 ], [ -90.962826271359646, 29.96469044079867 ], [ -90.994674846934046, 29.964259958841431 ], [ -91.026536905724242, 29.963822188909031 ], [ -91.05268856148966, 29.949766891795591 ], [ -91.068508700410121, 29.94498591349122 ], [ -91.100299832616983, 29.939978525048531 ], [ -91.115844231233169, 29.92606234714793 ], [ -91.126347785440473, 29.921346008778901 ], [ -91.152392536919123, 29.902703896288781 ], [ -91.173255203552444, 29.888695663501469 ], [ -91.17843443152114, 29.88405168823838 ], [ -91.203955479110718, 29.84715302268765 ], [ -91.209141379695851, 29.842508663269779 ], [ -91.213911295000813, 29.82418036912517 ], [ -91.229464439259885, 29.8102424493587 ], [ -91.24503720556919, 29.7963058054603 ], [ -91.265658500442143, 29.773154518024239 ], [ -91.307321221085274, 29.740511508053871 ], [ -91.322890536582179, 29.726552109198341 ], [ -91.359654209492703, 29.707652846858409 ], [ -91.37005158883818, 29.698340361797118 ], [ -91.401520983015061, 29.67951707009825 ], [ -91.427533409765317, 29.656216310022511 ], [ -91.448205695641875, 29.633000411701261 ], [ -91.431743997366041, 29.619606634680459 ], [ -91.415577161743855, 29.615341579771911 ], [ -91.399286807819962, 29.606512258696529 ], [ -91.366879149510353, 29.593422266809821 ], [ -91.350753866677451, 29.589157093096471 ], [ -91.318368907892662, 29.576069161631001 ], [ -91.296796588221241, 29.5673406982092 ], [ -91.280423402707711, 29.553958655542662 ], [ -91.258640589667323, 29.536125134393622 ], [ -91.247757865195439, 29.527198547037731 ], [ -91.236516199183683, 29.504627604608689 ], [ -91.220104335305408, 29.48669767036537 ], [ -91.21418861784494, 29.46402616803298 ], [ -91.219122522686305, 29.450265947137591 ], [ -91.239709246088267, 29.427081319306449 ], [ -91.255289517958417, 29.413131260026201 ], [ -91.275915177710274, 29.389926694677971 ], [ -91.286061901867797, 29.371505853453989 ], [ -91.301378163088913, 29.34841146667895 ], [ -91.317071566419727, 29.338976339809101 ], [ -91.348349873428404, 29.315521603640889 ], [ -91.348018117451502, 29.30183369726576 ], [ -91.347171467444497, 29.26996513224454 ], [ -91.341297889186549, 29.247265488392571 ], [ -91.340746853456125, 29.224460927501958 ], [ -91.318829258254752, 29.19757270186658 ], [ -91.307779443927672, 29.179566783766958 ], [ -91.291446525571658, 29.161676036012061 ], [ -91.264210086360933, 29.13034233496489 ], [ -91.248005313433339, 29.117014079741249 ], [ -91.232117972256859, 29.117358495990651 ], [ -91.146981978728292, 29.091814152533139 ], [ -91.078097189328133, 29.079579164284901 ], [ -91.030485075008315, 29.071440369358911 ], [ -90.96687072680011, 29.049951392285099 ], [ -90.929999209383652, 29.046152109304039 ], [ -90.914146883407867, 29.041886725088421 ], [ -90.887810928241777, 29.037846009246142 ], [ -90.866633901906582, 29.029172071972411 ], [ -90.835098170909902, 29.025191270044338 ], [ -90.808809911722946, 29.02113141587613 ], [ -90.777159552348067, 29.008066333773851 ], [ -90.729818052788772, 28.995285498273599 ], [ -90.708806754236463, 28.99111916036707 ], [ -90.661397821916637, 28.96922157370475 ], [ -90.609035999784112, 28.961034679847319 ], [ -90.540929830723655, 28.944003263354681 ], [ -90.499103477850383, 28.935597147300889 ], [ -90.452033785371427, 28.922716851532812 ], [ -90.431213134064805, 28.923043745833969 ], [ -90.373890930253836, 28.91939489448103 ], [ -90.326903402932061, 28.90647409654002 ], [ -90.259137848918442, 28.88927878002173 ], [ -90.207169644049941, 28.885457678423581 ], [ -90.160359680380793, 28.877006267147099 ], [ -90.108457504832188, 28.873131802088771 ], [ -90.061698994600519, 28.864638201564411 ], [ -89.999472130319731, 28.860851888682699 ], [ -89.937240684096324, 28.852477855362409 ], [ -89.885424004701662, 28.848512974336561 ], [ -89.823237704402146, 28.840086590854831 ], [ -89.766213076911257, 28.827022774795228 ], [ -89.745529570334526, 28.827217676477961 ], [ -89.698956931959756, 28.82309957385386 ], [ -89.647181762548499, 28.81446944311174 ], [ -89.59033550368467, 28.814920516769739 ], [ -89.564498387115577, 28.815114845691149 ], [ -89.53866209984507, 28.815303008708199 ], [ -89.492158335622591, 28.815623814479931 ], [ -89.461156279659164, 28.815825422287549 ], [ -89.419820482986808, 28.816079773042102 ], [ -89.383650775517012, 28.816287480608491 ], [ -89.342312262808889, 28.816509598674521 ], [ -89.306138523253495, 28.816688735022129 ], [ -89.280299143351783, 28.81681010757945 ], [ -89.244181599996878, 28.826037302116891 ], [ -89.213196430436383, 28.830697888740531 ], [ -89.177093465517714, 28.844438146764801 ], [ -89.161636694761839, 28.8535607753793 ], [ -89.135862314914107, 28.867252256629389 ], [ -89.104934480911211, 28.88548742151314 ], [ -89.084341709171568, 28.90368083957377 ], [ -89.079192277028397, 28.90822836752951 ], [ -89.058637892092051, 28.935480398375351 ], [ -89.032892584095663, 28.96273595632962 ], [ -89.022673781872996, 28.989951615170121 ], [ -89.007243774876102, 29.01263940346217 ], [ -88.986661485044081, 29.044392240665509 ], [ -88.966009144232601, 29.06255312217468 ], [ -88.95053393236806, 29.080701238459671 ], [ -88.94018046888138, 29.085248421004941 ], [ -88.929895689459542, 29.107910527125831 ], [ -88.919624415838371, 29.135100495584449 ], [ -88.914469257228561, 29.144165938273058 ], [ -88.898964258537134, 29.162303966136822 ], [ -88.888645745442773, 29.180433095822231 ], [ -88.878311054366051, 29.19855756500441 ], [ -88.873184928059374, 29.221202169563838 ], [ -88.862889322223168, 29.25291023139523 ], [ -88.862952255070923, 29.27554585964787 ], [ -88.847438570184764, 29.307258798142779 ], [ -88.837080557423334, 29.325382617224939 ], [ -88.831939015978918, 29.357079036644851 ], [ -88.816402093007184, 29.397847589727949 ], [ -88.806043480440962, 29.429555522980181 ], [ -88.80088555730417, 29.461257136422741 ], [ -88.790527294058208, 29.50202385779869 ], [ -88.790584897823777, 29.53824693959336 ], [ -88.774969072847469, 29.588094935147879 ], [ -88.769768605531979, 29.619812681384399 ], [ -88.764570425159548, 29.669657641332901 ], [ -88.759354643911635, 29.692322907431539 ], [ -88.748904564570239, 29.70593866918858 ], [ -88.738428097819892, 29.73769444771516 ], [ -88.73318784425139, 29.751308031941001 ], [ -88.717475364075085, 29.769479716562941 ], [ -88.7122243419429, 29.787631440554311 ], [ -88.712211142942522, 29.80123815510095 ], [ -88.706956464902277, 29.819393462045841 ], [ -88.701694345576641, 29.842087536432889 ], [ -88.701674357020707, 29.860235526677261 ], [ -88.701654496446309, 29.878384933605041 ], [ -88.701596548952296, 29.910166174224351 ], [ -88.701517544273088, 29.95104121847784 ], [ -88.701456000471765, 29.982841019764241 ], [ -88.706653684314517, 30.01008874060587 ], [ -88.717106688758406, 30.037324465410411 ], [ -88.727553862157833, 30.069113653881558 ], [ -88.743277161071703, 30.087255720875699 ], [ -88.74853166727479, 30.08723776323902 ], [ -88.795793557122735, 30.09162833782349 ], [ -88.827296436842687, 30.091517110426441 ], [ -88.869288560358129, 30.091359181373239 ], [ -88.926996613352429, 30.091140941396379 ], [ -88.979435070371139, 30.09093414802587 ], [ -89.005647550477065, 30.090826466372931 ], [ -89.042361355663928, 30.09975873173563 ], [ -89.068570290556892, 30.099639301399829 ], [ -89.105287475201521, 30.1085552206027 ], [ -89.131524733490537, 30.117518084423271 ], [ -89.147300031749594, 30.131077554308529 ], [ -89.168303575981227, 30.140064487307491 ], [ -89.199835093013007, 30.158092597153221 ], [ -89.220825611804045, 30.162533771435712 ], [ -89.252374520589711, 30.180563142127241 ], [ -89.26810464669758, 30.180477628550921 ], [ -89.29958953238156, 30.184854461031058 ], [ -89.336290651206625, 30.18464714595272 ], [ -89.357261638793062, 30.184526191812221 ], [ -89.383474825511968, 30.18436938904215 ], [ -89.435898766440914, 30.184040372137979 ], [ -89.467351714503735, 30.18384285418432 ], [ -89.477835971008901, 30.18377712857685 ], [ -89.519773520158409, 30.183508460081139 ], [ -89.540740319046265, 30.183373779124931 ], [ -89.561713178966201, 30.183233405346169 ], [ -89.598409635345661, 30.18298764958416 ], [ -89.619381514003095, 30.182846019325009 ], [ -89.65089096074378, 30.187180723321379 ], [ -89.67186676273154, 30.187029631589279 ], [ -89.698087512092698, 30.186845491980669 ], [ -89.718953863073892, 30.177593480066601 ], [ -89.74494811415633, 30.15920656572365 ], [ -89.760617864419089, 30.154542896426239 ], [ -89.770753260873249, 30.127180694064268 ] ] ] } },
{ "type": "Feature", "properties": { "delta": "Rhine-Meuse" }, "geometry": { "type": "Polygon", "coordinates": [ [ [ 4.464696289380101, 52.306582636254923 ], [ 4.454281547023058, 52.29930825963897 ], [ 4.45130578169167, 52.29566811197823 ], [ 4.442387933733601, 52.29020958983935 ], [ 4.436444491160023, 52.285660556133713 ], [ 4.431987753948105, 52.279291356163263 ], [ 4.424556715098067, 52.273831405812977 ], [ 4.421591015427405, 52.270192318225611 ], [ 4.415644077974122, 52.263825497153491 ], [ 4.412682368424852, 52.259274831155899 ], [ 4.408229973485815, 52.255634645391567 ], [ 4.402293788103626, 52.251085343083851 ], [ 4.400810336975349, 52.24926640707227 ], [ 4.393391208617023, 52.244716000188511 ], [ 4.388940801421617, 52.241986807130793 ], [ 4.380039338036166, 52.237436204744597 ], [ 4.374105640701645, 52.23470544235861 ], [ 4.369658791822579, 52.231065441482272 ], [ 4.366695200899513, 52.22833554433555 ], [ 4.363730245758408, 52.22651512620029 ], [ 4.35780109456423, 52.222874035285948 ], [ 4.353356925331971, 52.21923353112679 ], [ 4.347429658410052, 52.215592477234551 ], [ 4.341503601405419, 52.211949509387857 ], [ 4.337059302202883, 52.209218415627682 ], [ 4.332615911460556, 52.206488231789493 ], [ 4.326699060252808, 52.200117674062838 ], [ 4.320778896549163, 52.195566302768469 ], [ 4.314857395269406, 52.19192363871651 ], [ 4.311905511790775, 52.187374293686439 ], [ 4.303032102667816, 52.180091613699169 ], [ 4.300081981973383, 52.175542363166763 ], [ 4.297129342765471, 52.171902390497102 ], [ 4.292694781740421, 52.168260751063357 ], [ 4.286782095458697, 52.16370805846595 ], [ 4.282353665855796, 52.159157139267478 ], [ 4.277941493057917, 52.150967362519857 ], [ 4.270551463061151, 52.145505403889743 ], [ 4.269084572961724, 52.14186709302242 ], [ 4.263181144071293, 52.136404745188649 ], [ 4.255781978869995, 52.134576002941557 ], [ 4.252835372643478, 52.130935409959122 ], [ 4.246935294594472, 52.125472069773629 ], [ 4.232146916719557, 52.120904979685953 ], [ 4.226245231077172, 52.116349916519617 ], [ 4.223297231264249, 52.113617816181559 ], [ 4.220341467589012, 52.111798074669871 ], [ 4.212968353340849, 52.106326844691822 ], [ 4.208545793471088, 52.102682652856778 ], [ 4.205599470422731, 52.099950051627722 ], [ 4.201188072931532, 52.09448739107242 ], [ 4.195297639652789, 52.089021458051043 ], [ 4.193837993238072, 52.085382314351882 ], [ 4.186474712381369, 52.079004081322012 ], [ 4.185010789180148, 52.076273928196791 ], [ 4.17911869689733, 52.071717066837337 ], [ 4.174706217438315, 52.06715454578729 ], [ 4.167340820255059, 52.061691337126319 ], [ 4.164404058270163, 52.058048458727349 ], [ 4.161461973655411, 52.055314307404053 ], [ 4.158514622625356, 52.053489505868072 ], [ 4.152632049931915, 52.048020981901708 ], [ 4.145273026092511, 52.042549891952262 ], [ 4.139387533167513, 52.037989685104847 ], [ 4.133516288218495, 52.031610425061317 ], [ 4.130564543726026, 52.030693030711163 ], [ 4.124687541695855, 52.025224857432839 ], [ 4.118817431003845, 52.018844964910052 ], [ 4.117358022079096, 52.016113377313957 ], [ 4.112961689710546, 52.010646167932833 ], [ 4.111496456273944, 52.008823678008248 ], [ 4.110049193034193, 52.004273884116181 ], [ 4.104170678916907, 51.999710046156181 ], [ 4.099763569632218, 51.996060494790093 ], [ 4.096828118691676, 51.993324237966817 ], [ 4.09095121541617, 51.988760651505679 ], [ 4.088029968150224, 51.98420512872876 ], [ 4.083632938833475, 51.979645614829067 ], [ 4.083682716405219, 51.973281245613506 ], [ 4.082241027924242, 51.968730500262033 ], [ 4.082283883971394, 51.963275331149852 ], [ 4.080849842303261, 51.957815411614583 ], [ 4.079423285978692, 51.95144615381821 ], [ 4.079444879918848, 51.948718527010413 ], [ 4.076535305440379, 51.943253616642913 ], [ 4.075090687265575, 51.938701422108252 ], [ 4.070687328794504, 51.935048813480797 ], [ 4.066271492813569, 51.933214830925543 ], [ 4.061875643598515, 51.928652107325981 ], [ 4.054527530913212, 51.924989762662797 ], [ 4.047176642611512, 51.922237244403178 ], [ 4.042782346418569, 51.918583389022608 ], [ 4.035413612280521, 51.915824965755888 ], [ 4.028045142388416, 51.913065662655967 ], [ 4.019206292284725, 51.910303043280827 ], [ 4.011831529959686, 51.909363250435348 ], [ 4.005947346851664, 51.906608746249837 ], [ 3.997140901984286, 51.901116462753329 ], [ 3.98835532412519, 51.892890824217083 ], [ 3.985420037382024, 51.89105889154834 ], [ 3.976623768337111, 51.884652820624162 ], [ 3.970772995149479, 51.87916802289827 ], [ 3.961976568596339, 51.87275923700598 ], [ 3.950214077164234, 51.868155231007123 ], [ 3.941394819643558, 51.86447344993131 ], [ 3.934043139433778, 51.861707982753259 ], [ 3.919320490082707, 51.857996152399068 ], [ 3.911961799584898, 51.856145099108147 ], [ 3.9060865659716, 51.85337449261133 ], [ 3.900201436715378, 51.851526359884289 ], [ 3.889917900543212, 51.846921199010517 ], [ 3.885509690789146, 51.84507701304517 ], [ 3.881121057121972, 51.841411783816518 ], [ 3.875257334382869, 51.837737784215889 ], [ 3.86795060178722, 51.831321790247138 ], [ 3.862086036663235, 51.827648552363001 ], [ 3.859186569601449, 51.823079233202442 ], [ 3.853340166722812, 51.818492649284281 ], [ 3.850407212116489, 51.816653314330622 ], [ 3.840129376457764, 51.812950576557157 ], [ 3.834237469216588, 51.810183988522454 ], [ 3.828365649478833, 51.807416239477902 ], [ 3.824010865743377, 51.801012214726178 ], [ 3.822586751648347, 51.796448370829822 ], [ 3.82263831673155, 51.791893361352727 ], [ 3.822718199544155, 51.785516619412348 ], [ 3.822741902911044, 51.782782586322348 ], [ 3.821307347711713, 51.779128789799543 ], [ 3.818397611581832, 51.775465757476049 ], [ 3.814013840169757, 51.771793157562769 ], [ 3.80670598596798, 51.766280781484902 ], [ 3.803806731838606, 51.762614314616769 ], [ 3.803864948135169, 51.75623443800076 ], [ 3.803900375578888, 51.753492321815727 ], [ 3.805428402708275, 51.748042050936363 ], [ 3.809874540188041, 51.74624501232698 ], [ 3.81434744955915, 51.741715362527799 ], [ 3.823200345429212, 51.740863521101033 ], [ 3.832052283864602, 51.740004364933462 ], [ 3.842366944745059, 51.740067312809067 ], [ 3.8497515214583, 51.738287841475483 ], [ 3.86006356617647, 51.738348547021253 ], [ 3.868874450241997, 51.741134348813652 ], [ 3.873223344395571, 51.748451632898053 ], [ 3.874670329909919, 51.751194354514467 ], [ 3.877538275016199, 51.759413505343112 ], [ 3.881933704495566, 51.764001356196523 ], [ 3.883356288933855, 51.767647079462293 ], [ 3.887704091184441, 51.774960583055211 ], [ 3.887650012078847, 51.780428206305857 ], [ 3.88908003051865, 51.784991483982331 ], [ 3.897890196800124, 51.788683679759572 ], [ 3.902295334435351, 51.79052923645083 ], [ 3.914070458692063, 51.792413277801508 ], [ 3.921404379889402, 51.796093697538709 ], [ 3.928747198892892, 51.798862702937413 ], [ 3.930196233936847, 51.801602340224818 ], [ 3.937523822949429, 51.806191925995051 ], [ 3.943372586420908, 51.811684279090478 ], [ 3.950704439931985, 51.814457197068172 ], [ 3.959558363568718, 51.814492046718158 ], [ 3.968402085552869, 51.814533387342443 ], [ 3.980192941583085, 51.814587493934759 ], [ 3.98609580753394, 51.813703906262027 ], [ 3.993479641777755, 51.811916156581468 ], [ 3.999381249796352, 51.811031683924632 ], [ 4.012648240949243, 51.810177820300822 ], [ 4.0229810325571, 51.807489505302847 ], [ 4.031819621176038, 51.807525752251557 ], [ 4.042143756461676, 51.805746631648461 ], [ 4.052463228902663, 51.803965064308919 ], [ 4.068658102675546, 51.804024114829673 ], [ 4.071602520711235, 51.804034613568263 ], [ 4.08337974035555, 51.804075685845007 ], [ 4.087784943159267, 51.805911635877102 ], [ 4.098067944855231, 51.80958761482529 ], [ 4.101001415426644, 51.811417840798271 ], [ 4.106845230680907, 51.818717871771987 ], [ 4.112680005444574, 51.827837097244021 ], [ 4.112668972400655, 51.829657056244677 ], [ 4.112630403548643, 51.836026887269782 ], [ 4.112602826279154, 51.840576564929727 ], [ 4.106682004980651, 51.845107051193658 ], [ 4.10224501247826, 51.84782239137963 ], [ 4.09780739532536, 51.85053753436344 ], [ 4.091883793683959, 51.855067335626273 ], [ 4.081530756179143, 51.860491899329467 ], [ 4.080044490623116, 51.86230655859093 ], [ 4.078508362856848, 51.871399530999241 ], [ 4.078489692733161, 51.87412891144249 ], [ 4.078427443717898, 51.883226392379548 ], [ 4.081358054730901, 51.88596544202386 ], [ 4.09165590710715, 51.889638062032219 ], [ 4.100491336243433, 51.89148542180569 ], [ 4.106366556090482, 51.895142391619437 ], [ 4.109298756958153, 51.897880314188107 ], [ 4.110749741355047, 51.90152279150854 ], [ 4.115132237419415, 51.907901979129321 ], [ 4.115126292881433, 51.908811408585507 ], [ 4.115084618987817, 51.915177246731922 ], [ 4.116524224381031, 51.920637820542161 ], [ 4.116488661122053, 51.926093978723152 ], [ 4.122355501812534, 51.931567134870008 ], [ 4.125267200949012, 51.93794158885197 ], [ 4.128184477496863, 51.943405988385493 ], [ 4.129631358445356, 51.947955627952787 ], [ 4.131084905967802, 51.951597642381039 ], [ 4.132526947215154, 51.95705710505613 ], [ 4.133980536898134, 51.960697956691007 ], [ 4.1369164309049, 51.963433501245071 ], [ 4.138370540271097, 51.967074306101608 ], [ 4.139808348088643, 51.973442485068681 ], [ 4.141262986191514, 51.977083055450308 ], [ 4.1412354286816, 51.981628813207678 ], [ 4.145621833794952, 51.98891331788127 ], [ 4.147081962901275, 51.991644304428362 ], [ 4.151480222737511, 51.997110031222547 ], [ 4.154407431627871, 52.001662701517752 ], [ 4.164686066960124, 52.012596211018952 ], [ 4.17055567116754, 52.019882164280652 ], [ 4.173501465147007, 52.021706926811042 ], [ 4.174948825908549, 52.027164608721982 ], [ 4.179358076778867, 52.031719473113107 ], [ 4.18229328663164, 52.035361879892157 ], [ 4.188149558077181, 52.045373570513441 ], [ 4.192565026675393, 52.049018522763383 ], [ 4.194038695359794, 52.049930600238042 ], [ 4.19697133612874, 52.054481879693277 ], [ 4.204332157674728, 52.060859539898217 ], [ 4.210224203182422, 52.065415165580028 ], [ 4.214643250298236, 52.069059387165083 ], [ 4.222021348278346, 52.072708588824007 ], [ 4.223487123636895, 52.07543808543776 ], [ 4.232343659586874, 52.079998279310082 ], [ 4.23973456556215, 52.08182828132945 ], [ 4.248596429838509, 52.086383552308163 ], [ 4.251544811913615, 52.088208299273958 ], [ 4.258920937112388, 52.093671859527888 ], [ 4.263349022213541, 52.096395564699712 ], [ 4.270733836732957, 52.100052540904947 ], [ 4.278115927443793, 52.10460721154579 ], [ 4.285503310932746, 52.109160350461252 ], [ 4.29290077987681, 52.110985979608863 ], [ 4.295853587061553, 52.113715662351119 ], [ 4.300290252320931, 52.115537907575572 ], [ 4.306200123162853, 52.119179101808101 ], [ 4.310634574332239, 52.122818747296307 ], [ 4.313590637075386, 52.124639313694217 ], [ 4.320979665562237, 52.13009923235149 ], [ 4.326891582935144, 52.134648467126461 ], [ 4.332802780652736, 52.140106206007992 ], [ 4.337236117256102, 52.144653611479939 ], [ 4.341673939681343, 52.147383317131371 ], [ 4.344629266368274, 52.151020547827137 ], [ 4.346108779968207, 52.15193034292723 ], [ 4.352022354887614, 52.158296079384058 ], [ 4.356457944498482, 52.162843837356391 ], [ 4.360894973066163, 52.166483462161203 ], [ 4.363852988914068, 52.169212812438957 ], [ 4.371253568904612, 52.173763707280067 ], [ 4.374214275505817, 52.175583971552769 ], [ 4.383098042562845, 52.181044472681158 ], [ 4.387537745348853, 52.186501643814942 ], [ 4.393461943583807, 52.191050619826747 ], [ 4.399388041298915, 52.195598701493992 ], [ 4.402351239147528, 52.198327088805293 ], [ 4.40383263831992, 52.200145686679427 ], [ 4.40976009878562, 52.20651148684135 ], [ 4.415689418201434, 52.211968374910697 ], [ 4.418654255647025, 52.21560604210319 ], [ 4.424585911314452, 52.221972021808419 ], [ 4.430519388759587, 52.228338036310532 ], [ 4.433487052031031, 52.230157019860997 ], [ 4.437938879076215, 52.236522548661867 ], [ 4.44090750663613, 52.24106942858166 ], [ 4.44387668717069, 52.244707108126228 ], [ 4.448332269688886, 52.251982173413502 ], [ 4.45278780574297, 52.25562060461283 ], [ 4.455759028316209, 52.259258846047118 ], [ 4.458730801895328, 52.26289718209847 ], [ 4.464675001969766, 52.268354610813446 ], [ 4.46913457388102, 52.272902404846988 ], [ 4.475080276240875, 52.276540360198801 ], [ 4.479542903881557, 52.281997643317752 ], [ 4.485492983931463, 52.287455136809818 ], [ 4.489957061857098, 52.292003397973673 ], [ 4.494424833587834, 52.29836882918439 ], [ 4.500380965236602, 52.304735692749169 ], [ 4.504851891998173, 52.311103321200939 ], [ 4.507835370441811, 52.316561707510267 ], [ 4.512303989486366, 52.320199516878517 ], [ 4.516780422325333, 52.327477315287346 ], [ 4.52125300572731, 52.332024962934298 ], [ 4.522752191417821, 52.337486039721163 ], [ 4.52871710863552, 52.342942707579716 ], [ 4.53468561586241, 52.349308452936498 ], [ 4.537671751657966, 52.352946904713967 ], [ 4.542154533483029, 52.359315797423527 ], [ 4.545147239509124, 52.36477682793717 ], [ 4.548140869202761, 52.370238080532559 ], [ 4.552624734106492, 52.375696070288583 ], [ 4.554119569759571, 52.377515318660478 ], [ 4.555626526490133, 52.382980143430437 ], [ 4.557123662495002, 52.385708738340888 ], [ 4.560122050749444, 52.391173220594993 ], [ 4.560130173968043, 52.393909119861327 ], [ 4.567597630381046, 52.398457265221047 ], [ 4.569107983553455, 52.403928836437707 ], [ 4.570612118843296, 52.407575713021203 ], [ 4.575104917274864, 52.413039603597078 ], [ 4.576613455882335, 52.417598747383131 ], [ 4.578125994600688, 52.423070848532241 ], [ 4.579639385586718, 52.428544566936843 ], [ 4.58412551139647, 52.431273195561133 ], [ 4.58414512302735, 52.435840829656037 ], [ 4.584164655713899, 52.440408826441647 ], [ 4.578207308282756, 52.444060056907027 ], [ 4.566262855281917, 52.443160583883447 ], [ 4.555810322165312, 52.441356543324801 ], [ 4.548339484833043, 52.43863128370532 ], [ 4.545352699720389, 52.437722116074937 ], [ 4.536382792290865, 52.431346792331603 ], [ 4.533382769147338, 52.424966232362642 ], [ 4.53039177107658, 52.422233833643752 ], [ 4.52888951303144, 52.417676769391257 ], [ 4.525894339219009, 52.412209878318073 ], [ 4.522903957844426, 52.408566406611513 ], [ 4.522896241117749, 52.40492053155392 ], [ 4.519901013864267, 52.398542994072862 ], [ 4.516906918917194, 52.392165760567828 ], [ 4.515411171643535, 52.389433158452412 ], [ 4.5109237654539, 52.38032481268791 ], [ 4.510914010326534, 52.375768340264749 ], [ 4.509418378360599, 52.372125176338471 ], [ 4.50792217267783, 52.367571177296462 ], [ 4.504932571603531, 52.361195587570172 ], [ 4.500460303193226, 52.357556650666609 ], [ 4.495984733115042, 52.35209536891557 ], [ 4.49151544217189, 52.349365556060043 ], [ 4.490014859628286, 52.33934582738398 ], [ 4.487030220393187, 52.332973206452188 ], [ 4.476605511481662, 52.323878856394579 ], [ 4.470651277140165, 52.317504704411327 ], [ 4.461726234601644, 52.312054288454092 ], [ 4.464696289380101, 52.306582636254923 ] ] ] } },
{ "type": "Feature", "properties": { "delta": "Niger" }, "geometry": { "type": "Polygon", "coordinates": [ [ [ 5.586368201611805, 4.65648970903098 ], [ 5.586072780427369, 4.643413517733137 ], [ 5.593962828031033, 4.628511188503779 ], [ 5.59706560749845, 4.620262082496727 ], [ 5.598452320100417, 4.60878343746431 ], [ 5.604804000945482, 4.598825577288938 ], [ 5.611117474735067, 4.587233739967948 ], [ 5.619146914899846, 4.578873465864108 ], [ 5.625605950648957, 4.573819576377148 ], [ 5.63042246415587, 4.568804304274578 ], [ 5.633669609160872, 4.567094482629478 ], [ 5.640164536622865, 4.563675451479116 ], [ 5.648227205325624, 4.556949440232781 ], [ 5.65789097748528, 4.548555097848615 ], [ 5.664348031863524, 4.543503340268161 ], [ 5.670727865129843, 4.53518350499254 ], [ 5.678784598103015, 4.528459847173763 ], [ 5.680390177935422, 4.526789508866798 ], [ 5.686733339842711, 4.516836188149115 ], [ 5.693069328688396, 4.506884792825097 ], [ 5.701162738676673, 4.501795343087436 ], [ 5.709214208727307, 4.495075242280578 ], [ 5.714022477371068, 4.490063758806386 ], [ 5.720473506495556, 4.485012235016569 ], [ 5.726845763505493, 4.476695213225171 ], [ 5.733256020049529, 4.47001190473096 ], [ 5.739589987575102, 4.460061847528821 ], [ 5.749279313936713, 4.453303729468502 ], [ 5.7558017844064, 4.451521003504746 ], [ 5.760607731743475, 4.446508632434425 ], [ 5.768731059737464, 4.443055761509072 ], [ 5.778416396018649, 4.436298857001928 ], [ 5.78974208623208, 4.429503528061841 ], [ 5.792986272311156, 4.427794984425661 ], [ 5.799502458292773, 4.426013432781446 ], [ 5.810862453278867, 4.420853475537064 ], [ 5.820664577959283, 4.418995993663771 ], [ 5.827105245568125, 4.41394774829106 ], [ 5.836865564381652, 4.410457796766934 ], [ 5.844908293153126, 4.403737293522522 ], [ 5.852988300684039, 4.398651649818786 ], [ 5.862668621908553, 4.391895997397995 ], [ 5.870707790705252, 4.385176745075776 ], [ 5.87714387625714, 4.380125725462547 ], [ 5.881944008154345, 4.375115526949592 ], [ 5.888341299429123, 4.368428122929126 ], [ 5.89797771241815, 4.360040949712191 ], [ 5.907570431382898, 4.350013694955433 ], [ 5.912410066449079, 4.346635349405124 ], [ 5.920368366165885, 4.336647532370464 ], [ 5.931718714566447, 4.331485071038911 ], [ 5.936555547907895, 4.328105985894751 ], [ 5.943030207265254, 4.324689107716798 ], [ 5.947904490390277, 4.322942969657893 ], [ 5.957579685943005, 4.316184553926301 ], [ 5.965616419493638, 4.309460598428495 ], [ 5.975325380804335, 4.304338073330682 ], [ 5.983397441836349, 4.299248957307533 ], [ 5.993145893465782, 4.295756555305083 ], [ 6.001216799424459, 4.290664990906651 ], [ 6.006053608635929, 4.287285955638954 ], [ 6.015801570382006, 4.283791601624438 ], [ 6.022312954222759, 4.282006992115337 ], [ 6.035297020549024, 4.276802939868256 ], [ 6.04340754713636, 4.273347740240924 ], [ 6.049841404408807, 4.268294927355593 ], [ 6.06453834860951, 4.266317297857025 ], [ 6.079236541997286, 4.264341264763113 ], [ 6.093895383406966, 4.260730021944942 ], [ 6.098805227378676, 4.260615251272905 ], [ 6.105357238308282, 4.260462962597261 ], [ 6.115141999877869, 4.25859788615554 ], [ 6.12169149001514, 4.258445382659243 ], [ 6.129878201660177, 4.258252429535658 ], [ 6.136427152573843, 4.258097783015913 ], [ 6.144575325740751, 4.256271738655732 ], [ 6.154399351026436, 4.256040636625318 ], [ 6.162586059073931, 4.255847555822489 ], [ 6.170772831621392, 4.255654441926381 ], [ 6.180597083963231, 4.255422577789706 ], [ 6.19042156361616, 4.255189764428806 ], [ 6.200361434415546, 4.259857674178089 ], [ 6.210224551939778, 4.261258179761267 ], [ 6.218450373757696, 4.26269743091845 ], [ 6.223401275273091, 4.264214314405912 ], [ 6.228352232952719, 4.265731002704139 ], [ 6.238292805253243, 4.270397642431435 ], [ 6.243244023242964, 4.271914046964812 ], [ 6.251470624353233, 4.273352342833188 ], [ 6.259697031602394, 4.274789503149544 ], [ 6.26792411582779, 4.276228012840685 ], [ 6.272914051832965, 4.279377667160705 ], [ 6.281179512616633, 4.282448924151688 ], [ 6.28617095693714, 4.285598376839144 ], [ 6.291121149455754, 4.287114943037463 ], [ 6.302774082116144, 4.29501227424487 ], [ 6.311000694488865, 4.296450171157311 ], [ 6.314351199820383, 4.29964021441729 ], [ 6.316256723340137, 4.31103577837497 ], [ 6.313097625874895, 4.316012665956635 ], [ 6.306585943799585, 4.317801535346451 ], [ 6.295161539818195, 4.319707113835132 ], [ 6.282060994549099, 4.320018431871971 ], [ 6.275510774417324, 4.320173979821024 ], [ 6.26564690824207, 4.318774300124312 ], [ 6.255667222565169, 4.312475644823683 ], [ 6.250754746388765, 4.312592222334967 ], [ 6.242567073813492, 4.312786704669406 ], [ 6.23929186780477, 4.312864787873713 ], [ 6.227789763021107, 4.311505739746224 ], [ 6.214689053358113, 4.311818679051703 ], [ 6.203226402987387, 4.312092291498062 ], [ 6.193401620561652, 4.312326637475161 ], [ 6.185214559052556, 4.312521940589911 ], [ 6.178665073370522, 4.31267801959033 ], [ 6.170478348659096, 4.312873050924549 ], [ 6.162253374458775, 4.311435166765309 ], [ 6.153990053466991, 4.308364229603886 ], [ 6.144167348272543, 4.308593914426802 ], [ 6.132707454360617, 4.308861127748058 ], [ 6.122884488196183, 4.309089984519192 ], [ 6.111424191304069, 4.30935687930795 ], [ 6.103238086156104, 4.309547339838945 ], [ 6.096689151550054, 4.309699724230765 ], [ 6.080431795829416, 4.314978585118286 ], [ 6.070685022036313, 4.318472832980587 ], [ 6.052789887672669, 4.323790387096576 ], [ 6.039690606667268, 4.324094156811363 ], [ 6.028343803783585, 4.329258341204629 ], [ 6.020310329889595, 4.335979821644433 ], [ 6.009001622593917, 4.342776864283175 ], [ 5.994455849291214, 4.351282471230538 ], [ 5.976673274156488, 4.361496130006658 ], [ 5.965325195752955, 4.36666199894479 ], [ 5.955614069435244, 4.37178679261775 ], [ 5.947577401628601, 4.378506228461333 ], [ 5.942781533082309, 4.383519734305089 ], [ 5.936426136186316, 4.391837313048059 ], [ 5.931667543336355, 4.398482580906236 ], [ 5.923670642894631, 4.406835583496108 ], [ 5.920471814371546, 4.410176729425547 ], [ 5.910836813929599, 4.41856749962755 ], [ 5.899559639931833, 4.426994466107788 ], [ 5.891444611198122, 4.430448297746557 ], [ 5.885004076579698, 4.43549675687347 ], [ 5.868728807939192, 4.440770489111741 ], [ 5.842692074989799, 4.449535365656571 ], [ 5.823141909718494, 4.454885774889392 ], [ 5.813386746870261, 4.458377649078482 ], [ 5.806986277734629, 4.465060450412452 ], [ 5.800508348919687, 4.468483907493447 ], [ 5.789218644783714, 4.47690348607457 ], [ 5.78277716846671, 4.481954546245961 ], [ 5.769844659027985, 4.49042066773071 ], [ 5.768317774649272, 4.495357772718291 ], [ 5.761907443216541, 4.502040960359201 ], [ 5.755420892373406, 4.505457892259716 ], [ 5.74733132836982, 4.510545890205631 ], [ 5.742484829298656, 4.51392543207383 ], [ 5.735997278635574, 4.51734271716589 ], [ 5.731150257453235, 4.520722452781937 ], [ 5.721493266039984, 4.529115635254699 ], [ 5.715004492073204, 4.532533325061844 ], [ 5.70862917502976, 4.540851480041032 ], [ 5.70061193796837, 4.549208441157483 ], [ 5.695875637174108, 4.557489062461877 ], [ 5.691063668279302, 4.562503643573814 ], [ 5.684683919027977, 4.570823542319865 ], [ 5.679869897628045, 4.575838545254837 ], [ 5.673450978121261, 4.582525559554143 ], [ 5.667031456438489, 4.589212906015637 ], [ 5.662216082608489, 4.594227955718732 ], [ 5.659081197425825, 4.600840673995359 ], [ 5.651055294808063, 4.60920057495006 ], [ 5.647960127592075, 4.617445944681705 ], [ 5.643147720322492, 4.622461566894872 ], [ 5.636806120045968, 4.632417180556085 ], [ 5.628822122702095, 4.642411129392695 ], [ 5.625801384817207, 4.653925143386206 ], [ 5.621016957930573, 4.66057824769047 ], [ 5.613114195501037, 4.675485995389801 ], [ 5.606748224170897, 4.685451882466609 ], [ 5.601919698015987, 4.690474386978848 ], [ 5.588984335310039, 4.700594466862495 ], [ 5.580944515564086, 4.708962922995285 ], [ 5.577728201653363, 4.712310702165922 ], [ 5.571437949123452, 4.725547705718075 ], [ 5.568220513250825, 4.728896186910371 ], [ 5.560140683297985, 4.735632486262126 ], [ 5.553597671841985, 4.73742373493593 ], [ 5.548556344463513, 4.732633834821329 ], [ 5.551667606669362, 4.724378544528482 ], [ 5.558174844154296, 4.720952343436983 ], [ 5.562929574420905, 4.71265933868221 ], [ 5.566038953915767, 4.704405834213909 ], [ 5.566002857415418, 4.702770467976805 ], [ 5.569039343485502, 4.691246907359358 ], [ 5.570503931135599, 4.683033386672153 ], [ 5.573611609207198, 4.674781577606114 ], [ 5.578326310663901, 4.66485682097978 ], [ 5.581468949645267, 4.658240905402603 ], [ 5.58304062036068, 4.65493277605441 ], [ 5.586368201611805, 4.65648970903098 ] ] ] } },
{ "type": "Feature", "properties": { "delta": "Yellow River" }, "geometry": { "type": "Polygon", "coordinates": [ [ [ 119.118217442523502, 37.901050065446547 ], [ 119.110302679487006, 37.89897944655138 ], [ 119.107650688426702, 37.890659295423298 ], [ 119.099712909910807, 37.876104308011428 ], [ 119.097061164490299, 37.867784558300862 ], [ 119.089128478974999, 37.853227270207228 ], [ 119.086478039332903, 37.844906233222567 ], [ 119.083817244184502, 37.830341475328723 ], [ 119.083791559265805, 37.815774451241808 ], [ 119.078504103543196, 37.805374986111211 ], [ 119.075850289162801, 37.79288989227728 ], [ 119.070559093272394, 37.77832799833056 ], [ 119.065280763153396, 37.772084885502309 ], [ 119.059992495640202, 37.757515308343592 ], [ 119.052075551729104, 37.742949171232873 ], [ 119.046788843506306, 37.732536406271699 ], [ 119.046778794217104, 37.724209058254132 ], [ 119.044131439001106, 37.713798360799551 ], [ 119.044118841824201, 37.705468491596463 ], [ 119.044100099861396, 37.692972991810329 ], [ 119.046716671450199, 37.684641016893792 ], [ 119.0598554332839, 37.676303634465469 ], [ 119.062484831131798, 37.674222151830769 ], [ 119.078246965486201, 37.665876013171683 ], [ 119.088757561343698, 37.661701068629867 ], [ 119.101896508193306, 37.657522702286428 ], [ 119.117658555150896, 37.651256655103957 ], [ 119.138682994118895, 37.649143276775661 ], [ 119.159706269318093, 37.644950162191847 ], [ 119.175472974163597, 37.642839306911902 ], [ 119.191245854801707, 37.64280783947644 ], [ 119.204389761239597, 37.642781563545817 ], [ 119.214904872519497, 37.64275942782924 ], [ 119.228056027205497, 37.644814046446882 ], [ 119.238586283249603, 37.64895679858467 ], [ 119.251746685753204, 37.653092098671593 ], [ 119.267553432864503, 37.661385703402509 ], [ 119.275458231395206, 37.665529963120058 ], [ 119.283363762254695, 37.669673693307487 ], [ 119.291321710817499, 37.686315187224373 ], [ 119.296616894760902, 37.694631136757756 ], [ 119.299282377796203, 37.702954441861657 ], [ 119.301948148816095, 37.711275797236922 ], [ 119.301993456216195, 37.721686373785367 ], [ 119.309952508886894, 37.736235831783247 ], [ 119.312630764157802, 37.746636958484522 ], [ 119.315347183886999, 37.765364335747698 ], [ 119.315394053116904, 37.77577226767621 ], [ 119.320708942373102, 37.78616397708651 ], [ 119.3207545525417, 37.796570528153772 ], [ 119.320833439459406, 37.813218636689207 ], [ 119.320902286366106, 37.827785122791809 ], [ 119.320941446654501, 37.836108886639352 ], [ 119.321019872305598, 37.85275588100496 ], [ 119.321088421423397, 37.867321482062508 ], [ 119.321147247035398, 37.879806037218202 ], [ 119.321207844833907, 37.89228960244354 ], [ 119.321238153097298, 37.898531364425239 ], [ 119.316023996872005, 37.911030720640269 ], [ 119.305503675163493, 37.917303397298568 ], [ 119.289697034673296, 37.921509082761922 ], [ 119.276509142599394, 37.921544525280403 ], [ 119.271233964567202, 37.921558328795989 ], [ 119.250134321527398, 37.921610886004167 ], [ 119.234309973518606, 37.921647554638263 ], [ 119.221122469853896, 37.921677150968669 ], [ 119.210572858782896, 37.92169953390917 ], [ 119.197385879982804, 37.921726159411087 ], [ 119.192111040576705, 37.921736364093263 ], [ 119.176268798002795, 37.915524166800019 ], [ 119.160434120807395, 37.911390713190578 ], [ 119.147248536247005, 37.91141170264806 ], [ 119.1366999857228, 37.911427472223728 ], [ 119.131425590319495, 37.911434957539797 ], [ 119.115606756810095, 37.91353667085113 ], [ 119.112969454610095, 37.913539967928543 ], [ 119.118217442523502, 37.901050065446547 ] ] ] } },
{ "type": "Feature", "properties": { "delta": "Limpopo" }, "geometry": { "type": "Polygon", "coordinates": [ [ [ 33.544480375179752, -25.1816167271758 ], [ 33.541968382853803, -25.18247846073362 ], [ 33.539203141753958, -25.18342657197066 ], [ 33.537193148058172, -25.184117010452571 ], [ 33.532455841701747, -25.186521034075199 ], [ 33.527611136838942, -25.18870656761591 ], [ 33.523716928124408, -25.191083943299709 ], [ 33.520990489201289, -25.192797623371241 ], [ 33.517503179625457, -25.194774710967991 ], [ 33.514613222449753, -25.196807155483452 ], [ 33.511190412219847, -25.198240121213772 ], [ 33.507673980637414, -25.199444803465621 ], [ 33.502890658363093, -25.201085942653371 ], [ 33.500878285630343, -25.201775968230791 ], [ 33.496601316498371, -25.20324245481503 ], [ 33.490509451118129, -25.20584916924404 ], [ 33.485235728202262, -25.207654743295649 ], [ 33.480119261649143, -25.209145750052809 ], [ 33.47575318430836, -25.210380623015109 ], [ 33.47223508846681, -25.21158525969561 ], [ 33.470476085292248, -25.21218751928275 ], [ 33.468968360024718, -25.212703735554189 ], [ 33.467209394266511, -25.213305915688579 ], [ 33.465891294375943, -25.21427734123758 ], [ 33.465014048157052, -25.21561801642379 ], [ 33.464077199127772, -25.217499056815111 ], [ 33.463987555577972, -25.219350328538791 ], [ 33.464458740380657, -25.220490117449401 ], [ 33.465217204017833, -25.22231158785851 ], [ 33.466034990429407, -25.223593276612679 ], [ 33.467506283771911, -25.224393062448531 ], [ 33.470414097492998, -25.225225391178451 ], [ 33.471860580190963, -25.225251084922061 ], [ 33.473057500188148, -25.225361737064791 ], [ 33.47466186963625, -25.225072042967149 ], [ 33.475920078061577, -25.224641011813471 ], [ 33.477684820096158, -25.22403548517412 ], [ 33.479953038934028, -25.223256920894631 ], [ 33.481717000168857, -25.2226514002563 ], [ 33.48442481759102, -25.222243225538829 ], [ 33.486971418885481, -25.222152624645901 ], [ 33.490077593651101, -25.221352110284268 ], [ 33.491838672848047, -25.220748649674022 ], [ 33.49558525851468, -25.220765845317239 ], [ 33.49759772997534, -25.220075769533789 ], [ 33.499453921424077, -25.219700376836499 ], [ 33.50241154395227, -25.219206443215629 ], [ 33.504927418846407, -25.218343805447489 ], [ 33.507442880137667, -25.21748131600781 ], [ 33.51020993730473, -25.216533455746081 ], [ 33.512976596033582, -25.21558448398212 ], [ 33.514832541235023, -25.215208339412658 ], [ 33.517035217323652, -25.214973474007319 ], [ 33.519298938928117, -25.214196852157649 ], [ 33.521813609713242, -25.213334990709932 ], [ 33.525334379349196, -25.21212750704349 ], [ 33.527849062517767, -25.21126560158315 ], [ 33.530112100959272, -25.2104893141437 ], [ 33.531369557440627, -25.210057902958429 ], [ 33.533129841755773, -25.209454107946058 ], [ 33.53514152738812, -25.20876405023073 ], [ 33.537404524633992, -25.207987756967661 ], [ 33.539163480770647, -25.207386879567771 ], [ 33.5399802210041, -25.206583266266701 ], [ 33.541958162424251, -25.205126166013901 ], [ 33.543431766252851, -25.203838987974361 ], [ 33.544809904102387, -25.202324134064831 ], [ 33.54628409797219, -25.20103687236848 ], [ 33.547506746397872, -25.199836001952178 ], [ 33.548980638414648, -25.19854942339386 ], [ 33.550142249336297, -25.197891362308209 ], [ 33.551425362664958, -25.19615077668545 ], [ 33.553401962703951, -25.19469238188908 ], [ 33.554875747983132, -25.193405990924269 ], [ 33.556002372367153, -25.19197578107531 ], [ 33.557094500646663, -25.18977746355915 ], [ 33.557872863614982, -25.188203902603789 ], [ 33.557958255682159, -25.18634892641008 ], [ 33.557887956935772, -25.184809103972931 ], [ 33.55772228805786, -25.183042300974641 ], [ 33.557150151614387, -25.181676594163822 ], [ 33.556675273528413, -25.180545908477281 ], [ 33.555064613544978, -25.178757303188881 ], [ 33.553741446807919, -25.177653739241929 ], [ 33.552355823939358, -25.177092889842129 ], [ 33.550562733535543, -25.17692821857861 ], [ 33.549020101706724, -25.17667728756718 ], [ 33.548422492356359, -25.176622252568521 ], [ 33.546568916550768, -25.17699818185821 ], [ 33.544810603435877, -25.177601460804699 ], [ 33.54324289069028, -25.178659826376141 ], [ 33.543181943683592, -25.1792009382415 ], [ 33.544480375179752, -25.1816167271758 ] ] ] } },
{ "type": "Feature", "properties": { "delta": "Chao Phraya" }, "geometry": { "type": "Polygon", "coordinates": [ [ [ 100.551728617175115, 13.632646534663312 ], [ 100.548756511196999, 13.63514226687909 ], [ 100.554294583262603, 13.640330976060749 ], [ 100.563139946176094, 13.640953126215059 ], [ 100.570019492807006, 13.641436763824309 ], [ 100.575915563426307, 13.641851478861041 ], [ 100.580972229340603, 13.640287422466839 ], [ 100.583295776888207, 13.635652066155 ], [ 100.586673400895293, 13.630131146322549 ], [ 100.588014642316494, 13.62542646442947 ], [ 100.589354455990701, 13.62072292178765 ], [ 100.591604904776702, 13.6170428661037 ], [ 100.5927300950313, 13.6152028783281 ], [ 100.595123145618999, 13.609613944039261 ], [ 100.599339087129707, 13.60607172038757 ], [ 100.606717757949994, 13.59987252607557 ], [ 100.610861553894594, 13.597285022371009 ], [ 100.616342119232399, 13.589995032266151 ], [ 100.622875464980098, 13.581819763031969 ], [ 100.629266882414797, 13.575551807571721 ], [ 100.632569927665401, 13.57098866924707 ], [ 100.636783426533896, 13.567446173002081 ], [ 100.644012525096102, 13.563157454361679 ], [ 100.646189704700902, 13.56043235755317 ], [ 100.651312279319598, 13.55791425514794 ], [ 100.656576893796, 13.553487426398609 ], [ 100.660717270157605, 13.550900262265539 ], [ 100.668713458958706, 13.54954320522495 ], [ 100.676567492583303, 13.550094485011931 ], [ 100.688348074290403, 13.55092095424515 ], [ 100.6992883245711, 13.549769389052001 ], [ 100.707212531194699, 13.549365467513351 ], [ 100.714225745267996, 13.547938228012519 ], [ 100.720186326147399, 13.547396397924221 ], [ 100.728180549207394, 13.546037541001979 ], [ 100.734494153342496, 13.540724117802799 ], [ 100.738632378839895, 13.538136051525161 ], [ 100.743681360441101, 13.536570832631661 ], [ 100.750064595850901, 13.530303008633551 ], [ 100.754766808674901, 13.520080780956119 ], [ 100.755331281566697, 13.512446776435119 ], [ 100.756036810803096, 13.50290420382971 ], [ 100.7538688134415, 13.492201540043149 ], [ 100.751279630831704, 13.48722459933918 ], [ 100.745671642612606, 13.48299476698609 ], [ 100.739783661218596, 13.48258249423777 ], [ 100.736839655745001, 13.482376350668151 ], [ 100.729899675653996, 13.482849545364861 ], [ 100.726885065636196, 13.483597616800511 ], [ 100.718956070697402, 13.4840038144057 ], [ 100.711878489573195, 13.486383673474061 ], [ 100.706833352058297, 13.48794669894029 ], [ 100.697859076864404, 13.4892375570303 ], [ 100.693791291828902, 13.49086932182191 ], [ 100.689793199956796, 13.491547749836069 ], [ 100.684604615130098, 13.49502174069575 ], [ 100.679555319624797, 13.49658620695895 ], [ 100.671344878798294, 13.5008025320576 ], [ 100.666155159364706, 13.504276450619029 ], [ 100.660054342983798, 13.506725968492519 ], [ 100.654933551708197, 13.50924380991648 ], [ 100.650936041507094, 13.509922026316611 ], [ 100.644974494017504, 13.510462576046679 ], [ 100.641047610853704, 13.510186221372329 ], [ 100.633193207845395, 13.509631445242359 ], [ 100.626319382978394, 13.50914577400513 ], [ 100.617483561588102, 13.508526010183131 ], [ 100.611592702668602, 13.508111271574929 ], [ 100.606679699637397, 13.50776411700526 ], [ 100.600023174318494, 13.50441600973318 ], [ 100.596237775066001, 13.502230062794469 ], [ 100.591396940035494, 13.500924445660051 ], [ 100.584595517828703, 13.49948643488913 ], [ 100.577721502644394, 13.499004517278889 ], [ 100.570007223555905, 13.496540365817269 ], [ 100.562222018283094, 13.49502830769214 ], [ 100.553594356094905, 13.491540154682991 ], [ 100.5469328266838, 13.488190552845809 ], [ 100.540128353235403, 13.48674958297943 ], [ 100.533322882765404, 13.48530760579092 ], [ 100.524481181055407, 13.484680803831081 ], [ 100.516621064135904, 13.484123130437419 ], [ 100.506794187900795, 13.48341759665184 ], [ 100.495009586533499, 13.48258792758392 ], [ 100.483204544935504, 13.481751163767409 ], [ 100.472394169033905, 13.480982758464849 ], [ 100.466497709864598, 13.48056036591338 ], [ 100.456667205940406, 13.47986367581616 ], [ 100.449785173954893, 13.47937273797212 ], [ 100.442759699688295, 13.48079235833478 ], [ 100.437763392612098, 13.481392912853609 ], [ 100.434745986272802, 13.4821397866378 ], [ 100.427646766680695, 13.484513794111191 ], [ 100.420762226470998, 13.48402288769922 ], [ 100.410923411791302, 13.4833184578914 ], [ 100.399117576568699, 13.482475946008041 ], [ 100.3873092645414, 13.481634192033461 ], [ 100.377468040581604, 13.480931450772079 ], [ 100.371564032571897, 13.48050756932132 ], [ 100.364673981741007, 13.480017517049451 ], [ 100.357779596370307, 13.47952181554257 ], [ 100.349905043539906, 13.47895966961239 ], [ 100.343010318137402, 13.47846545151285 ], [ 100.338012646163705, 13.479066586750729 ], [ 100.333093515055097, 13.478715654666249 ], [ 100.324920062686004, 13.481970561660219 ], [ 100.319923601214796, 13.482572924628791 ], [ 100.307040916183297, 13.482610129617621 ], [ 100.296968369392005, 13.48476925502572 ], [ 100.290837953973707, 13.48721139484649 ], [ 100.285692516296095, 13.489724339054289 ], [ 100.2835760468232, 13.49149399615238 ], [ 100.276094749456007, 13.49864397727146 ], [ 100.274891012816596, 13.50144016563771 ], [ 100.274309952834301, 13.509085278546539 ], [ 100.273728772946797, 13.51673043841075 ], [ 100.275555303218795, 13.518782984788119 ], [ 100.279353774687806, 13.52097669254905 ], [ 100.286254234794598, 13.52147011643787 ], [ 100.292314134266405, 13.51998312926 ], [ 100.295416487736802, 13.518283642710619 ], [ 100.299504535868493, 13.516654749937119 ], [ 100.303737264764706, 13.513114947638581 ], [ 100.307897166675005, 13.510530617013281 ], [ 100.313114776121793, 13.50706164793344 ], [ 100.3200109399871, 13.50755526340517 ], [ 100.324936480913493, 13.50790766111696 ], [ 100.329861727339306, 13.5082599964196 ], [ 100.337741642323607, 13.50882344940009 ], [ 100.344562208982595, 13.510274258421401 ], [ 100.351306592238601, 13.51266951843543 ], [ 100.354265876770796, 13.512884923878021 ], [ 100.365097599961999, 13.513658210640671 ], [ 100.373888102771801, 13.515245151993369 ], [ 100.384715578442695, 13.516018142174801 ], [ 100.396525256621899, 13.51685982536226 ], [ 100.407349348189896, 13.517630835641279 ], [ 100.4158444071265, 13.52303594702412 ], [ 100.420763317143198, 13.52338592272811 ], [ 100.425610122841206, 13.524690648305681 ], [ 100.430456816101298, 13.52599525287482 ], [ 100.436215201262002, 13.52832447414438 ], [ 100.443100513403607, 13.528813600922559 ], [ 100.449002830111795, 13.52923323303094 ], [ 100.454903315878198, 13.52965071297727 ], [ 100.462770460588203, 13.530209537062261 ], [ 100.471547694222593, 13.5317922824905 ], [ 100.481235565095702, 13.534398742420869 ], [ 100.491977333885202, 13.53611983813275 ], [ 100.501663118113299, 13.53872558568391 ], [ 100.508543064785897, 13.539212210274689 ], [ 100.513457042160397, 13.53955996235903 ], [ 100.518370840064307, 13.539907577274199 ], [ 100.522301839430796, 13.540185588005279 ], [ 100.531146159089204, 13.540810909030959 ], [ 100.540061706869807, 13.540481352651719 ], [ 100.546939592663094, 13.54096732334065 ], [ 100.551994817311595, 13.539405140386229 ], [ 100.560834925959, 13.54002955738591 ], [ 100.564763750117507, 13.540306940810851 ], [ 100.567496413855096, 13.543378307754351 ], [ 100.568890397671893, 13.551152587785619 ], [ 100.568462559767895, 13.55687933488351 ], [ 100.568033416847697, 13.56260618920394 ], [ 100.567675831509504, 13.56737864569059 ], [ 100.566049530012805, 13.57589990861686 ], [ 100.563798273838103, 13.5795795413873 ], [ 100.562672459615499, 13.58141942285064 ], [ 100.558240404564302, 13.58782443412662 ], [ 100.556131745486596, 13.58959513078317 ], [ 100.553040321874093, 13.5912966610569 ], [ 100.547144180214005, 13.590881204842709 ], [ 100.541943082218495, 13.594353565117091 ], [ 100.537509087183693, 13.60075922534323 ], [ 100.537221921904504, 13.604577952046331 ], [ 100.536934688204994, 13.60839675102349 ], [ 100.536791025122497, 13.610306136345789 ], [ 100.536432567012895, 13.615079274879649 ], [ 100.540702017608993, 13.62401715774935 ], [ 100.546167202452096, 13.630161102339329 ], [ 100.551728617175115, 13.632646534663312 ] ] ] } },
{ "type": "Feature", "properties": { "delta": "Parana-Plata" }, "geometry": { "type": "Polygon", "coordinates": [ [ [ -58.589393834198361, -33.749044110468688 ], [ -58.589413497661909, -33.759451172967651 ], [ -58.590893061015556, -33.775876933360237 ], [ -58.59192879252037, -33.800714234491018 ], [ -58.592444995666128, -33.813133836916343 ], [ -58.593476713486901, -33.837972074305469 ], [ -58.586794112829388, -33.86202740997031 ], [ -58.584475549792067, -33.893679535101668 ], [ -58.58352860120528, -33.900091096653703 ], [ -58.58356022209982, -33.910505744069219 ], [ -58.585998854200056, -33.920515159914537 ], [ -58.576898514679087, -33.944970579084277 ], [ -58.574059664497263, -33.964202900423267 ], [ -58.570731804807551, -33.981431907875212 ], [ -58.568348466383007, -33.9922525566204 ], [ -58.565462252617557, -34.0010392864219 ], [ -58.566486112783409, -34.015480216356892 ], [ -58.565573200941273, -34.032302100369392 ], [ -58.565606871030788, -34.042714493526681 ], [ -58.565646623154578, -34.053136558946939 ], [ -58.566207954161278, -34.075966347442296 ], [ -58.567226603301727, -34.090381914121167 ], [ -58.56873015955864, -34.106800222620009 ], [ -58.570697373746711, -34.114808279358918 ], [ -58.574639410975223, -34.130825666729343 ], [ -58.576607687505977, -34.138833279455469 ], [ -58.580051544631878, -34.152845738444427 ], [ -58.582513145376581, -34.162856004830033 ], [ -58.587438711046232, -34.182877300636619 ], [ -58.590399576667487, -34.194891370141463 ], [ -58.594349353570522, -34.21091172228347 ], [ -58.599775573960862, -34.23294169595377 ], [ -58.605698822419598, -34.256972634399482 ], [ -58.608661611107458, -34.268988606629613 ], [ -58.609649495197111, -34.272993959318363 ], [ -58.612622639011917, -34.285013808059389 ], [ -58.617527569528981, -34.294626214419459 ], [ -58.621441696745762, -34.300231591288643 ], [ -58.627344252804029, -34.313852313932117 ], [ -58.634683867248462, -34.323061983344523 ], [ -58.638603146872271, -34.328669224276062 ], [ -58.639159202305407, -34.341100842475022 ], [ -58.636788997161801, -34.351934297475388 ], [ -58.630056539970049, -34.365583403053627 ], [ -58.624757463140057, -34.374817244143777 ], [ -58.618464206785539, -34.380041997783202 ], [ -58.610734046791777, -34.389681962732723 ], [ -58.60300225975643, -34.399321439992612 ], [ -58.591350350339198, -34.403350456914737 ], [ -58.582127216823068, -34.406973746955757 ], [ -58.57875315059993, -34.413796064007087 ], [ -58.570516030415313, -34.421425457033173 ], [ -58.561287802030101, -34.425044689244167 ], [ -58.543324082112093, -34.434285120727758 ], [ -58.538461864041572, -34.435090986353998 ], [ -58.522985176376707, -34.443966788533061 ], [ -58.511800870557423, -34.449970808875172 ], [ -58.50252286224179, -34.453596795309203 ], [ -58.48947509184601, -34.462035107726649 ], [ -58.4793273247071, -34.472033173469413 ], [ -58.467632077400367, -34.476094661413732 ], [ -58.458400613416977, -34.479712713784487 ], [ -58.438956238482213, -34.48293317913145 ], [ -58.425316493880331, -34.47893164124708 ], [ -58.404351943499897, -34.455256310458338 ], [ -58.391691426048432, -34.44482877748576 ], [ -58.384868018816547, -34.437611142580259 ], [ -58.377560916793648, -34.428387344194853 ], [ -58.360526723093948, -34.410337950376217 ], [ -58.353699270002267, -34.392693726865481 ], [ -58.33667962707294, -34.374654204325452 ], [ -58.323087554027182, -34.360219572151017 ], [ -58.313363666552419, -34.351405346062208 ], [ -58.303652438959837, -34.342584886381772 ], [ -58.283265519367397, -34.331347730245902 ], [ -58.268226983600883, -34.321322106565653 ], [ -58.261442464446048, -34.314102429952698 ], [ -58.255622399967251, -34.310903036030147 ], [ -58.240109098595113, -34.298868862014103 ], [ -58.237200410270709, -34.297263824846297 ], [ -58.228964471421648, -34.284040293396778 ], [ -58.218771020359611, -34.273213840622653 ], [ -58.213459615517458, -34.261592288101482 ], [ -58.201842970145456, -34.244761229719408 ], [ -58.197991434663869, -34.228735985794501 ], [ -58.196544229709197, -34.222727145921432 ], [ -58.194143681479282, -34.212710845034152 ], [ -58.192690299296963, -34.206704468765977 ], [ -58.187839417183604, -34.186692278482468 ], [ -58.188360793983243, -34.178274850885238 ], [ -58.193694296958157, -34.169070914943028 ], [ -58.19854304370795, -34.157865133115031 ], [ -58.201940034325531, -34.151059456458533 ], [ -58.205331542694303, -34.14425730332313 ], [ -58.209235052386099, -34.129064339738377 ], [ -58.210172069801381, -34.122618842391581 ], [ -58.213079680053347, -34.1138245724824 ], [ -58.217914232478392, -34.102626222400211 ], [ -58.222258765732128, -34.089428227697937 ], [ -58.22326657659633, -34.083010412929113 ], [ -58.221820002797529, -34.07700536255858 ], [ -58.226184328467383, -34.063794979574872 ], [ -58.232957889998907, -34.050190484888553 ], [ -58.240693977884384, -34.0405833922268 ], [ -58.249877955814377, -34.026577796351177 ], [ -58.2518107809817, -34.024176825314029 ], [ -58.271131463893461, -34.010562802521733 ], [ -58.279833852200291, -34.004963566105111 ], [ -58.293842520699918, -34.000561134906697 ], [ -58.303033375837117, -33.996966490324603 ], [ -58.3117290494258, -33.991360901140361 ], [ -58.323319344274942, -33.987343668527487 ], [ -58.333938289689698, -33.979336280361572 ], [ -58.342139721403683, -33.97172880715641 ], [ -58.349861139910359, -33.9621184483631 ], [ -58.360481465204209, -33.954120641218623 ], [ -58.371082798503409, -33.94609403309822 ], [ -58.377333440151133, -33.930478098681952 ], [ -58.384088186812782, -33.927270046747772 ], [ -58.389396651813918, -33.918056275011907 ], [ -58.402428458476969, -33.90963401994204 ], [ -58.412560430724092, -33.899611275385013 ], [ -58.418345607541042, -33.892394160594542 ], [ -58.42267528863573, -33.879174088270901 ], [ -58.42314851852305, -33.870763945492527 ], [ -58.423136636329481, -33.860351733735158 ], [ -58.422155555652097, -33.845936004964017 ], [ -58.424070815995229, -33.833117830747007 ], [ -58.422616600589159, -33.827112382083719 ], [ -58.422604453365373, -33.816699371866839 ], [ -58.42114203009703, -33.800281313541952 ], [ -58.42547341499391, -33.787054138779233 ], [ -58.426431480350018, -33.78064344494485 ], [ -58.428320396762572, -33.767815264828343 ], [ -58.432173783141053, -33.763000750763418 ], [ -58.430734594061413, -33.746580483476848 ], [ -58.431209806853552, -33.738164969559747 ], [ -58.43168492569756, -33.729749321225498 ], [ -58.429750496583779, -33.721738376610283 ], [ -58.425882039479099, -33.705716185706343 ], [ -58.422498410505867, -33.691695936093048 ], [ -58.419115675609369, -33.677675083332808 ], [ -58.422483091528328, -33.670855142789129 ], [ -58.435464521368488, -33.651990588182016 ], [ -58.440761756422177, -33.642768539240791 ], [ -58.45134849467113, -33.634724146748923 ], [ -58.466749437675489, -33.625871108905201 ], [ -58.471563771452587, -33.625058777977372 ], [ -58.49082127868801, -33.621807243472936 ], [ -58.51007718768907, -33.618559389979772 ], [ -58.55294478805606, -33.619645425031322 ], [ -58.591492724646812, -33.623531430272273 ], [ -58.604021893086028, -33.623489196942522 ], [ -58.61463118811578, -33.625863330499953 ], [ -58.637310112705663, -33.63661159397315 ], [ -58.653259129934533, -33.650585627621133 ], [ -58.659096920423138, -33.664213001161073 ], [ -58.656217914439353, -33.67302976887472 ], [ -58.654784349205777, -33.677444948865741 ], [ -58.64035222725866, -33.690333101124097 ], [ -58.635532143892327, -33.69115037432357 ], [ -58.625918680074193, -33.70321124249125 ], [ -58.614865813209903, -33.719682967047831 ], [ -58.607661293375173, -33.731336641704416 ], [ -58.594168793919913, -33.737788014781707 ], [ -58.589393834198361, -33.749044110468688 ] ] ] } },
{ "type": "Feature", "properties": { "delta": "Sacramento" }, "geometry": { "type": "Polygon", "coordinates": [ [ [ -121.715826065383197, 38.108171350393462 ], [ -121.718049921306601, 38.105444748111928 ], [ -121.723103791951999, 38.102784329462168 ], [ -121.727164952119196, 38.100209978913703 ], [ -121.735563187022194, 38.095502553392578 ], [ -121.7407769263951, 38.092504993395558 ], [ -121.750896358947301, 38.087167707083033 ], [ -121.759018827928799, 38.082012409672068 ], [ -121.766213216408801, 38.078842008196823 ], [ -121.771379885788306, 38.076957381332861 ], [ -121.775969423962096, 38.075282993596502 ], [ -121.784687076538802, 38.072926872452669 ], [ -121.794664025288398, 38.070931514965793 ], [ -121.806668789379501, 38.067643502754272 ], [ -121.825553568198401, 38.061859526330707 ], [ -121.831401771281705, 38.060547016081003 ], [ -121.834955542909697, 38.060072187390332 ], [ -121.837515924772603, 38.059685735673661 ], [ -121.840762228402099, 38.059871753877573 ], [ -121.844162358427099, 38.059727393161722 ], [ -121.847408785280393, 38.059913284925003 ], [ -121.849508124246199, 38.060518280065168 ], [ -121.851187647979302, 38.061002283842079 ], [ -121.852867206363001, 38.06148621008893 ], [ -121.858746137553595, 38.063180853084887 ], [ -121.861265926646695, 38.063905902555227 ], [ -121.867984637167595, 38.065840943590267 ], [ -121.870924261145205, 38.066687238048978 ], [ -121.874704775056003, 38.067776562533808 ], [ -121.877644437550799, 38.06862250534752 ], [ -121.880164302540294, 38.069347811450392 ], [ -121.882111674688403, 38.070283499734082 ], [ -121.884479322014101, 38.071340165470453 ], [ -121.8873782290256, 38.073301094518797 ], [ -121.890279517590898, 38.07525889127254 ], [ -121.894060860884196, 38.07634692500023 ], [ -121.897422290245402, 38.077313475877773 ], [ -121.899523145136499, 38.077917934178771 ], [ -121.901623782203004, 38.078522040996603 ], [ -121.904564246530398, 38.079368148599457 ], [ -121.907352457773698, 38.080544988940353 ], [ -121.911554999343096, 38.081753597731598 ], [ -121.915871319818606, 38.083744411504412 ], [ -121.918813454979897, 38.084590276963091 ], [ -121.921755788449602, 38.085435884847932 ], [ -121.923170101377494, 38.085467546345733 ], [ -121.9279865116618, 38.085352350177828 ], [ -121.931962059921204, 38.084995294502441 ], [ -121.934256422564602, 38.084155175597139 ], [ -121.938691701874703, 38.082805543581422 ], [ -121.941712736364295, 38.081424394314887 ], [ -121.943433359777302, 38.08079413314892 ], [ -121.944466576838906, 38.079591636833477 ], [ -121.945499687703901, 38.078389190628499 ], [ -121.947106522481505, 38.076976666370868 ], [ -121.948600307841602, 38.074782199049913 ], [ -121.949940965962995, 38.072918535658488 ], [ -121.953309726083603, 38.069763326488108 ], [ -121.954343551386202, 38.0685610254408 ], [ -121.955951174690298, 38.067148706277749 ], [ -121.957751123589603, 38.064292411075812 ], [ -121.958823538312203, 38.061976795977152 ], [ -121.959589484958201, 38.060322756766183 ], [ -121.958253685376903, 38.058065388109839 ], [ -121.956038097423701, 38.056679708625538 ], [ -121.954395381128606, 38.055083764590051 ], [ -121.953020004195395, 38.053939316263254 ], [ -121.951377392370404, 38.052343369458178 ], [ -121.949428825404098, 38.051409051518483 ], [ -121.946640527596401, 38.05023351817114 ], [ -121.945266145186693, 38.049089208252703 ], [ -121.943738808534306, 38.048275709937897 ], [ -121.940951341281803, 38.04710012853355 ], [ -121.936750503536601, 38.045893066655907 ], [ -121.932855594517093, 38.044024323533193 ], [ -121.928234448232999, 38.042696227298933 ], [ -121.925713865657698, 38.041971849213184 ], [ -121.922773002648597, 38.041126499096848 ], [ -121.918572870336106, 38.039918933373812 ], [ -121.914373978808001, 38.038711388721893 ], [ -121.909448534488604, 38.038044207928593 ], [ -121.904789680721805, 38.037828384796839 ], [ -121.901697536912707, 38.037313206164541 ], [ -121.898758270826306, 38.036467907645672 ], [ -121.895358744678404, 38.036614744034317 ], [ -121.891949915734898, 38.036758342473021 ], [ -121.887714121738099, 38.036663112131258 ], [ -121.882751834708301, 38.037108252333823 ], [ -121.878359764671004, 38.037342733444653 ], [ -121.874807099792704, 38.037818908381773 ], [ -121.871254466850004, 38.038294953027723 ], [ -121.868275136359898, 38.038561241341966 ], [ -121.865869101249999, 38.038617770647527 ], [ -121.863463016931206, 38.038674211971639 ], [ -121.860063962992299, 38.03881956412193 ], [ -121.857658116090903, 38.038875935472369 ], [ -121.853952409145293, 38.039682020572073 ], [ -121.850860852420197, 38.039165897878988 ], [ -121.846622661306697, 38.03906887835776 ], [ -121.843684732748201, 38.038221982585263 ], [ -121.8420059226722, 38.037738014207306 ], [ -121.839068019745298, 38.036890941244209 ], [ -121.835290759018093, 38.035801871819757 ], [ -121.834031669651296, 38.035438753960342 ], [ -121.831247480949799, 38.034260826887348 ], [ -121.826784674520098, 38.032598496827397 ], [ -121.823734842558295, 38.030968786434563 ], [ -121.820839069761206, 38.029008510390589 ], [ -121.817636070558507, 38.027709487212192 ], [ -121.814167239775799, 38.025958545081103 ], [ -121.812069312355803, 38.02535302331836 ], [ -121.809971380048296, 38.024747444952588 ], [ -121.806768590433506, 38.023447939074742 ], [ -121.805090324428207, 38.022963388016393 ], [ -121.804251180757504, 38.022721110169037 ], [ -121.802572937999102, 38.022236565130811 ], [ -121.800628950531603, 38.021300275606222 ], [ -121.798531223908796, 38.020694506525921 ], [ -121.795174890302206, 38.019725147571577 ], [ -121.792657681315006, 38.018998067465468 ], [ -121.790560042820204, 38.018392125034879 ], [ -121.788308791880098, 38.018116666457423 ], [ -121.785329839524806, 38.018380894432468 ], [ -121.784071673825096, 38.01801729571855 ], [ -121.781247027910496, 38.017950989142712 ], [ -121.778267686823796, 38.018214980265377 ], [ -121.775288815996007, 38.018478971934279 ], [ -121.772883979652093, 38.018534108019701 ], [ -121.769596765097305, 38.01945835392619 ], [ -121.766464109347496, 38.02005265052675 ], [ -121.762757919943297, 38.020856033488762 ], [ -121.759779234044302, 38.021119638489132 ], [ -121.757528115715203, 38.020843604900229 ], [ -121.755122964452895, 38.020897958279619 ], [ -121.752983077684902, 38.021404050691899 ], [ -121.749010646130699, 38.021755874377128 ], [ -121.745192542788004, 38.021775110829708 ], [ -121.7421015813743, 38.021256920945682 ], [ -121.739960666518101, 38.02176277380056 ], [ -121.738701970049902, 38.021398642690073 ], [ -121.736493018130403, 38.020009427394889 ], [ -121.734592691722497, 38.017959318833867 ], [ -121.733334014788596, 38.017595111931627 ], [ -121.731501578894793, 38.01743986911989 ], [ -121.727597405702397, 38.019685300257059 ], [ -121.725147466653496, 38.020851705623237 ], [ -121.722543756671499, 38.022347612583637 ], [ -121.719982883565294, 38.022732604040833 ], [ -121.717267335663195, 38.023447209603432 ], [ -121.714971688691506, 38.024282335455467 ], [ -121.713254225445993, 38.024909267502743 ], [ -121.711530697072305, 38.025537235676197 ], [ -121.708969578498994, 38.025921169663427 ], [ -121.707092557321801, 38.026878041272653 ], [ -121.703495563635798, 38.028460857723488 ], [ -121.700890417907601, 38.029958376032901 ], [ -121.698285747632099, 38.031455032261718 ], [ -121.694798367744696, 38.033820803689281 ], [ -121.692921698625298, 38.034777964294193 ], [ -121.691884323759894, 38.03597821252562 ], [ -121.690692484416104, 38.037508964935277 ], [ -121.689080894607699, 38.03891808622388 ], [ -121.687579991510106, 38.041109762198033 ], [ -121.686541923605404, 38.042310180974553 ], [ -121.684929917622199, 38.043719407027822 ], [ -121.683274190063599, 38.046240720856602 ], [ -121.682502104207899, 38.047893333315812 ], [ -121.681309668827197, 38.049424048146747 ], [ -121.679918645167604, 38.052397978182768 ], [ -121.678836834194996, 38.054711001990007 ], [ -121.678070262487594, 38.056361605185209 ], [ -121.677446260608406, 38.057685008993872 ], [ -121.676363968290303, 38.059996882308937 ], [ -121.676121287129206, 38.062554047897727 ], [ -121.676607887688206, 38.064571546437953 ], [ -121.678426155569696, 38.068845371245537 ], [ -121.678752486514099, 38.071197414500944 ], [ -121.679548146882894, 38.072553449972062 ], [ -121.6801892255057, 38.074239966507037 ], [ -121.681095037411495, 38.07638059224864 ], [ -121.682424303535697, 38.078637671620378 ], [ -121.684436310591593, 38.081468455265153 ], [ -121.685916069865002, 38.083401209915237 ], [ -121.6878165192133, 38.085454109074213 ], [ -121.689983121222198, 38.087956383593337 ], [ -121.692569762871003, 38.090582299078513 ], [ -121.694780510297704, 38.091972475242393 ], [ -121.696725841284504, 38.09291053424743 ], [ -121.697256609233705, 38.093814590212389 ], [ -121.700307448816204, 38.095447569338951 ], [ -121.702319275122903, 38.098282319187327 ], [ -121.703802646728406, 38.10020863152458 ], [ -121.704492493779, 38.100781601831528 ], [ -121.706236143088105, 38.103165008187801 ], [ -121.707610840729004, 38.104309280418732 ], [ -121.709826458324301, 38.105695655486073 ], [ -121.711160531993499, 38.107950329564197 ], [ -121.712268288647607, 38.108643336108187 ], [ -121.713222319534907, 38.109666131545957 ], [ -121.715826065383197, 38.108171350393462 ] ] ] } },
{ "type": "Feature", "properties": { "delta": "Indus" }, "geometry": { "type": "Polygon", "coordinates": [ [ [ 68.805537642204328, 23.963254525300311 ], [ 68.824147208684749, 23.960395934582412 ], [ 68.839658318151578, 23.960367790246242 ], [ 68.852068742748841, 23.96034421923617 ], [ 68.867594502007151, 23.971622904363571 ], [ 68.87691585415736, 23.98291437867849 ], [ 68.892449788454172, 23.99419321513162 ], [ 68.904879479035529, 24.00265055110026 ], [ 68.914219304689794, 24.016768923844491 ], [ 68.917334656468967, 24.022417790062729 ], [ 68.932906778994081, 24.042179274679629 ], [ 68.942252866188568, 24.05347111825332 ], [ 68.948493314858936, 24.067598331328821 ], [ 68.951619833739841, 24.078904389512829 ], [ 68.957882015932, 24.09585985753565 ], [ 68.964114443029672, 24.09867520296778 ], [ 68.967277702088225, 24.118466690495019 ], [ 68.967306646726655, 24.12977995109468 ], [ 68.967350020557035, 24.146749931443271 ], [ 68.970486071163037, 24.15522959341714 ], [ 68.970537034488657, 24.175028715119758 ], [ 68.973681623259111, 24.186337655472592 ], [ 68.97371792956362, 24.20048030138463 ], [ 68.973761504533513, 24.21745186127611 ], [ 68.973812278917805, 24.237252046132578 ], [ 68.970738712553612, 24.254227476890339 ], [ 68.961459241283706, 24.274041110510201 ], [ 68.955256698980435, 24.28253460809027 ], [ 68.942839736365244, 24.296690495762238 ], [ 68.933529375765559, 24.30801337291501 ], [ 68.924217914343771, 24.319335037712349 ], [ 68.911779146593688, 24.327827428690458 ], [ 68.902468877005859, 24.339146676434311 ], [ 68.890031385202533, 24.34480995226544 ], [ 68.871367067874985, 24.350473197962799 ], [ 68.858922170130256, 24.35330398643142 ], [ 68.824704589037552, 24.36178942172965 ], [ 68.796721692502771, 24.37309464799824 ], [ 68.762517388725257, 24.384388420484498 ], [ 68.740750329798047, 24.39002742349086 ], [ 68.728309933782953, 24.390017787496699 ], [ 68.712771276008951, 24.390009274425889 ], [ 68.697234377048431, 24.389999334643669 ], [ 68.684802970306293, 24.387163254474409 ], [ 68.669265784287262, 24.384323251958691 ], [ 68.656835369825927, 24.37865874648886 ], [ 68.644407444023315, 24.372993872124969 ], [ 68.62576893900598, 24.36166983083362 ], [ 68.61334812377558, 24.35882982743744 ], [ 68.597825255407187, 24.358810693929481 ], [ 68.563680650653311, 24.358763097736151 ], [ 68.532657351178315, 24.358720739275029 ], [ 68.510946439158829, 24.35868959002018 ], [ 68.489237459655527, 24.358655258369339 ], [ 68.458220813819764, 24.364250301057741 ], [ 68.4396116535885, 24.367038689784192 ], [ 68.424098938235645, 24.37265580924165 ], [ 68.408590132672103, 24.375446337226389 ], [ 68.380668350189765, 24.383854442787801 ], [ 68.358950437109598, 24.392280869008921 ], [ 68.331015545220481, 24.406339452696631 ], [ 68.315506386483534, 24.409125747264831 ], [ 68.287562462353293, 24.42317659606276 ], [ 68.265840125351417, 24.428765618864752 ], [ 68.244116104348848, 24.434351976414469 ], [ 68.222370473603135, 24.44559051617248 ], [ 68.200662557906654, 24.445522031992539 ], [ 68.178919583106264, 24.453939676658528 ], [ 68.16339940185, 24.456720126794551 ], [ 68.138559087672476, 24.462296579112952 ], [ 68.098145764657446, 24.479126347383851 ], [ 68.063967124152256, 24.487486758508268 ], [ 68.035988358233908, 24.49586366666604 ], [ 68.007996726144626, 24.504247313997571 ], [ 67.992417296088107, 24.51267736428688 ], [ 67.973709335906477, 24.52392435524478 ], [ 67.964352913105444, 24.529547609997881 ], [ 67.954976367395474, 24.537999773659401 ], [ 67.94559993026192, 24.54644862663211 ], [ 67.917497299468536, 24.56613713898728 ], [ 67.908093354444929, 24.577415545872299 ], [ 67.886229620388789, 24.591470744825109 ], [ 67.864357419167291, 24.605525090096311 ], [ 67.851822670038359, 24.6168011166958 ], [ 67.839267219641712, 24.628099468520421 ], [ 67.820449763866634, 24.642214617684751 ], [ 67.807907818678459, 24.65068049058894 ], [ 67.798478443346056, 24.659157927590119 ], [ 67.785901215465429, 24.67046258415245 ], [ 67.76084433848068, 24.68172455456175 ], [ 67.735785346005031, 24.692973145200281 ], [ 67.720107062283844, 24.70141731172324 ], [ 67.704423727710719, 24.709861432645351 ], [ 67.669975816220528, 24.721064865733329 ], [ 67.654260708852561, 24.729525926666192 ], [ 67.625970945347206, 24.743621505918451 ], [ 67.610237972790529, 24.752084934803751 ], [ 67.603916591257303, 24.757742843477988 ], [ 67.591370664035139, 24.76053710003869 ], [ 67.575659024805333, 24.766159976579939 ], [ 67.553682500470401, 24.771757880681271 ], [ 67.537923986394475, 24.780221600954729 ], [ 67.525363376700895, 24.783013365262679 ], [ 67.50337660412599, 24.788599388838069 ], [ 67.487611607867393, 24.79705309103284 ], [ 67.468759336964155, 24.799827574634641 ], [ 67.446762936384928, 24.802589628165549 ], [ 67.424727957375495, 24.80818635577592 ], [ 67.408996864053137, 24.81096705260433 ], [ 67.393293634709963, 24.81090891518949 ], [ 67.364954244345213, 24.816476813099911 ], [ 67.349176513861494, 24.81927803594813 ], [ 67.330248699680553, 24.81925297375323 ], [ 67.314445393144069, 24.822062625251071 ], [ 67.301844529061924, 24.822023938248918 ], [ 67.276641032978077, 24.821938888085299 ], [ 67.264039585148694, 24.821891813327088 ], [ 67.248284377845224, 24.821831458844109 ], [ 67.235677464389227, 24.82178200856389 ], [ 67.21360953536788, 24.82169286350463 ], [ 67.194688340167858, 24.821613850591959 ], [ 67.172606653009382, 24.821518638079059 ], [ 67.144199677651699, 24.821394836271349 ], [ 67.112586312243039, 24.82127285990499 ], [ 67.090446582784381, 24.821183473934848 ], [ 67.071518417649301, 24.81825002974854 ], [ 67.055919170496281, 24.806764298138258 ], [ 67.049645775275962, 24.803881613273251 ], [ 67.03416171003748, 24.786682567415671 ], [ 67.015502288890758, 24.76947198781453 ], [ 67.009512505599503, 24.752319769602941 ], [ 67.009845362063956, 24.735207320549812 ], [ 67.010065020913956, 24.7238017801156 ], [ 67.010455170585644, 24.70384234598869 ], [ 67.017064554421879, 24.689621742138129 ], [ 67.026775810578229, 24.678273191190211 ], [ 67.033322133607427, 24.666909062986718 ], [ 67.043080723877623, 24.652716512172798 ], [ 67.052833863199353, 24.638528110359051 ], [ 67.068931787114238, 24.624365908838609 ], [ 67.078501901302118, 24.618730437898549 ], [ 67.091524510195455, 24.59604418748032 ], [ 67.098006452812555, 24.584714617097131 ], [ 67.11408013542777, 24.56491829175534 ], [ 67.130167161454949, 24.545118509545169 ], [ 67.152830260200602, 24.50831496470143 ], [ 67.162773750549277, 24.477136190823799 ], [ 67.182112369007754, 24.446041086685661 ], [ 67.195046307446944, 24.420596228539999 ], [ 67.211139196063201, 24.392347977394049 ], [ 67.214664682002748, 24.364017180789631 ], [ 67.224341984914673, 24.34424385655521 ], [ 67.230953900037633, 24.318782085034819 ], [ 67.240657790614108, 24.296183897764919 ], [ 67.244111012219662, 24.27070908047757 ], [ 67.247421687819042, 24.2565695447568 ], [ 67.253920844687187, 24.23679258171039 ], [ 67.260484998820488, 24.211353342590169 ], [ 67.270106845106497, 24.19160851877837 ], [ 67.279719874207217, 24.171863230099412 ], [ 67.292439091109983, 24.15215606472546 ], [ 67.295594053269696, 24.149352165748009 ], [ 67.301993128187462, 24.135251108325299 ], [ 67.314756829746074, 24.10988323372219 ], [ 67.327455812893717, 24.090180117439459 ], [ 67.336987329547483, 24.073281123918481 ], [ 67.346484286396915, 24.059213281923839 ], [ 67.352830901423161, 24.047948427836051 ], [ 67.359196856179793, 24.03385321588814 ], [ 67.365615376830206, 24.014097746593599 ], [ 67.378210809795377, 24.00006170721117 ], [ 67.381478064164156, 23.98310826847106 ], [ 67.384694383674045, 23.971815746650559 ], [ 67.391125127458906, 23.94923086262693 ], [ 67.400609303751622, 23.932335882222009 ], [ 67.41003751668103, 23.921100600910599 ], [ 67.416398983086694, 23.904174655498839 ], [ 67.425844757701611, 23.89010917964416 ], [ 67.441503898120416, 23.876102660692339 ], [ 67.463408861040421, 23.856490712919889 ], [ 67.472794034621657, 23.848085586268009 ], [ 67.488455276772086, 23.831247368116479 ], [ 67.507183339430867, 23.817264018769841 ], [ 67.525921092032448, 23.800447158537121 ], [ 67.54149220301349, 23.79209540673261 ], [ 67.557094957307328, 23.778078992539019 ], [ 67.575739938490585, 23.772585259073889 ], [ 67.606879712903122, 23.750207949993399 ], [ 67.628652371624, 23.736237537160481 ], [ 67.650415988634663, 23.722263917172981 ], [ 67.669023640543685, 23.716755046996191 ], [ 67.690746056775097, 23.705599227060361 ], [ 67.715567296051105, 23.69162919996452 ], [ 67.734168240225898, 23.68327434238444 ], [ 67.755843927141441, 23.677774510301919 ], [ 67.777557201033744, 23.663772937907691 ], [ 67.796136964924457, 23.658249971293412 ], [ 67.833327127242455, 23.638700526498901 ], [ 67.855008108188684, 23.627523490015751 ], [ 67.87049742496481, 23.616286743379892 ], [ 67.892144266638169, 23.607916815825551 ], [ 67.904516208665299, 23.60232283996908 ], [ 67.926201923706628, 23.585456192149032 ], [ 67.954043168421521, 23.57145891644862 ], [ 67.972605451432401, 23.560226499658189 ], [ 68.000439981206213, 23.543362280281301 ], [ 68.022098780738091, 23.526453278476492 ], [ 68.043721181299119, 23.518049078590881 ], [ 68.065351990763844, 23.506801283538731 ], [ 68.090064586419061, 23.495563915515319 ], [ 68.102419969829, 23.48994356627345 ], [ 68.124024556323306, 23.484363012457891 ], [ 68.157988790628821, 23.47030666479942 ], [ 68.191940687270645, 23.459063289550681 ], [ 68.222798310516851, 23.450641961715199 ], [ 68.250593272156152, 23.43649518911732 ], [ 68.272202439942475, 23.428021145837739 ], [ 68.293821580252711, 23.41670040871383 ], [ 68.309254830328399, 23.411048826464899 ], [ 68.333956150876261, 23.399727140307611 ], [ 68.3617522485645, 23.385552331251962 ], [ 68.389515694892253, 23.382742578956449 ], [ 68.401866182213482, 23.37705934353929 ], [ 68.432725883996326, 23.368540113661329 ], [ 68.466699015437413, 23.359997316664 ], [ 68.488300742116365, 23.357146931072212 ], [ 68.509918872040416, 23.35143887311644 ], [ 68.537691219977887, 23.351416051768609 ], [ 68.559297854076945, 23.35138655781827 ], [ 68.577799981024086, 23.357055506907638 ], [ 68.593195363320746, 23.36842516284587 ], [ 68.605525337128924, 23.374101146590579 ], [ 68.620914714412564, 23.38831039019119 ], [ 68.636297010133958, 23.405360292552739 ], [ 68.639365966558188, 23.411046363167319 ], [ 68.648563117392825, 23.43094745236689 ], [ 68.654691513630297, 23.445160090547901 ], [ 68.660790713858276, 23.465072970834861 ], [ 68.66687246470191, 23.48783346316894 ], [ 68.666849450635894, 23.493523469794109 ], [ 68.666803420065406, 23.504902142372028 ], [ 68.666722777704948, 23.5248092809206 ], [ 68.666665213000243, 23.539024387864131 ], [ 68.666619057286141, 23.55039399017322 ], [ 68.666576165996361, 23.575892525923059 ], [ 68.666572534355367, 23.578723715080091 ], [ 68.660377447543581, 23.595714697892209 ], [ 68.660359777252253, 23.609868797063388 ], [ 68.657250898026163, 23.626854584021221 ], [ 68.647969227466092, 23.641012175978641 ], [ 68.644847374697292, 23.660831447036291 ], [ 68.635533407836888, 23.686319024644462 ], [ 68.62932313929646, 23.703307363913879 ], [ 68.626212440800415, 23.71463047435925 ], [ 68.623096452104761, 23.728782489300421 ], [ 68.616895234035454, 23.740105038317068 ], [ 68.613786109456626, 23.751422165681909 ], [ 68.610663870023188, 23.774046358016658 ], [ 68.604471056077458, 23.78253298167273 ], [ 68.592066727093055, 23.80516303933598 ], [ 68.585863804663177, 23.816475844406881 ], [ 68.582747204505608, 23.83061326892323 ], [ 68.573446466369646, 23.8447508953953 ], [ 68.564129342665595, 23.86736527375632 ], [ 68.557918783396218, 23.881496837290442 ], [ 68.548606628609576, 23.90127502424254 ], [ 68.533116918016603, 23.923866173616421 ], [ 68.530007856555542, 23.935162451452879 ], [ 68.51761600742968, 23.952099799246209 ], [ 68.514510635085827, 23.960569765724649 ], [ 68.508303858349635, 23.974684814680309 ], [ 68.505178375392703, 23.994448756566509 ], [ 68.502071687659026, 24.002917015471461 ], [ 68.50205215045824, 24.014211362118161 ], [ 68.511301180319236, 24.031160572640001 ], [ 68.523654881944182, 24.04246475142266 ], [ 68.539113101375293, 24.0481235459782 ], [ 68.551487532445492, 24.048132036340991 ], [ 68.57005760501481, 24.04814120087298 ], [ 68.582439820923042, 24.04814588895707 ], [ 68.597919100393639, 24.04815034509728 ], [ 68.610303624443219, 24.04815272519032 ], [ 68.619595485360733, 24.045329669789631 ], [ 68.638179712769826, 24.039681340933811 ], [ 68.644375450185635, 24.03685639108452 ], [ 68.662956888041322, 24.036853339667871 ], [ 68.681542281705717, 24.034023121480281 ], [ 68.684641701943008, 24.031197611884661 ], [ 68.70942753899665, 24.019885289171938 ], [ 68.718723666458828, 24.01140368019405 ], [ 68.728018650355395, 24.005746179473839 ], [ 68.746621162521791, 23.99159881020033 ], [ 68.759023441192568, 23.988758461210761 ], [ 68.774527750485547, 23.98591265589603 ], [ 68.786932127540553, 23.98024288896875 ], [ 68.796235432167478, 23.97457611103701 ], [ 68.805538904717523, 23.968908067495079 ], [ 68.805537642204328, 23.963254525300311 ] ] ] } },
{ "type": "Feature", "properties": { "delta": "Mackenzie" }, "geometry": { "type": "Polygon", "coordinates": [ [ [ -134.694014740321791, 68.939998800657492 ], [ -134.700626754095111, 68.945056602297868 ], [ -134.710231320927193, 68.953409328919719 ], [ -134.724112068877389, 68.961990695074022 ], [ -134.732012542494488, 68.963981582260772 ], [ -134.748460625208992, 68.966429215067933 ], [ -134.774094470408613, 68.967798518638816 ], [ -134.80400376754821, 68.969391272298509 ], [ -134.868103209242008, 68.972785934176983 ], [ -134.892494134229111, 68.977203934901652 ], [ -134.937650083818596, 68.984272140945208 ], [ -134.971242553231804, 68.987592397070728 ], [ -134.984075010568091, 68.988260599142677 ], [ -135.001185992995005, 68.989150057605727 ], [ -135.026854711305901, 68.990481050045403 ], [ -135.053758535383508, 68.988740273971828 ], [ -135.105104057599306, 68.991382570125054 ], [ -135.152182772167208, 68.993791392767292 ], [ -135.169305181888888, 68.994664106752026 ], [ -135.191316720574008, 68.994218188751717 ], [ -135.221890417743907, 68.994202910085733 ], [ -135.240826200047991, 68.990464667779506 ], [ -135.2628331995368, 68.990009470987147 ], [ -135.294004044750409, 68.988446463800472 ], [ -135.320292303784612, 68.988198710906957 ], [ -135.333734963474797, 68.987305779218872 ], [ -135.365494780465895, 68.984194751024447 ], [ -135.38321688249971, 68.983510912575611 ], [ -135.40950319048801, 68.983249364843431 ], [ -135.435200155543299, 68.984519401215664 ], [ -135.443767015846589, 68.984941750773842 ], [ -135.473755650545399, 68.986417309181903 ], [ -135.499464896680109, 68.98767779708875 ], [ -135.519139617455295, 68.993333262561904 ], [ -135.535123742580907, 68.997241654458492 ], [ -135.546245008619309, 69.002476456138083 ], [ -135.561662895648197, 69.007919154194909 ], [ -135.563632032262092, 69.014272502606786 ], [ -135.581618529535405, 69.024531195740323 ], [ -135.592767925701509, 69.029764218377721 ], [ -135.59962587451011, 69.034789121783362 ], [ -135.619960612989189, 69.038898860996412 ], [ -135.653773645309712, 69.042088517160522 ], [ -135.683877599679988, 69.043529969470541 ], [ -135.709687564657912, 69.044761695821165 ], [ -135.732341467743311, 69.042710822957119 ], [ -135.747528199222188, 69.037170938401687 ], [ -135.757263632778404, 69.034508183042135 ], [ -135.769838146141211, 69.024152727133583 ], [ -135.780702826467206, 69.018409151804505 ], [ -135.795862037119491, 69.012867770574658 ], [ -135.825032602936005, 69.004855498732169 ], [ -135.840729046023199, 68.997771686534534 ], [ -135.851002468993613, 68.99356085497908 ], [ -135.86183517796951, 68.987811419125947 ], [ -135.877515750788291, 68.980723647920783 ], [ -135.896926094166901, 68.97537199458769 ], [ -135.911078123451887, 68.960390142082673 ], [ -135.93062615343689, 68.942528135146773 ], [ -135.932851267835588, 68.936374494678589 ], [ -135.943657658015496, 68.930616957392004 ], [ -135.947542780825302, 68.919846944520913 ], [ -135.944363333955806, 68.916571939832892 ], [ -135.93911735705899, 68.90694474630395 ], [ -135.924761922066892, 68.89845913715925 ], [ -135.914701614126699, 68.890171131926365 ], [ -135.912094399638789, 68.88535677290912 ], [ -135.898335484934989, 68.875329828079927 ], [ -135.888313645294488, 68.867038276490433 ], [ -135.878299471489697, 68.858745961967273 ], [ -135.872003397102389, 68.852191185716876 ], [ -135.869978284953589, 68.845835794496011 ], [ -135.859983185756903, 68.837541532963485 ], [ -135.8579626279774, 68.831185592365188 ], [ -135.849662596697414, 68.818272940724725 ], [ -135.835429838448391, 68.809775610620818 ], [ -135.830287597757007, 68.800138859751257 ], [ -135.82032978494189, 68.791840230631422 ], [ -135.814071677041397, 68.78528079123474 ], [ -135.798745605265111, 68.779858225562904 ], [ -135.784557225497707, 68.77135537674998 ], [ -135.762438829817995, 68.760909858550718 ], [ -135.743459984633603, 68.753741107226247 ], [ -135.727604143972997, 68.749851992075619 ], [ -135.688562071823497, 68.738583324689955 ], [ -135.660002472302409, 68.734075211592341 ], [ -135.610830533850589, 68.726994152293727 ], [ -135.593873713924296, 68.72616890749724 ], [ -135.56497526355551, 68.734161675237289 ], [ -135.555917796375411, 68.735285571428776 ], [ -135.536063949213286, 68.742146521219965 ], [ -135.499237155116703, 68.748168152547819 ], [ -135.48476731767019, 68.752154412265639 ], [ -135.449671020212293, 68.753550765204196 ], [ -135.439432009142507, 68.757743201024965 ], [ -135.408569895997999, 68.759340956233302 ], [ -135.382536851042687, 68.75960703612887 ], [ -135.355912749748711, 68.761406602940497 ], [ -135.346839513302314, 68.762518390216158 ], [ -135.329878553563987, 68.761664711142345 ], [ -135.308679611147795, 68.76059527164945 ], [ -135.291127406855111, 68.761274555823405 ], [ -135.269932642735711, 68.760199124431182 ], [ -135.240263831675492, 68.75868911711774 ], [ -135.219074086329414, 68.75760783536424 ], [ -135.188209831900991, 68.759162544470684 ], [ -135.157946621685198, 68.759173873483732 ], [ -135.127078873376888, 68.760715216870921 ], [ -135.096814804212613, 68.760714960501033 ], [ -135.058688150145912, 68.758730615213622 ], [ -135.028427063664793, 68.758716798372021 ], [ -135.006024010978109, 68.760678053369702 ], [ -134.976374950353602, 68.759118262473606 ], [ -134.946729370721812, 68.757552863781612 ], [ -134.921321661928914, 68.756206954080469 ], [ -134.887447817265013, 68.754405369692776 ], [ -134.845111087222506, 68.75214320252428 ], [ -134.820961021756489, 68.747710310609889 ], [ -134.793838761443311, 68.739974209031843 ], [ -134.778795428208213, 68.734454792365625 ], [ -134.758901609392808, 68.730239627062417 ], [ -134.73244141068119, 68.720952929323985 ], [ -134.712561901769192, 68.716728879699374 ], [ -134.677046681191314, 68.708504602479238 ], [ -134.669227607350308, 68.706505126615866 ], [ -134.647043957155802, 68.697432336310555 ], [ -134.628462055044793, 68.690123536780121 ], [ -134.605032795157911, 68.68411405032127 ], [ -134.579303260690409, 68.673257130328906 ], [ -134.561393242653509, 68.664401328773678 ], [ -134.550014214109211, 68.66062249069067 ], [ -134.53927767485149, 68.655306514241644 ], [ -134.507462686266507, 68.648806479927174 ], [ -134.479877160451792, 68.642537169676103 ], [ -134.4594480572583, 68.639813747463094 ], [ -134.4487370081942, 68.634489936171335 ], [ -134.420541213145697, 68.629750929754863 ], [ -134.384567162163307, 68.622984038457744 ], [ -134.361874515875087, 68.615385570461228 ], [ -134.354744121185689, 68.611826473284495 ], [ -134.340485548287091, 68.604704936216365 ], [ -134.334656686804095, 68.598067854105309 ], [ -134.32235779698189, 68.586328732777346 ], [ -134.317836110175904, 68.57661277660722 ], [ -134.311368766097303, 68.571509858812888 ], [ -134.306851688651193, 68.561790215111458 ], [ -134.298132950102911, 68.551824056240989 ], [ -134.292320445314203, 68.545176503845624 ], [ -134.281659864932493, 68.539822979042512 ], [ -134.26295040394649, 68.522951921676437 ], [ -134.241668166479286, 68.512239835533677 ], [ -134.229734219949592, 68.509965222635515 ], [ -134.217801992421414, 68.507689689066325 ], [ -134.189072340154212, 68.504417186088347 ], [ -134.163890725971413, 68.502929376161305 ], [ -134.148032820723614, 68.509892805677325 ], [ -134.145408741082093, 68.516054235860452 ], [ -134.136617012232193, 68.526588527972166 ], [ -134.122304122321111, 68.539953191379624 ], [ -134.112164434891014, 68.553555162850884 ], [ -134.099305904140209, 68.563907280412579 ], [ -134.090046519129004, 68.576066415918675 ], [ -134.084997919030513, 68.588469239284066 ], [ -134.080491430425099, 68.599279140358462 ], [ -134.075929995672908, 68.610064023347022 ], [ -134.072017893497787, 68.619305472830661 ], [ -134.076347596407601, 68.628975072410384 ], [ -134.075042866161795, 68.632054706862306 ], [ -134.079376469002398, 68.641724655735544 ], [ -134.090214778158412, 68.656517799487233 ], [ -134.108364168799596, 68.663798262878473 ], [ -134.115377508665489, 68.667329603335233 ], [ -134.128207383728892, 68.677504518638699 ], [ -134.148806161215987, 68.689696812635631 ], [ -134.174240415958195, 68.700572196130352 ], [ -134.207606482967691, 68.713504066215279 ], [ -134.224800224243495, 68.723936537345125 ], [ -134.239745153969608, 68.729515474154738 ], [ -134.257629318986801, 68.738410170514115 ], [ -134.271945567882511, 68.745523620687507 ], [ -134.28433574299271, 68.757248837334359 ], [ -134.307480514343411, 68.774296146929146 ], [ -134.321148691360492, 68.782926987765691 ], [ -134.337762441836588, 68.794864631341454 ], [ -134.358621071209512, 68.807034787245968 ], [ -134.371678621397706, 68.817192950164213 ], [ -134.388913343878187, 68.827568517567201 ], [ -134.397036213017998, 68.839004222023533 ], [ -134.420224696116207, 68.855991807951938 ], [ -134.423178893403502, 68.85929633382662 ], [ -134.433326846703608, 68.866139078219064 ], [ -134.439213814869106, 68.872741367078817 ], [ -134.44870181483131, 68.881111523602527 ], [ -134.45034624560131, 68.887477389117066 ], [ -134.464747314719204, 68.894549100224523 ], [ -134.469999806872494, 68.902682002321882 ], [ -134.483764977418588, 68.911284032783541 ], [ -134.494582598378287, 68.916585299392381 ], [ -134.499849314936597, 68.924716449469642 ], [ -134.520861487928698, 68.936848336382241 ], [ -134.542543723209889, 68.947444994357625 ], [ -134.557656582207898, 68.952975422339307 ], [ -134.577716190812907, 68.957206144320082 ], [ -134.601396199001414, 68.963198408964374 ], [ -134.635521344501711, 68.965051031562709 ], [ -134.651947167684511, 68.967507415861903 ], [ -134.694014740321791, 68.939998800657492 ] ] ] } },
{ "type": "Feature", "properties": { "delta": "Danube" }, "geometry": { "type": "Polygon", "coordinates": [ [ [ 29.730481613450841, 45.478737101786841 ], [ 29.733001307163761, 45.475170528079289 ], [ 29.73805376240778, 45.47101060768459 ], [ 29.743108631693051, 45.469814790847657 ], [ 29.747316598271748, 45.46684419516744 ], [ 29.750677421229469, 45.46209838793596 ], [ 29.754461494173231, 45.458239198205973 ], [ 29.7544550900517, 45.455277136239971 ], [ 29.754025618403201, 45.451427710460592 ], [ 29.753173048211831, 45.446690980788212 ], [ 29.75148103804602, 45.443140957246548 ], [ 29.749782643243201, 45.436629831625623 ], [ 29.748506814679789, 45.431008748510187 ], [ 29.7489167064426, 45.42597605365976 ], [ 29.74974957249762, 45.421830585319313 ], [ 29.748474274941842, 45.416210342089407 ], [ 29.746782941206799, 45.412662901938241 ], [ 29.74593101879708, 45.407929895274158 ], [ 29.744240231167851, 45.404382681866693 ], [ 29.74465043035045, 45.399351424480187 ], [ 29.74464408255545, 45.396392480147611 ], [ 29.743792200556019, 45.39166077653438 ], [ 29.741679216235688, 45.387227968212592 ], [ 29.73956636583463, 45.382795351520812 ], [ 29.73744752406164, 45.375405662744647 ], [ 29.738279433799711, 45.371263612688388 ], [ 29.738689024377649, 45.366235397080779 ], [ 29.73909842153131, 45.361207383672557 ], [ 29.740774706719399, 45.358838458662127 ], [ 29.742443950444809, 45.353512644741883 ], [ 29.74243070202856, 45.347598839281183 ], [ 29.74368386003465, 45.344344274766911 ], [ 29.747034709647309, 45.339606871205319 ], [ 29.748287629703, 45.336352071366143 ], [ 29.749118033850571, 45.332211381140581 ], [ 29.752889727991011, 45.328362768744213 ], [ 29.754979036970251, 45.323923722337582 ], [ 29.754549281466321, 45.320081669654087 ], [ 29.7545344191197, 45.31416963784352 ], [ 29.75244223203298, 45.309766495187908 ], [ 29.751993380923359, 45.305898021798662 ], [ 29.74988204087315, 45.301469879449421 ], [ 29.749029885176299, 45.296743853567968 ], [ 29.747763397927649, 45.294087026359747 ], [ 29.745652996418279, 45.289659080690889 ], [ 29.743542853871659, 45.285231236123757 ], [ 29.74060045255742, 45.279038246207953 ], [ 29.73765467294578, 45.275794258679952 ], [ 29.73511937432994, 45.270477574670778 ], [ 29.733006389717019, 45.26604925523641 ], [ 29.73258685335141, 45.262210498794303 ], [ 29.73257112112465, 45.259257429736039 ], [ 29.732978726557771, 45.254235457774953 ], [ 29.73464376872953, 45.248915850278273 ], [ 29.734629548752341, 45.243008840805807 ], [ 29.73545823543607, 45.238872566882939 ], [ 29.734615350476499, 45.237102134168367 ], [ 29.732930330353209, 45.233560593712816 ], [ 29.72914572451689, 45.228546547930137 ], [ 29.719077279076568, 45.225019615075468 ], [ 29.715300419039909, 45.22295850929261 ], [ 29.708998686822401, 45.218541050795572 ], [ 29.706482431706331, 45.21618125098307 ], [ 29.738333528450159, 45.215537835253713 ], [ 29.741259395354191, 45.212875767254033 ], [ 29.74462277669803, 45.211105753482997 ], [ 29.75003912692226, 45.20488620388047 ], [ 29.751278010538272, 45.198684025037828 ], [ 29.750839306988301, 45.191894656930792 ], [ 29.74998793539304, 45.187172800803651 ], [ 29.74788112584638, 45.182748376304268 ], [ 29.74703966041702, 45.18097869628054 ], [ 29.738652376066739, 45.178041134946383 ], [ 29.731530239912249, 45.174808273447702 ], [ 29.723154270255009, 45.174819435966882 ], [ 29.714361735012421, 45.17394821714889 ], [ 29.705556993012092, 45.173076616381053 ], [ 29.693406411582451, 45.171028851045932 ], [ 29.68712053468867, 45.169561472186039 ], [ 29.678733373787701, 45.163668148630563 ], [ 29.675385101241179, 45.159558083350618 ], [ 29.67412586848987, 45.156905213776902 ], [ 29.66866315800435, 45.148337660075619 ], [ 29.66656300264107, 45.14391100608556 ], [ 29.664460095016619, 45.139470044462072 ], [ 29.661523155775711, 45.133283926389282 ], [ 29.660263684256019, 45.130628569478311 ], [ 29.656909019476249, 45.126499913899082 ], [ 29.653551384440409, 45.119419807151019 ], [ 29.651452918982301, 45.114994257417507 ], [ 29.649354634103201, 45.110568787088361 ], [ 29.647256876939569, 45.106143185108337 ], [ 29.645159291025799, 45.101717476210233 ], [ 29.643481549999251, 45.098176988242137 ], [ 29.639287925267311, 45.089325510286919 ], [ 29.63761166549159, 45.085785123833027 ], [ 29.635509827147299, 45.078408702301743 ], [ 29.634671200553669, 45.076638529686292 ], [ 29.63257108490011, 45.069261576306857 ], [ 29.632148314297261, 45.065425092978707 ], [ 29.630887299391809, 45.059818375497457 ], [ 29.6321342023403, 45.05361964448209 ], [ 29.631706348016369, 45.049779992330123 ], [ 29.630460615599951, 45.04417711193895 ], [ 29.631279001255951, 45.037092416953733 ], [ 29.630856654149309, 45.033255680316863 ], [ 29.630014861524518, 45.028534061280503 ], [ 29.630003818945571, 45.019679940436042 ], [ 29.627909243964631, 45.015254092475999 ], [ 29.626230269612179, 45.00876197156947 ], [ 29.623715388407099, 45.00049963281198 ], [ 29.62329037475568, 44.996662729171319 ], [ 29.622867196577541, 44.992825623015129 ], [ 29.624111761722869, 44.986626664133418 ], [ 29.622432772476529, 44.980133737057699 ], [ 29.61907971400381, 44.970098930516251 ], [ 29.619905609423689, 44.963014937179821 ], [ 29.619898058658329, 44.957111411878053 ], [ 29.621555971756042, 44.948845049686398 ], [ 29.621551541214011, 44.94589317707414 ], [ 29.620709843629161, 44.941170395098823 ], [ 29.621115211511501, 44.933199993849151 ], [ 29.620687860630941, 44.926410326154432 ], [ 29.618172532872421, 44.918145438430876 ], [ 29.615241708050782, 44.911946006876917 ], [ 29.6164889325484, 44.908699364463438 ], [ 29.614813769328581, 44.905156236567571 ], [ 29.61272019380154, 44.900727268886989 ], [ 29.610203248675969, 44.89245931627778 ], [ 29.608523890601919, 44.885962714394523 ], [ 29.604338865407449, 44.877103212946501 ], [ 29.60141000011544, 44.870901047226774 ], [ 29.598899428092238, 44.865584507064682 ], [ 29.59555241218483, 44.858494997614699 ], [ 29.593879129838889, 44.854950072948533 ], [ 29.59011949005729, 44.849928091374871 ], [ 29.587611253847761, 44.844610627525597 ], [ 29.585521408134319, 44.840179284855047 ], [ 29.578428430102221, 44.833973823440807 ], [ 29.575089627173028, 44.829837726805238 ], [ 29.571333136446391, 44.82481412548757 ], [ 29.568411887184119, 44.821561845380131 ], [ 29.563817928020839, 44.814762430862217 ], [ 29.561732183477741, 44.81328363462471 ], [ 29.553808088457149, 44.808255001497599 ], [ 29.548383899531551, 44.802636542555611 ], [ 29.542546248638729, 44.799085309257997 ], [ 29.537541463533849, 44.794351509794772 ], [ 29.532119918242561, 44.788730987787467 ], [ 29.52711835976007, 44.786951227699902 ], [ 29.525451118146322, 44.786358345646477 ], [ 29.51835235799971, 44.780145665670261 ], [ 29.510444236786039, 44.778063774173951 ], [ 29.506275307442579, 44.775102155049318 ], [ 29.500437010124099, 44.771546202582748 ], [ 29.498767274020121, 44.767995197977442 ], [ 29.509185582695089, 44.769487909549781 ], [ 29.510852997194839, 44.770081451916077 ], [ 29.521686856699748, 44.772460432687048 ], [ 29.531273905491801, 44.775131536932832 ], [ 29.538786066879108, 44.779279053212093 ], [ 29.544611425517701, 44.782830332868357 ], [ 29.54711368048903, 44.785197080704528 ], [ 29.550033641612121, 44.788450779492599 ], [ 29.555452722716531, 44.791114985830333 ], [ 29.56712682525, 44.798215793035247 ], [ 29.570878999514711, 44.80028655661026 ], [ 29.576300385301511, 44.80294809246417 ], [ 29.579640149802461, 44.807087170433242 ], [ 29.5825622043339, 44.810339205836328 ], [ 29.59215230615894, 44.81595636119674 ], [ 29.59757904243293, 44.821571318768697 ], [ 29.602173263782749, 44.828366752792178 ], [ 29.60759918030265, 44.833979858011972 ], [ 29.610946028613441, 44.841069493623912 ], [ 29.61554340478698, 44.847863744335939 ], [ 29.618467350582659, 44.851112948277219 ], [ 29.620139849452421, 44.854662289346322 ], [ 29.62348305280014, 44.858791643102983 ], [ 29.626834659047461, 44.865878200912249 ], [ 29.628504861232891, 44.869421470019702 ], [ 29.630179189005361, 44.872965010570908 ], [ 29.633104689814161, 44.879159984982728 ], [ 29.63523251303285, 44.883624999341031 ], [ 29.637719437705041, 44.888913382090173 ], [ 29.6419105993578, 44.897769889634802 ], [ 29.643581935171149, 44.90130899454293 ], [ 29.647770907233951, 44.910161609469007 ], [ 29.64943915590791, 44.913704004416189 ], [ 29.650704900216731, 44.919311858213163 ], [ 29.64862818739433, 44.923741366049917 ], [ 29.649047154629269, 44.924626806205751 ], [ 29.649890978900189, 44.929349772449548 ], [ 29.65115395215183, 44.934958017002387 ], [ 29.651166018497399, 44.940862185804868 ], [ 29.651595103176, 44.947647495075593 ], [ 29.65453489369806, 44.953849171759359 ], [ 29.65746421874249, 44.960044009905481 ], [ 29.661236096128519, 44.968009916264343 ], [ 29.6624995528021, 44.973616491752018 ], [ 29.665021314022241, 44.981877383829833 ], [ 29.665452943714591, 44.988665359971911 ], [ 29.667975940683341, 44.99692735839686 ], [ 29.670918192473302, 45.00311922550371 ], [ 29.673853647307389, 45.012269822576933 ], [ 29.675550809949549, 45.024661309076009 ], [ 29.67723529174075, 45.031152080805569 ], [ 29.67977225955897, 45.04531470247624 ], [ 29.681031582128671, 45.047969210015459 ], [ 29.67979650163586, 45.057118912910063 ], [ 29.681062645481209, 45.062724541009857 ], [ 29.681491905621421, 45.069511123986757 ], [ 29.67899572633117, 45.076007835272009 ], [ 29.679024763841429, 45.087810112147068 ], [ 29.680285551069769, 45.093416397857553 ], [ 29.680291117847101, 45.09636779089309 ], [ 29.679467799365948, 45.103452363360503 ], [ 29.681158477990969, 45.109948730970039 ], [ 29.684933013712651, 45.117908709724922 ], [ 29.686625151515731, 45.124396629639833 ], [ 29.68998129772385, 45.131478715710109 ], [ 29.691236492871671, 45.134126233971863 ], [ 29.696435894225111, 45.138978080637173 ], [ 29.702144851781931, 45.142385453523246 ], [ 29.706335377459851, 45.145329906985388 ], [ 29.716372880139382, 45.142952641737637 ], [ 29.725999006049719, 45.142642394753182 ], [ 29.729763556062171, 45.141750746597623 ], [ 29.73813188316792, 45.141738543994258 ], [ 29.74860570039392, 45.143193718385028 ], [ 29.754887181787751, 45.144657975005387 ], [ 29.762851808717219, 45.149661603883189 ], [ 29.76830143485633, 45.152307428729308 ], [ 29.76872295352408, 45.15319199856922 ], [ 29.773761709347902, 45.157904510224149 ], [ 29.777124830978881, 45.162029847815234 ], [ 29.778811787189369, 45.165568316859478 ], [ 29.782608282642521, 45.173528934739913 ], [ 29.785136102865021, 45.178835905100982 ], [ 29.785993733268381, 45.183559456352768 ], [ 29.786858052627281, 45.191233241255702 ], [ 29.78645733128651, 45.196252671173553 ], [ 29.78859225129651, 45.20657743094781 ], [ 29.79118874443397, 45.229602335996219 ], [ 29.79583702296199, 45.239337187732232 ], [ 29.799224172086809, 45.249371370239302 ], [ 29.797555840934379, 45.251737810928347 ], [ 29.797566595406611, 45.254691088596822 ], [ 29.798433477425039, 45.262368195743292 ], [ 29.80016173590429, 45.274772748799712 ], [ 29.800172607419459, 45.277726464707939 ], [ 29.801892811825081, 45.29012722153702 ], [ 29.801919178954719, 45.296037463729292 ], [ 29.800248947097561, 45.29840522765263 ], [ 29.803230129721602, 45.310513725657728 ], [ 29.801559363603701, 45.312882049751821 ], [ 29.802006841271169, 45.319681607839577 ], [ 29.801192701749311, 45.326776463969431 ], [ 29.802890512853409, 45.33327080808408 ], [ 29.80418501971738, 45.341843935173287 ], [ 29.804215427517391, 45.350709490294783 ], [ 29.804638910372159, 45.351595619786963 ], [ 29.805080546363349, 45.358398324068688 ], [ 29.80343352373513, 45.366680491375917 ], [ 29.79967562514231, 45.373492093538061 ], [ 29.797588710564739, 45.37793337265142 ], [ 29.79508766891502, 45.384446009889253 ], [ 29.79218060668887, 45.39598983037051 ], [ 29.790523599242359, 45.40427776323957 ], [ 29.788038022875391, 45.416712245633541 ], [ 29.788470934380079, 45.420558660282531 ], [ 29.787649263273131, 45.427667638687652 ], [ 29.78893058112812, 45.433283886684961 ], [ 29.791049618707401, 45.437718419371841 ], [ 29.79401700636398, 45.443928348091283 ], [ 29.79698338742439, 45.450127756642878 ], [ 29.796569455317321, 45.452201917342158 ], [ 29.797428352639582, 45.456949268419059 ], [ 29.79618330280341, 45.463157717550672 ], [ 29.79409145446143, 45.46761987931113 ], [ 29.791574306696202, 45.471180724091049 ], [ 29.78821748479308, 45.475928603066457 ], [ 29.783172745677291, 45.480089139585381 ], [ 29.78106961405414, 45.481575362529831 ], [ 29.776020943877381, 45.485736029014653 ], [ 29.772228275796561, 45.486634358618829 ], [ 29.764611127936782, 45.488432059400907 ], [ 29.758331415076459, 45.489919390690169 ], [ 29.753268272551669, 45.49112065724259 ], [ 29.746949392203259, 45.492623706202572 ], [ 29.73936282254229, 45.494421322003618 ], [ 29.733033978632449, 45.495902663281043 ], [ 29.730526966577859, 45.496517639566363 ], [ 29.723360905989569, 45.496243604149122 ], [ 29.715326890571099, 45.497135578738053 ], [ 29.704353735004819, 45.491824256311673 ], [ 29.706458426702341, 45.487373818582647 ], [ 29.71067171203395, 45.484401937177573 ], [ 29.720365006640971, 45.481117508570641 ], [ 29.72711261070361, 45.483475150767781 ], [ 29.730487752085061, 45.484655460949597 ], [ 29.730481613450841, 45.478737101786841 ] ] ] } },
{ "type": "Feature", "properties": { "delta": "Amazon" }, "geometry": { "type": "Polygon", "coordinates": [ [ [ -50.335081422915891, 1.850891543539653 ], [ -50.360758274518602, 1.733342470425108 ], [ -50.377751133497178, 1.691453493730537 ], [ -50.403249402583349, 1.624426956928379 ], [ -50.428657313379183, 1.582625070598072 ], [ -50.454063056732672, 1.540824888010926 ], [ -50.47949682317676, 1.490624980859905 ], [ -50.49648039616762, 1.448760739685939 ], [ -50.521957754474109, 1.390182200658698 ], [ -50.581315478337643, 1.298325594762448 ], [ -50.62368125983366, 1.239897898871103 ], [ -50.640732192376227, 1.198070077328556 ], [ -50.666292525320742, 1.139522589480536 ], [ -50.70879549921689, 1.064310639129885 ], [ -50.73463159109194, 0.972207880294005 ], [ -50.760287825637313, 0.913649392386571 ], [ -50.777512817073372, 0.855027589516029 ], [ -50.803177933278839, 0.796448980432708 ], [ -50.84582899049429, 0.721172132853448 ], [ -50.854498833769853, 0.687648036177825 ], [ -50.888861833119442, 0.612272606084105 ], [ -50.948717540806761, 0.520188108948478 ], [ -50.983130845956786, 0.444730075595347 ], [ -51.000335921834989, 0.411183150815814 ], [ -51.017609907774244, 0.369222855118618 ], [ -51.043324532119101, 0.335679677749975 ], [ -51.077807545204067, 0.276894628713287 ], [ -51.103662613559003, 0.234886934237589 ], [ -51.138127145275647, 0.184449547225602 ], [ -51.1643024856536, 0.117106944624827 ], [ -51.173237733007333, 0.074982036363329 ], [ -51.207612366940367, 0.032915787716235 ], [ -51.233493650252861, -0.000790155338578 ], [ -51.242376037133319, -0.034519176436524 ], [ -51.268185230067367, -0.059824448325085 ], [ -51.30285277272899, -0.110420152671223 ], [ -51.320317102612627, -0.14427928818635 ], [ -51.346660879922133, -0.203482317775943 ], [ -51.364163035547932, -0.237333100783463 ], [ -51.39886740081424, -0.279683688212144 ], [ -51.41660679717733, -0.330505797478646 ], [ -51.442840676345192, -0.37292390484076 ], [ -51.469003800452747, -0.40690812723309 ], [ -51.495436121309311, -0.457891928394094 ], [ -51.530454380981944, -0.508937295323951 ], [ -51.556594960600947, -0.534535377270139 ], [ -51.565605157117339, -0.560094742169204 ], [ -51.61796797842748, -0.611371914469791 ], [ -51.626937762798498, -0.636925722625609 ], [ -51.644638287304581, -0.671040393531756 ], [ -51.688520183979819, -0.722400416760302 ], [ -51.723798515658373, -0.765314897535875 ], [ -51.741369259588041, -0.782513648539721 ], [ -51.776862129665133, -0.83404084613328 ], [ -51.795511748310517, -0.90267498806593 ], [ -51.82211539342547, -0.937127152306945 ], [ -51.840243444504679, -0.980104081701299 ], [ -51.849736899047549, -1.023044668156724 ], [ -51.86754536160236, -1.048917308835238 ], [ -51.894926487115299, -1.109393945456557 ], [ -51.895133290755382, -1.118010589254139 ], [ -51.913907778490682, -1.178510312217579 ], [ -51.932284771545881, -1.221810227774632 ], [ -51.94200400481126, -1.265064556185195 ], [ -51.977979928179622, -1.317250703342158 ], [ -51.979247593294993, -1.369137977667164 ], [ -51.988775695529249, -1.40383647317531 ], [ -51.989916705064211, -1.44720314351502 ], [ -51.990855312699694, -1.481929927714396 ], [ -51.992025194687777, -1.525369946999138 ], [ -51.966848586106593, -1.559819007185132 ], [ -51.942128974760763, -1.611667715998529 ], [ -51.924954960118271, -1.620143064591523 ], [ -51.872993731938649, -1.628165819683681 ], [ -51.83822324902107, -1.627714265829619 ], [ -51.794791082294353, -1.627156498525314 ], [ -51.759647727100898, -1.60934933256817 ], [ -51.715652370931103, -1.582770295310377 ], [ -51.671514663858773, -1.547567767199411 ], [ -51.636754831891402, -1.53856464305975 ], [ -51.592980743026537, -1.512160519457 ], [ -51.531612121923132, -1.468314187278787 ], [ -51.505172056031768, -1.442130789398695 ], [ -51.452560581789413, -1.398476957323131 ], [ -51.434668603407523, -1.363875598603466 ], [ -51.399596179770732, -1.329152865124615 ], [ -51.364223797261459, -1.277265363748708 ], [ -51.329220325302742, -1.242615799568186 ], [ -51.311445505595103, -1.208171609264569 ], [ -51.259153575879218, -1.156430771253044 ], [ -51.215783897679849, -1.12193257487282 ], [ -51.172300636347693, -1.078898982914933 ], [ -51.154919590235188, -1.06169742636721 ], [ -51.094505294199017, -1.018725307876573 ], [ -51.051213416011507, -0.975878841332777 ], [ -50.999447768110613, -0.933041374667931 ], [ -50.964905964863171, -0.898854072456951 ], [ -50.913209807510761, -0.847697177005527 ], [ -50.878527135834112, -0.796600762586903 ], [ -50.869676571029323, -0.771072951682996 ], [ -50.826559898208266, -0.720036292035478 ], [ -50.78373414549403, -0.686051397110171 ], [ -50.766240239094572, -0.643623263053618 ], [ -50.740538527647971, -0.618195695730704 ], [ -50.672061186927003, -0.550489611473661 ], [ -50.646512150732782, -0.53358993066196 ], [ -50.578296937939172, -0.474496795175781 ], [ -50.561233474996953, -0.457623129138172 ], [ -50.52702522394673, -0.41543764812165 ], [ -50.493116845107032, -0.398619749375492 ], [ -50.44227708398266, -0.37340354447906 ], [ -50.399977048732957, -0.356621948471726 ], [ -50.340944386070298, -0.348335401629419 ], [ -50.324027563710153, -0.3399483536301 ], [ -50.256637583751612, -0.331718546181577 ], [ -50.197649377998147, -0.315104787431272 ], [ -50.138829619222207, -0.31534605603936 ], [ -50.079950831448279, -0.307163074221961 ], [ -50.037955828134017, -0.307335634550771 ], [ -50.004364656424237, -0.307473467816732 ], [ -49.95398205273964, -0.307682015977474 ], [ -49.878455111286712, -0.308037098336985 ], [ -49.836505896790129, -0.308254496900821 ], [ -49.777784815640523, -0.308568644588867 ], [ -49.7442354309607, -0.308752713238668 ], [ -49.702301652006938, -0.308982836924161 ], [ -49.62682983878598, -0.309404954920057 ], [ -49.568139465179478, -0.309805912156105 ], [ -49.517831172583278, -0.310149489424514 ], [ -49.492676421411467, -0.310321149026695 ], [ -49.459136075030543, -0.310550006832784 ], [ -49.392048481842863, -0.310984090929566 ], [ -49.316583086318538, -0.311462350929171 ], [ -49.241115353742181, -0.311980812623576 ], [ -49.215958604237663, -0.312181320800773 ], [ -49.157234572567504, -0.312634997813272 ], [ -49.115282224401717, -0.312978913661373 ], [ -49.05654064706237, -0.313460397833485 ], [ -49.006142881259329, -0.305449265082483 ], [ -48.955741747947407, -0.29743697111796 ], [ -48.922162994569149, -0.297710987254283 ], [ -48.863382727994527, -0.298212074780759 ], [ -48.804573144754308, -0.298740936944404 ], [ -48.754100283566501, -0.290792592192337 ], [ -48.71200241832446, -0.274333772498143 ], [ -48.669901343576832, -0.257873479102021 ], [ -48.636184507186428, -0.232901874824171 ], [ -48.58555073026286, -0.191278296538791 ], [ -48.577075345450673, -0.17452422151928 ], [ -48.57685978149776, -0.115611196338031 ], [ -48.57669267687691, -0.073554139827536 ], [ -48.576324922277003, 0.018937869619258 ], [ -48.60970784188126, 0.078058804771837 ], [ -48.634708579943563, 0.120251529275714 ], [ -48.65967105348885, 0.162406265812574 ], [ -48.701451725782967, 0.204709416610664 ], [ -48.743108456465869, 0.272180066630583 ], [ -48.751420807328778, 0.289025639768928 ], [ -48.776351958888469, 0.339550424270298 ], [ -48.809588874389753, 0.398484134257868 ], [ -48.82597363499243, 0.465641662208472 ], [ -48.85073355205472, 0.532842050293101 ], [ -48.858918630630399, 0.566406063152975 ], [ -48.883818232829618, 0.608458198566346 ], [ -48.908711050219758, 0.6505027077564 ], [ -48.925100323985632, 0.709222899306546 ], [ -48.949897901480171, 0.75961895937446 ], [ -48.991281828065773, 0.835236399778774 ], [ -49.007700846612828, 0.885571452246978 ], [ -49.049194590960511, 0.944437728206234 ], [ -49.082255212924458, 1.01161488435484 ], [ -49.107105955715447, 1.05362392919106 ], [ -49.123621285332312, 1.087219061472845 ], [ -49.156947283867673, 1.112545040869777 ], [ -49.214825095358549, 1.221752644142265 ], [ -49.264717589091397, 1.272327608856459 ], [ -49.289610317282133, 1.305992041859703 ], [ -49.314449458214192, 1.348033707460623 ], [ -49.339293528444799, 1.39007636302878 ], [ -49.380885290721508, 1.432236220705782 ], [ -49.414219159136593, 1.457605333508049 ], [ -49.439180056852869, 1.482913932675258 ], [ -49.47257394662175, 1.499899950268464 ], [ -49.530940981135288, 1.542229135694043 ], [ -49.572672951643369, 1.567683762861395 ], [ -49.656259647202397, 1.601816858946418 ], [ -49.69801335757009, 1.627283774376822 ], [ -49.764785722275569, 1.678128205824051 ], [ -49.79822881640235, 1.69515912880594 ], [ -49.84011078216605, 1.703864412583678 ], [ -49.907122550951428, 1.721171483033921 ], [ -49.948963838198011, 1.738269662418043 ], [ -49.957385876527731, 1.738356655964146 ], [ -50.016023772544322, 1.764048640028727 ], [ -50.05796848109032, 1.772797472493609 ], [ -50.108219680382277, 1.798433808775337 ], [ -50.167004271816481, 1.815758446807684 ], [ -50.200547864199038, 1.832866769734393 ], [ -50.225717883871873, 1.849917407708244 ], [ -50.259298312436812, 1.867048791448239 ], [ -50.2845116136778, 1.875697161493222 ], [ -50.335081422915891, 1.850891543539653 ] ] ] } },
{ "type": "Feature", "properties": { "delta": "Senegal" }, "geometry": { "type": "Polygon", "coordinates": [ [ [ 5.586368201611805, 4.65648970903098 ], [ 5.586072780427369, 4.643413517733137 ], [ 5.593962828031033, 4.628511188503779 ], [ 5.59706560749845, 4.620262082496727 ], [ 5.598452320100417, 4.60878343746431 ], [ 5.604804000945482, 4.598825577288938 ], [ 5.611117474735067, 4.587233739967948 ], [ 5.619146914899846, 4.578873465864108 ], [ 5.625605950648957, 4.573819576377148 ], [ 5.63042246415587, 4.568804304274578 ], [ 5.633669609160872, 4.567094482629478 ], [ 5.640164536622865, 4.563675451479116 ], [ 5.648227205325624, 4.556949440232781 ], [ 5.65789097748528, 4.548555097848615 ], [ 5.664348031863524, 4.543503340268161 ], [ 5.670727865129843, 4.53518350499254 ], [ 5.678784598103015, 4.528459847173763 ], [ 5.680390177935422, 4.526789508866798 ], [ 5.686733339842711, 4.516836188149115 ], [ 5.693069328688396, 4.506884792825097 ], [ 5.701162738676673, 4.501795343087436 ], [ 5.709214208727307, 4.495075242280578 ], [ 5.714022477371068, 4.490063758806386 ], [ 5.720473506495556, 4.485012235016569 ], [ 5.726845763505493, 4.476695213225171 ], [ 5.733256020049529, 4.47001190473096 ], [ 5.739589987575102, 4.460061847528821 ], [ 5.749279313936713, 4.453303729468502 ], [ 5.7558017844064, 4.451521003504746 ], [ 5.760607731743475, 4.446508632434425 ], [ 5.768731059737464, 4.443055761509072 ], [ 5.778416396018649, 4.436298857001928 ], [ 5.78974208623208, 4.429503528061841 ], [ 5.792986272311156, 4.427794984425661 ], [ 5.799502458292773, 4.426013432781446 ], [ 5.810862453278867, 4.420853475537064 ], [ 5.820664577959283, 4.418995993663771 ], [ 5.827105245568125, 4.41394774829106 ], [ 5.836865564381652, 4.410457796766934 ], [ 5.844908293153126, 4.403737293522522 ], [ 5.852988300684039, 4.398651649818786 ], [ 5.862668621908553, 4.391895997397995 ], [ 5.870707790705252, 4.385176745075776 ], [ 5.87714387625714, 4.380125725462547 ], [ 5.881944008154345, 4.375115526949592 ], [ 5.888341299429123, 4.368428122929126 ], [ 5.89797771241815, 4.360040949712191 ], [ 5.907570431382898, 4.350013694955433 ], [ 5.912410066449079, 4.346635349405124 ], [ 5.920368366165885, 4.336647532370464 ], [ 5.931718714566447, 4.331485071038911 ], [ 5.936555547907895, 4.328105985894751 ], [ 5.943030207265254, 4.324689107716798 ], [ 5.947904490390277, 4.322942969657893 ], [ 5.957579685943005, 4.316184553926301 ], [ 5.965616419493638, 4.309460598428495 ], [ 5.975325380804335, 4.304338073330682 ], [ 5.983397441836349, 4.299248957307533 ], [ 5.993145893465782, 4.295756555305083 ], [ 6.001216799424459, 4.290664990906651 ], [ 6.006053608635929, 4.287285955638954 ], [ 6.015801570382006, 4.283791601624438 ], [ 6.022312954222759, 4.282006992115337 ], [ 6.035297020549024, 4.276802939868256 ], [ 6.04340754713636, 4.273347740240924 ], [ 6.049841404408807, 4.268294927355593 ], [ 6.06453834860951, 4.266317297857025 ], [ 6.079236541997286, 4.264341264763113 ], [ 6.093895383406966, 4.260730021944942 ], [ 6.098805227378676, 4.260615251272905 ], [ 6.105357238308282, 4.260462962597261 ], [ 6.115141999877869, 4.25859788615554 ], [ 6.12169149001514, 4.258445382659243 ], [ 6.129878201660177, 4.258252429535658 ], [ 6.136427152573843, 4.258097783015913 ], [ 6.144575325740751, 4.256271738655732 ], [ 6.154399351026436, 4.256040636625318 ], [ 6.162586059073931, 4.255847555822489 ], [ 6.170772831621392, 4.255654441926381 ], [ 6.180597083963231, 4.255422577789706 ], [ 6.19042156361616, 4.255189764428806 ], [ 6.200361434415546, 4.259857674178089 ], [ 6.210224551939778, 4.261258179761267 ], [ 6.218450373757696, 4.26269743091845 ], [ 6.223401275273091, 4.264214314405912 ], [ 6.228352232952719, 4.265731002704139 ], [ 6.238292805253243, 4.270397642431435 ], [ 6.243244023242964, 4.271914046964812 ], [ 6.251470624353233, 4.273352342833188 ], [ 6.259697031602394, 4.274789503149544 ], [ 6.26792411582779, 4.276228012840685 ], [ 6.272914051832965, 4.279377667160705 ], [ 6.281179512616633, 4.282448924151688 ], [ 6.28617095693714, 4.285598376839144 ], [ 6.291121149455754, 4.287114943037463 ], [ 6.302774082116144, 4.29501227424487 ], [ 6.311000694488865, 4.296450171157311 ], [ 6.314351199820383, 4.29964021441729 ], [ 6.316256723340137, 4.31103577837497 ], [ 6.313097625874895, 4.316012665956635 ], [ 6.306585943799585, 4.317801535346451 ], [ 6.295161539818195, 4.319707113835132 ], [ 6.282060994549099, 4.320018431871971 ], [ 6.275510774417324, 4.320173979821024 ], [ 6.26564690824207, 4.318774300124312 ], [ 6.255667222565169, 4.312475644823683 ], [ 6.250754746388765, 4.312592222334967 ], [ 6.242567073813492, 4.312786704669406 ], [ 6.23929186780477, 4.312864787873713 ], [ 6.227789763021107, 4.311505739746224 ], [ 6.214689053358113, 4.311818679051703 ], [ 6.203226402987387, 4.312092291498062 ], [ 6.193401620561652, 4.312326637475161 ], [ 6.185214559052556, 4.312521940589911 ], [ 6.178665073370522, 4.31267801959033 ], [ 6.170478348659096, 4.312873050924549 ], [ 6.162253374458775, 4.311435166765309 ], [ 6.153990053466991, 4.308364229603886 ], [ 6.144167348272543, 4.308593914426802 ], [ 6.132707454360617, 4.308861127748058 ], [ 6.122884488196183, 4.309089984519192 ], [ 6.111424191304069, 4.30935687930795 ], [ 6.103238086156104, 4.309547339838945 ], [ 6.096689151550054, 4.309699724230765 ], [ 6.080431795829416, 4.314978585118286 ], [ 6.070685022036313, 4.318472832980587 ], [ 6.052789887672669, 4.323790387096576 ], [ 6.039690606667268, 4.324094156811363 ], [ 6.028343803783585, 4.329258341204629 ], [ 6.020310329889595, 4.335979821644433 ], [ 6.009001622593917, 4.342776864283175 ], [ 5.994455849291214, 4.351282471230538 ], [ 5.976673274156488, 4.361496130006658 ], [ 5.965325195752955, 4.36666199894479 ], [ 5.955614069435244, 4.37178679261775 ], [ 5.947577401628601, 4.378506228461333 ], [ 5.942781533082309, 4.383519734305089 ], [ 5.936426136186316, 4.391837313048059 ], [ 5.931667543336355, 4.398482580906236 ], [ 5.923670642894631, 4.406835583496108 ], [ 5.920471814371546, 4.410176729425547 ], [ 5.910836813929599, 4.41856749962755 ], [ 5.899559639931833, 4.426994466107788 ], [ 5.891444611198122, 4.430448297746557 ], [ 5.885004076579698, 4.43549675687347 ], [ 5.868728807939192, 4.440770489111741 ], [ 5.842692074989799, 4.449535365656571 ], [ 5.823141909718494, 4.454885774889392 ], [ 5.813386746870261, 4.458377649078482 ], [ 5.806986277734629, 4.465060450412452 ], [ 5.800508348919687, 4.468483907493447 ], [ 5.789218644783714, 4.47690348607457 ], [ 5.78277716846671, 4.481954546245961 ], [ 5.769844659027985, 4.49042066773071 ], [ 5.768317774649272, 4.495357772718291 ], [ 5.761907443216541, 4.502040960359201 ], [ 5.755420892373406, 4.505457892259716 ], [ 5.74733132836982, 4.510545890205631 ], [ 5.742484829298656, 4.51392543207383 ], [ 5.735997278635574, 4.51734271716589 ], [ 5.731150257453235, 4.520722452781937 ], [ 5.721493266039984, 4.529115635254699 ], [ 5.715004492073204, 4.532533325061844 ], [ 5.70862917502976, 4.540851480041032 ], [ 5.70061193796837, 4.549208441157483 ], [ 5.695875637174108, 4.557489062461877 ], [ 5.691063668279302, 4.562503643573814 ], [ 5.684683919027977, 4.570823542319865 ], [ 5.679869897628045, 4.575838545254837 ], [ 5.673450978121261, 4.582525559554143 ], [ 5.667031456438489, 4.589212906015637 ], [ 5.662216082608489, 4.594227955718732 ], [ 5.659081197425825, 4.600840673995359 ], [ 5.651055294808063, 4.60920057495006 ], [ 5.647960127592075, 4.617445944681705 ], [ 5.643147720322492, 4.622461566894872 ], [ 5.636806120045968, 4.632417180556085 ], [ 5.628822122702095, 4.642411129392695 ], [ 5.625801384817207, 4.653925143386206 ], [ 5.621016957930573, 4.66057824769047 ], [ 5.613114195501037, 4.675485995389801 ], [ 5.606748224170897, 4.685451882466609 ], [ 5.601919698015987, 4.690474386978848 ], [ 5.588984335310039, 4.700594466862495 ], [ 5.580944515564086, 4.708962922995285 ], [ 5.577728201653363, 4.712310702165922 ], [ 5.571437949123452, 4.725547705718075 ], [ 5.568220513250825, 4.728896186910371 ], [ 5.560140683297985, 4.735632486262126 ], [ 5.553597671841985, 4.73742373493593 ], [ 5.548556344463513, 4.732633834821329 ], [ 5.551667606669362, 4.724378544528482 ], [ 5.558174844154296, 4.720952343436983 ], [ 5.562929574420905, 4.71265933868221 ], [ 5.566038953915767, 4.704405834213909 ], [ 5.566002857415418, 4.702770467976805 ], [ 5.569039343485502, 4.691246907359358 ], [ 5.570503931135599, 4.683033386672153 ], [ 5.573611609207198, 4.674781577606114 ], [ 5.578326310663901, 4.66485682097978 ], [ 5.581468949645267, 4.658240905402603 ], [ 5.58304062036068, 4.65493277605441 ], [ 5.586368201611805, 4.65648970903098 ] ] ] } },
{ "type": "Feature", "properties": { "delta": "Pearl" }, "geometry": { "type": "Polygon", "coordinates": [ [ [ 113.892682009531299, 22.507092095672199 ], [ 113.884635062559894, 22.514420929020851 ], [ 113.875010834496095, 22.523590722130649 ], [ 113.870478423238694, 22.530599303285669 ], [ 113.865943005077895, 22.537605992857539 ], [ 113.861588837186702, 22.546235771841861 ], [ 113.858629216970698, 22.551448172750941 ], [ 113.858532621710395, 22.566234889833719 ], [ 113.8598251544514, 22.577602553085871 ], [ 113.859174559880799, 22.587517833596252 ], [ 113.858708547354794, 22.599057384866882 ], [ 113.855375492569195, 22.601024467104629 ], [ 113.853519238173504, 22.615984219387268 ], [ 113.852314006474401, 22.621027965167439 ], [ 113.8463857101641, 22.631458807502248 ], [ 113.839900893099696, 22.63700236624884 ], [ 113.8374897056907, 22.647072268272819 ], [ 113.835914337450902, 22.648872187688891 ], [ 113.828591010141395, 22.662724391475539 ], [ 113.827755052986106, 22.670992394039001 ], [ 113.823394569420003, 22.679644247745799 ], [ 113.820793160873905, 22.688134516820121 ], [ 113.817822710728095, 22.69337280487461 ], [ 113.815406367609597, 22.703469068900759 ], [ 113.811044589087203, 22.71211125229749 ], [ 113.804920851552694, 22.720924852858609 ], [ 113.802318444121795, 22.72939696714964 ], [ 113.796374758419105, 22.739833807185128 ], [ 113.790247131427705, 22.74864513686083 ], [ 113.785699757004494, 22.755663368584258 ], [ 113.782727595691398, 22.76088238807576 ], [ 113.776786638712196, 22.77129856444369 ], [ 113.768900062677403, 22.780253811749311 ], [ 113.762405700599501, 22.78579595860473 ], [ 113.755726511095304, 22.789718891663739 ], [ 113.738272431180704, 22.793098316537041 ], [ 113.732980019398994, 22.793624123117191 ], [ 113.722400845918898, 22.79465301112565 ], [ 113.7030084288007, 22.796523477452681 ], [ 113.683613897971696, 22.79839301134886 ], [ 113.672669887591596, 22.796158606675949 ], [ 113.659775430643904, 22.792461323005551 ], [ 113.652729431412894, 22.793145822436792 ], [ 113.647438966441499, 22.793654811077989 ], [ 113.639705696293902, 22.804263747984511 ], [ 113.638304704948098, 22.80768794920661 ], [ 113.634106559134295, 22.817963244740771 ], [ 113.633245761660007, 22.826269099354668 ], [ 113.628678218946703, 22.833288447746082 ], [ 113.624472190426005, 22.84356438245354 ], [ 113.616372302430804, 22.850925970755121 ], [ 113.609674812368297, 22.854862568781311 ], [ 113.601029710346893, 22.857340000473702 ], [ 113.589033691387698, 22.861784922788679 ], [ 113.580386660660395, 22.864261559798901 ], [ 113.571738921125799, 22.866737904705591 ], [ 113.559376830101201, 22.86792424753985 ], [ 113.550906271339699, 22.872031093526822 ], [ 113.540308447333004, 22.873049279558401 ], [ 113.531297347729605, 22.872267636891571 ], [ 113.522106662610895, 22.86985651300612 ], [ 113.510612179534107, 22.862726638185421 ], [ 113.509717267350396, 22.85458128275447 ], [ 113.508282334366498, 22.841553991185091 ], [ 113.511455270171794, 22.837959712271651 ], [ 113.516573263814394, 22.83582450611215 ], [ 113.526089492145502, 22.82504211826642 ], [ 113.529082082352105, 22.819819894911369 ], [ 113.537370201682904, 22.81408945875782 ], [ 113.546016591945204, 22.811614527783441 ], [ 113.552897088455097, 22.80930890049336 ], [ 113.562585537832305, 22.800154105455519 ], [ 113.568562348711495, 22.789711746738121 ], [ 113.569605889983706, 22.783032375188469 ], [ 113.568704672782999, 22.774897725696729 ], [ 113.5658536395798, 22.76530266830294 ], [ 113.557046895634898, 22.76615305506823 ], [ 113.544691187571502, 22.767331098616481 ], [ 113.533925077125602, 22.766718413951558 ], [ 113.522799617738997, 22.762850354461708 ], [ 113.520855354395096, 22.761392169787921 ], [ 113.521721189956097, 22.75308840866834 ], [ 113.526474495191493, 22.74770125301723 ], [ 113.532451824862093, 22.737264964202481 ], [ 113.537383594603199, 22.73350487534227 ], [ 113.5423149297674, 22.72974493886025 ], [ 113.5454821530315, 22.72615380421702 ], [ 113.5533991153318, 22.717176488391399 ], [ 113.563074791717, 22.70803273871163 ], [ 113.567821761996498, 22.7026480089655 ], [ 113.577312588225496, 22.691878009517829 ], [ 113.581884596887093, 22.684871848155829 ], [ 113.586623688817795, 22.679486121572399 ], [ 113.591548236238594, 22.67572847264373 ], [ 113.600486120056502, 22.660087228546129 ], [ 113.606627707861307, 22.65128530147112 ], [ 113.609426287932706, 22.644441472682981 ], [ 113.612226615109094, 22.63760595766972 ], [ 113.6169631476088, 22.632224312414259 ], [ 113.619215495061098, 22.620510063244531 ], [ 113.618489861765497, 22.61400424200831 ], [ 113.617404121286, 22.604253225672831 ], [ 113.615588721773193, 22.588008282447841 ], [ 113.614500747324996, 22.578258297488521 ], [ 113.611663846781497, 22.568678222352979 ], [ 113.607767526074397, 22.56576688544509 ], [ 113.606867188166206, 22.557643276149751 ], [ 113.603650360557097, 22.54480920949046 ], [ 113.602567366032005, 22.535065289581571 ], [ 113.598142172320607, 22.527277325192198 ], [ 113.597235986343094, 22.51915496997751 ], [ 113.591234990556799, 22.513160353744851 ], [ 113.583839558906902, 22.510583463709001 ], [ 113.572748115316699, 22.506713968980581 ], [ 113.564987378673194, 22.500884596139731 ], [ 113.559354905627202, 22.49813502459412 ], [ 113.553715702868104, 22.495392268235491 ], [ 113.542077875795599, 22.486648364885159 ], [ 113.539596546185507, 22.480318040654719 ], [ 113.5357178793858, 22.47740379027243 ], [ 113.534814874312403, 22.469282292654349 ], [ 113.533548527506795, 22.457903287557151 ], [ 113.532823700374095, 22.45140706403382 ], [ 113.529080665395995, 22.43370903162322 ], [ 113.525524555873602, 22.417629939702511 ], [ 113.524277568550502, 22.40625905085669 ], [ 113.523565201680498, 22.399761969089379 ], [ 113.522998630760299, 22.394888922061909 ], [ 113.5241839682962, 22.389848628074489 ], [ 113.526972093657804, 22.383015789200201 ], [ 113.532995904198302, 22.372604877684861 ], [ 113.540717015494906, 22.362029469046131 ], [ 113.5435394266663, 22.355200443076999 ], [ 113.551741948934506, 22.346291199301639 ], [ 113.554873927445698, 22.3427106302439 ], [ 113.558971906638007, 22.334050114079531 ], [ 113.559950091872494, 22.327378434140162 ], [ 113.559407496801199, 22.322504649299649 ], [ 113.558495399808095, 22.314382146516358 ], [ 113.557223134835994, 22.303012414554829 ], [ 113.556132692035305, 22.293266419568688 ], [ 113.554680306113994, 22.28027227026212 ], [ 113.552675093647906, 22.262400569031559 ], [ 113.551216830172706, 22.249401571239918 ], [ 113.550305567433099, 22.241276653471171 ], [ 113.549392579092, 22.233151211708559 ], [ 113.547752963861996, 22.21853335861929 ], [ 113.547418560260397, 22.215284907665129 ], [ 113.546509285392105, 22.207160013507231 ], [ 113.545236429377596, 22.195784716696728 ], [ 113.543600072527994, 22.181158208279371 ], [ 113.544802778824703, 22.176111221117299 ], [ 113.542145742092202, 22.16815601998675 ], [ 113.535993321355605, 22.160543900753652 ], [ 113.5354481150422, 22.155667952259829 ], [ 113.532570658478903, 22.146056432535751 ], [ 113.531638832839903, 22.137901925651519 ], [ 113.528944668038903, 22.12992358625019 ], [ 113.526462280536904, 22.123584637948358 ], [ 113.520105870991699, 22.114324756094689 ], [ 113.510606821793203, 22.10865055709333 ], [ 113.501466275161604, 22.10622657700349 ], [ 113.485665307264696, 22.10771540668576 ], [ 113.475131336805902, 22.108708621831401 ], [ 113.471619180397994, 22.109039165339329 ], [ 113.463563678383693, 22.116375151997062 ], [ 113.4604156530567, 22.119957501400311 ], [ 113.457985903569707, 22.13004551880389 ], [ 113.455564509118801, 22.1401351182718 ], [ 113.454866525266894, 22.150050004168381 ], [ 113.452102705060696, 22.156884205110671 ], [ 113.452283699436705, 22.158511082533181 ], [ 113.453004685429406, 22.165018536066739 ], [ 113.450756120871702, 22.176730474345639 ], [ 113.447964877002903, 22.183563698357531 ], [ 113.443777354100007, 22.193815498284991 ], [ 113.442560321451396, 22.19885587874829 ], [ 113.439949080122503, 22.207316305752329 ], [ 113.437337210519999, 22.215776256834161 ], [ 113.431031727449593, 22.22294918401025 ], [ 113.426841560187, 22.233190097981922 ], [ 113.420529110093199, 22.24035546218926 ], [ 113.414217828985898, 22.24751851400336 ], [ 113.404208739723899, 22.253385823864502 ], [ 113.394428566647903, 22.26089039446903 ], [ 113.3862743066761, 22.266614841857908 ], [ 113.381083069979795, 22.268713145546212 ], [ 113.372230111362398, 22.269523370884329 ], [ 113.3669504496157, 22.270016748930399 ], [ 113.355850833586501, 22.266127987687799 ], [ 113.344037667309394, 22.255732229756578 ], [ 113.343319770419797, 22.249228800368179 ], [ 113.345761194285203, 22.239144664261541 ], [ 113.354018215246796, 22.233448881033521 ], [ 113.360156108635806, 22.224661476316118 ], [ 113.368049697736893, 22.215701159124169 ], [ 113.371048667757194, 22.210484210485468 ], [ 113.375484721121296, 22.20175286990786 ], [ 113.379781871865205, 22.193247271412069 ], [ 113.3827553204476, 22.188039678644579 ], [ 113.388883966523295, 22.17925521462524 ], [ 113.391857675936507, 22.174049268801461 ], [ 113.390768349450894, 22.164297824962389 ], [ 113.391817910362406, 22.157610565589579 ], [ 113.387220586138099, 22.1481818653745 ], [ 113.381583103645895, 22.145414695527069 ], [ 113.371041578259906, 22.14642007911506 ], [ 113.358724947493101, 22.147556945326698 ], [ 113.353631762116606, 22.149670055820579 ], [ 113.346976563089697, 22.153591170886859 ], [ 113.343080210789395, 22.150655886565801 ], [ 113.338133490800701, 22.13796924863766 ], [ 113.335298166775402, 22.12836644820694 ], [ 113.339830041102104, 22.1213715179403 ], [ 113.346351523617699, 22.1158585125965 ], [ 113.349211104337499, 22.108972624091159 ], [ 113.348948920264604, 22.107360803870339 ], [ 113.354896805835807, 22.09695021026322 ], [ 113.361563957589198, 22.093052283455819 ], [ 113.3682508980324, 22.089154750972281 ], [ 113.372475219028104, 22.078924221904291 ], [ 113.377053018980305, 22.071922673899341 ], [ 113.379862265141398, 22.065106092421821 ], [ 113.378785734686005, 22.055346876320598 ], [ 113.377867369094801, 22.047200896322899 ], [ 113.377683755026197, 22.045570808988661 ], [ 113.373440600680894, 22.03938561219627 ], [ 113.360767537262902, 22.037265374001901 ], [ 113.3537325894643, 22.037913990646189 ], [ 113.344938384911202, 22.038724264193501 ], [ 113.339661405499598, 22.039210268970429 ], [ 113.332991068028704, 22.04311742408688 ], [ 113.323149575255997, 22.050596695706641 ], [ 113.319995586998104, 22.05417729738906 ], [ 113.3102990336983, 22.063264063062871 ], [ 113.305569506654507, 22.068639967803321 ], [ 113.299436482525905, 22.077429608412249 ], [ 113.296281389565607, 22.081005844458041 ], [ 113.286091683672794, 22.08524637861445 ], [ 113.284154656396794, 22.083782193023271 ], [ 113.272709948576704, 22.076623492997449 ], [ 113.266887555411799, 22.07222353808945 ], [ 113.2605194245115, 22.062935103592789 ], [ 113.2545080737126, 22.056905940609521 ], [ 113.249925771037894, 22.047454698976889 ], [ 113.243377941658196, 22.03653916597732 ], [ 113.237196593151097, 22.028877937048168 ], [ 113.233135676586897, 22.024313073225748 ], [ 113.225374759597003, 22.018446118016438 ], [ 113.217616042436703, 22.012562638570628 ], [ 113.2098620549923, 22.006707330223289 ], [ 113.209326852345896, 22.001821633971161 ], [ 113.208435169713596, 21.993678354202729 ], [ 113.207008517279107, 21.98064883477829 ], [ 113.2117044427807, 21.97524996076768 ], [ 113.218025636391801, 21.968064312262481 ], [ 113.224159294575998, 21.95926878807181 ], [ 113.226919382142995, 21.952438377205318 ], [ 113.231686573330506, 21.947077556230621 ], [ 113.234494020842206, 21.940242111185981 ], [ 113.242579089661504, 21.932919347429561 ], [ 113.250638903731598, 21.92558516928386 ], [ 113.262757925310297, 21.922826302103719 ], [ 113.267869714274795, 21.920710940013429 ], [ 113.285065448729398, 21.915823237106029 ], [ 113.294576313773902, 21.921532010511331 ], [ 113.296038840004698, 21.93457665574666 ], [ 113.298689415614902, 21.94255767054333 ], [ 113.300160648427493, 21.955600680935049 ], [ 113.304537808714997, 21.96341590362146 ], [ 113.308818181813393, 21.969641044803641 ], [ 113.312846757475896, 21.97417748971678 ], [ 113.316911484466502, 21.978741690936719 ], [ 113.331334707573902, 21.980700450961791 ], [ 113.342375804177607, 21.984631722915651 ], [ 113.344374153846005, 21.986015962355221 ], [ 113.355270220901502, 21.988360598398991 ], [ 113.364051340844298, 21.987542296642829 ], [ 113.378277723926502, 21.987864631734571 ], [ 113.383908179715903, 21.99062477919432 ], [ 113.393419419847405, 21.996327417836959 ], [ 113.398036181189497, 22.005771637681669 ], [ 113.402276613980504, 22.011972771654811 ], [ 113.402460256396097, 22.01360226999131 ], [ 113.406877128949006, 22.021412939547041 ], [ 113.408151884530994, 22.032812840860242 ], [ 113.409016246581999, 22.040940760177541 ], [ 113.411504791139706, 22.047273337821341 ], [ 113.414892061060996, 22.06174870181006 ], [ 113.417557862316997, 22.069729217153771 ], [ 113.418463363564996, 22.077866122227711 ], [ 113.419552368285693, 22.087626000747189 ], [ 113.420633381283906, 22.097387048435159 ], [ 113.421537122696407, 22.105518694500159 ], [ 113.422802545523297, 22.116906080303 ], [ 113.426495157919405, 22.118208959181281 ], [ 113.436672767560694, 22.11397095211144 ], [ 113.440886141611401, 22.103767401097919 ], [ 113.444500126052304, 22.088580633793619 ], [ 113.447279332022404, 22.08174073012826 ], [ 113.455153337805598, 22.07278093228015 ], [ 113.461814539367097, 22.068866995728168 ], [ 113.469675868587998, 22.059902054250109 ], [ 113.478271230771, 22.05744930868342 ], [ 113.486701300446995, 22.053371599100569 ], [ 113.493721901069307, 22.05270995920031 ], [ 113.507777071240795, 22.051376173589791 ], [ 113.518473646662997, 22.052019800270461 ], [ 113.533056568564902, 22.05557305415855 ], [ 113.542011222717903, 22.05636939283114 ], [ 113.551147522384895, 22.05879223137325 ], [ 113.554838663979098, 22.060086572571532 ], [ 113.5641491883801, 22.064135990001429 ], [ 113.569973474030306, 22.06850625370955 ], [ 113.576132630839993, 22.076150198375579 ], [ 113.580009756073295, 22.079063056336171 ], [ 113.582674150990997, 22.08702748991476 ], [ 113.584671067472897, 22.104929502539271 ], [ 113.585761765631005, 22.114659078646142 ], [ 113.586685341738402, 22.122818150395659 ], [ 113.587413101089894, 22.129320092614261 ], [ 113.588862819987597, 22.14230762022509 ], [ 113.590317556653602, 22.155314852668699 ], [ 113.587535348453301, 22.162153593578282 ], [ 113.588812176979104, 22.17353225263733 ], [ 113.589716893276901, 22.181658303252298 ], [ 113.592017361818506, 22.186366444706259 ], [ 113.595403769004804, 22.200826917465388 ], [ 113.600192035854207, 22.211862293269999 ], [ 113.604430130697395, 22.218026919100449 ], [ 113.609760469834697, 22.233938781597391 ], [ 113.613999709320694, 22.24010216693269 ], [ 113.616664251251606, 22.248055796570629 ], [ 113.614430589599095, 22.25976958192064 ], [ 113.613400598539499, 22.266425229514301 ], [ 113.612365628092306, 22.273097996210659 ], [ 113.611346531975599, 22.279761085253451 ], [ 113.612245822861198, 22.287887222652419 ], [ 113.611217499655694, 22.294552909512969 ], [ 113.612315866195203, 22.304296687386952 ], [ 113.609716233029602, 22.312756557593659 ], [ 113.608508555807106, 22.317798440001049 ], [ 113.602951427461903, 22.331466784531351 ], [ 113.600689878049195, 22.34317019827791 ], [ 113.598085174969299, 22.35162651577852 ], [ 113.596202434547706, 22.366579075021601 ], [ 113.595170634073597, 22.373243287767739 ], [ 113.599045690249795, 22.376136757526471 ], [ 113.614312338152203, 22.369776891809561 ], [ 113.624853822805406, 22.368762092209199 ], [ 113.638908730949794, 22.367424313181811 ], [ 113.648054863188307, 22.369824518313461 ], [ 113.652478408696098, 22.37760940766222 ], [ 113.653754847644393, 22.388981825288099 ], [ 113.655212670032299, 22.40197477712529 ], [ 113.656489778094596, 22.413345232405089 ], [ 113.653705707830497, 22.420180590160321 ], [ 113.647223802626399, 22.425725358499619 ], [ 113.642314323576798, 22.429473512159259 ], [ 113.638128228480994, 22.439725836241919 ], [ 113.635155697978902, 22.444936230052559 ], [ 113.634492009243999, 22.45484952323692 ], [ 113.635214542698606, 22.461345996103262 ], [ 113.635941338066701, 22.467843100133479 ], [ 113.636668257039005, 22.474340319171649 ], [ 113.637213457636904, 22.479213195840959 ], [ 113.641457439199598, 22.48537364598149 ], [ 113.645701526044505, 22.491529129800352 ], [ 113.655576423544403, 22.500435689887549 ], [ 113.659833834310405, 22.50659580420654 ], [ 113.662681658870895, 22.516174887356009 ], [ 113.663045783893594, 22.519423929097229 ], [ 113.664506620833805, 22.5324250605129 ], [ 113.664014804491501, 22.543956843797091 ], [ 113.665472906780195, 22.55695175150683 ], [ 113.666752615618805, 22.568321344830959 ], [ 113.667660893842594, 22.576446508406558 ], [ 113.668742430961004, 22.586196351719369 ], [ 113.664742536023695, 22.5980756289736 ], [ 113.665470250127001, 22.604575147850142 ], [ 113.664619998418203, 22.61286881110717 ], [ 113.665347922286102, 22.619368800834319 ], [ 113.664315527873498, 22.626037776215309 ], [ 113.660128372001793, 22.636300711924999 ], [ 113.657515376250998, 22.64476104892854 ], [ 113.656481628361604, 22.65143168433622 ], [ 113.650164856182002, 22.658609766274079 ], [ 113.644881666825597, 22.65911690239534 ], [ 113.636986247962795, 22.668090304861732 ], [ 113.632052826838304, 22.67184125589749 ], [ 113.622766034838804, 22.684242948946231 ], [ 113.618567646163498, 22.69450092658035 ], [ 113.616308644977494, 22.706223611295972 ], [ 113.610172497577096, 22.715035417979049 ], [ 113.609309057192505, 22.723331506319319 ], [ 113.610394525808303, 22.733087334053469 ], [ 113.611299571130104, 22.741220151229101 ], [ 113.612385618353102, 22.750979665779312 ], [ 113.620349674411401, 22.75843550582983 ], [ 113.638154935854999, 22.758371751150619 ], [ 113.657907842491099, 22.759761148924792 ], [ 113.664958657681396, 22.75908273333647 ], [ 113.6737715095597, 22.758235452803401 ], [ 113.680457297501505, 22.754304467257189 ], [ 113.686958427441198, 22.74874630408971 ], [ 113.693642967461898, 22.74481475215158 ], [ 113.698747112183696, 22.74267910961386 ], [ 113.703666292004101, 22.73891730579296 ], [ 113.708772546448699, 22.736783785790202 ], [ 113.720739910684202, 22.732343211221131 ], [ 113.727603854535403, 22.73003829135272 ], [ 113.734650267836599, 22.72936116292944 ], [ 113.741698540921504, 22.72866331805918 ], [ 113.7515319494333, 22.721155528112551 ], [ 113.757660313018803, 22.71234451086757 ], [ 113.764153689715499, 22.706786670105249 ], [ 113.7704593913585, 22.699598738137961 ], [ 113.775381125673704, 22.695844936086949 ], [ 113.781506648300194, 22.687033753481849 ], [ 113.784293333720001, 22.680189761715379 ], [ 113.783217436693306, 22.670442603862149 ], [ 113.781905014071, 22.659062937476151 ], [ 113.782929811303006, 22.65239347593695 ], [ 113.784151344765107, 22.647358774047589 ], [ 113.784973983876895, 22.63904711512868 ], [ 113.790917422385604, 22.628626286053159 ], [ 113.798423111885697, 22.616403862086319 ], [ 113.800841207068402, 22.60631500945675 ], [ 113.803626507414805, 22.599475470415879 ], [ 113.810108914738507, 22.593923640895021 ], [ 113.813075732903997, 22.588708036655969 ], [ 113.819372601811807, 22.581523457591778 ], [ 113.823731593481398, 22.572897216665069 ], [ 113.828270958352803, 22.565888618973801 ], [ 113.829831888953905, 22.564072049208651 ], [ 113.835769942483296, 22.553668886777441 ], [ 113.840115851472504, 22.54503601761343 ], [ 113.842534147519103, 22.53495167156089 ], [ 113.845316843877896, 22.52811319406624 ], [ 113.846144895167598, 22.519823167142629 ], [ 113.847368595937894, 22.514774865992852 ], [ 113.849759625325305, 22.504696069980451 ], [ 113.8488344089413, 22.49657524097903 ], [ 113.853176938735899, 22.48794145658427 ], [ 113.855778400610902, 22.479483788787491 ], [ 113.856812536207002, 22.472811420824289 ], [ 113.863092228922199, 22.465655250059601 ], [ 113.865497410609706, 22.455560397416299 ], [ 113.869845895805199, 22.446929182538721 ], [ 113.8745620504302, 22.441546540047401 ], [ 113.880850048328398, 22.434370341800719 ], [ 113.887506631137597, 22.43044009959274 ], [ 113.898047038960897, 22.429414987444769 ], [ 113.910340341059097, 22.428214759658491 ], [ 113.915796980139405, 22.429325596283402 ], [ 113.9151507616169, 22.439241211373051 ], [ 113.916261390201896, 22.44898298705985 ], [ 113.917187777536896, 22.457100563796569 ], [ 113.916354463860202, 22.465393025197521 ], [ 113.915511152159098, 22.47367432744025 ], [ 113.912548684686897, 22.47886728896675 ], [ 113.908193163543501, 22.48747597941545 ], [ 113.906802668012503, 22.49088493078585 ], [ 113.907536494649094, 22.497364420816279 ], [ 113.892682009531299, 22.507092095672199 ] ] ] } },
{ "type": "Feature", "properties": { "delta": "Ganges" }, "geometry": { "type": "Polygon", "coordinates": [ [ [ 90.600092477412701, 23.38057615995255 ], [ 90.547024645752458, 23.389362166670828 ], [ 90.521402469779915, 23.386678915606179 ], [ 90.487977267129452, 23.364076151952901 ], [ 90.455789935122297, 23.332046871568561 ], [ 90.437757105036809, 23.31104929044313 ], [ 90.42608874323308, 23.28116789545906 ], [ 90.430409451434059, 23.248198515085178 ], [ 90.433492977374954, 23.224652419025642 ], [ 90.436574183549482, 23.201110540011442 ], [ 90.4396400480273, 23.177583804802499 ], [ 90.443930242565798, 23.144651016441198 ], [ 90.453113925264148, 23.074099212975788 ], [ 90.471878778675318, 23.009361457158079 ], [ 90.488776711168384, 22.958759098227659 ], [ 90.496914880642422, 22.9358107198025 ], [ 90.5203591509906, 22.914482889328951 ], [ 90.539893194876399, 22.883227067137881 ], [ 90.553106761734284, 22.860829350179909 ], [ 90.570804478720461, 22.84367109397267 ], [ 90.580695588206353, 22.806666756092291 ], [ 90.591178141811341, 22.76497468608876 ], [ 90.604353004390234, 22.742591088752409 ], [ 90.613641912577634, 22.71029298598798 ], [ 90.634265798150921, 22.669692816372621 ], [ 90.642325156649662, 22.646783778510951 ], [ 90.649787548012014, 22.62856530541179 ], [ 90.675462210123328, 22.58851904860563 ], [ 90.683504940742381, 22.565615907177531 ], [ 90.702298812481928, 22.539102470895049 ], [ 90.705248803340879, 22.515642587395039 ], [ 90.738284537116428, 22.45742915995363 ], [ 90.75761470894831, 22.426240147704991 ], [ 90.774594988754941, 22.41379407264704 ], [ 90.783177046840805, 22.38621720310741 ], [ 90.784345969093636, 22.376846354363209 ], [ 90.791755277209077, 22.358641636267521 ], [ 90.796434441642646, 22.321159051139379 ], [ 90.800498690831077, 22.288364021062971 ], [ 90.788782879212704, 22.25864253777187 ], [ 90.771421099483774, 22.23306560261809 ], [ 90.745680325978199, 22.192351243778941 ], [ 90.732832540493177, 22.172007886201669 ], [ 90.699686204933784, 22.149468502921451 ], [ 90.665379941469126, 22.136301102772691 ], [ 90.638478123315323, 22.104924773149921 ], [ 90.615480470123245, 22.08345706904829 ], [ 90.593073623309579, 22.057297602829429 ], [ 90.573391918135698, 22.050424929681999 ], [ 90.549818144377838, 22.03362837610786 ], [ 90.516113113730199, 22.015727185464641 ], [ 90.482406907644574, 21.997816794009829 ], [ 90.448688501975482, 21.979892459938611 ], [ 90.423339703717375, 21.977129196595119 ], [ 90.397988495184663, 21.974361690903741 ], [ 90.362491848251906, 21.97048031052131 ], [ 90.326977233381228, 21.966591373762579 ], [ 90.301011243284478, 21.968494531880339 ], [ 90.266985041000751, 21.993281241465809 ], [ 90.231739834136192, 22.027443438814782 ], [ 90.207226305038631, 22.058031386875989 ], [ 90.172533365622272, 22.087498405564109 ], [ 90.138402180384304, 22.112273522202511 ], [ 90.115033584459567, 22.133479583516731 ], [ 90.079036142307586, 22.172322820824519 ], [ 90.067636087316941, 22.18057952682268 ], [ 90.033422687593344, 22.205349539735739 ], [ 90.005508203404105, 22.22129856838141 ], [ 89.988380564534822, 22.233682505631169 ], [ 89.961042658863789, 22.24493682811773 ], [ 89.935539835159943, 22.242111371628731 ], [ 89.920851940270623, 22.235721318295369 ], [ 89.896575284777299, 22.223501135835399 ], [ 89.8594632791511, 22.190796641866239 ], [ 89.840910016439793, 22.174438016423831 ], [ 89.822356935476051, 22.158075290147071 ], [ 89.798061730318878, 22.145828829762639 ], [ 89.780712921380683, 22.12006507730046 ], [ 89.778071706276108, 22.100712064904219 ], [ 89.765835007319509, 22.075514545442871 ], [ 89.76442972998349, 22.046768542917821 ], [ 89.764258563023901, 22.008633935139109 ], [ 89.752650113268118, 21.97873278126352 ], [ 89.746125198725537, 21.949401002459229 ], [ 89.733879636934759, 21.924182191763691 ], [ 89.698155196033738, 21.92012268132039 ], [ 89.672634127608376, 21.917213230523789 ], [ 89.63688578209505, 21.913140860822079 ], [ 89.611330014408836, 21.91022084829488 ], [ 89.57553599575354, 21.90613601946486 ], [ 89.534644029120798, 21.90143372655 ], [ 89.524429265451928, 21.900251617384878 ], [ 89.495621718603331, 21.88262334032083 ], [ 89.482721926195467, 21.862066612538261 ], [ 89.462862425945218, 21.854988215145891 ], [ 89.442301438019271, 21.85259233325251 ], [ 89.414867249111026, 21.863761811438621 ], [ 89.374632764457985, 21.892527882968299 ], [ 89.317719252603396, 21.928919487547841 ], [ 89.29919008647434, 21.950656065137949 ], [ 89.273503033157084, 21.947677965718189 ], [ 89.249696224895885, 21.930576908281289 ], [ 89.220116443585894, 21.917574571747821 ], [ 89.192428910973419, 21.890442569931238 ], [ 89.184678490475889, 21.8704128499629 ], [ 89.162141859036709, 21.84386409989866 ], [ 89.138972887915514, 21.82201326307807 ], [ 89.100351698568701, 21.79832644765423 ], [ 89.074614740939126, 21.795285998709961 ], [ 89.043710188041345, 21.791630342129331 ], [ 89.016029683495944, 21.80271264928686 ], [ 88.983185659656357, 21.813182519163831 ], [ 88.916768613525278, 21.838821332829792 ], [ 88.900623964582763, 21.841692726992491 ], [ 88.867684094365586, 21.85214475930816 ], [ 88.852176323523821, 21.850299180979128 ], [ 88.83666597126161, 21.848451411224289 ], [ 88.81080941391717, 21.845368457297681 ], [ 88.791416390956485, 21.833465565159351 ], [ 88.751953746918474, 21.81436259379117 ], [ 88.727823629112621, 21.797101953145422 ], [ 88.702757759425438, 21.789233366293441 ], [ 88.687192623408322, 21.78737591709297 ], [ 88.647014485762313, 21.772938802220359 ], [ 88.6372568648476, 21.766979356556799 ], [ 88.59311381161622, 21.742414981487329 ], [ 88.576232374546052, 21.711545866981659 ], [ 88.5723377885584, 21.701465033860881 ], [ 88.569744821044182, 21.68193310225827 ], [ 88.572996977085964, 21.658309274452812 ], [ 88.577543732571854, 21.625236352901648 ], [ 88.582065852525716, 21.592165281047428 ], [ 88.584638365550475, 21.57325678636284 ], [ 88.603422242928588, 21.551528087653359 ], [ 88.626704519760622, 21.53516607947055 ], [ 88.644183730009701, 21.52290242268964 ], [ 88.676558464002184, 21.517267293232901 ], [ 88.717977688628665, 21.52233095164037 ], [ 88.7522921044242, 21.540956696587791 ], [ 88.777542935087951, 21.548806125090842 ], [ 88.820878248559055, 21.57806227388981 ], [ 88.856381243375807, 21.58714712500738 ], [ 88.890716735364947, 21.605744418788529 ], [ 88.9416522739333, 21.616679162699011 ], [ 88.967354940147203, 21.61970327693696 ], [ 88.991847271927142, 21.63222108982799 ], [ 89.017598384610423, 21.635303356845089 ], [ 89.046599677851162, 21.653135025179811 ], [ 89.056896423989286, 21.654363581791511 ], [ 89.081370321295168, 21.666843818427719 ], [ 89.132837423938525, 21.672928112954011 ], [ 89.214416348098737, 21.687408969673371 ], [ 89.301598744396486, 21.697665578298619 ], [ 89.373347279862841, 21.706087383412719 ], [ 89.437262111196119, 21.694432119504292 ], [ 89.46346709522723, 21.692721854503109 ], [ 89.501075342350745, 21.682769780635169 ], [ 89.516413800800947, 21.68455252044031 ], [ 89.541971035235065, 21.687518984720349 ], [ 89.567508522516633, 21.690466248398341 ], [ 89.614074475861301, 21.691101200609609 ], [ 89.665088863962552, 21.69696699194704 ], [ 89.695688634504862, 21.700481173283571 ], [ 89.737680491049929, 21.695767736332801 ], [ 89.768253841879329, 21.699275368845711 ], [ 89.778442409256471, 21.70044131173794 ], [ 89.814693209296706, 21.699816478579319 ], [ 89.850921151985744, 21.699172943180049 ], [ 89.896697257398642, 21.70437498218033 ], [ 89.937387573333439, 21.708994406793039 ], [ 89.966095832412378, 21.72653729453145 ], [ 89.979574790275578, 21.742353921933891 ], [ 89.998702724183886, 21.754036605842991 ], [ 90.026210955883371, 21.780942561993879 ], [ 90.060582148535289, 21.79432361165787 ], [ 90.095536947046085, 21.80300715991946 ], [ 90.136156962006638, 21.807539158984319 ], [ 90.151985291183948, 21.80454475777422 ], [ 90.175243770285263, 21.783331724019199 ], [ 90.244770143813597, 21.762523437636268 ], [ 90.323761910642858, 21.74748750052667 ], [ 90.400918049108952, 21.746482798144712 ], [ 90.468487853513054, 21.739635632856888 ], [ 90.493795811986189, 21.742408044385481 ], [ 90.530385908583568, 21.736896740281569 ], [ 90.556266253370552, 21.734967798739401 ], [ 90.581565524337563, 21.737736153357741 ], [ 90.617550751584616, 21.736894078030701 ], [ 90.668102408388634, 21.742365975548061 ], [ 90.698441231124292, 21.74564919507857 ], [ 90.718651622655017, 21.747830126087258 ], [ 90.756780201334891, 21.770940830503498 ], [ 90.769642094682141, 21.791333278906169 ], [ 90.79318290215582, 21.80810315167307 ], [ 90.80719188776493, 21.819102841720412 ], [ 90.845895332794569, 21.837486714265228 ], [ 90.891372984553925, 21.84233556902689 ], [ 90.92559400562719, 21.85546781229456 ], [ 90.959245177178886, 21.873276682378251 ], [ 91.007487067731191, 21.897363422335289 ], [ 91.03609452604158, 21.914618502047151 ], [ 91.059084114862856, 21.936017832969821 ], [ 91.092185992935256, 21.958477522713821 ], [ 91.11012429442323, 21.979336148630491 ], [ 91.11909537674272, 21.989763486256852 ], [ 91.137608094236981, 22.005931093426021 ], [ 91.171287315611465, 22.023676346456611 ], [ 91.185884444202372, 22.029940419827501 ], [ 91.208330177114135, 22.05599226757932 ], [ 91.227421781237268, 22.067461629067491 ], [ 91.240894056463034, 22.08308827594087 ], [ 91.248748208883597, 22.102873545184249 ], [ 91.25660441685352, 22.12265818568094 ], [ 91.26446259193952, 22.142441917678831 ], [ 91.27681640615873, 22.16743080544617 ], [ 91.292541646310596, 22.206992808573411 ], [ 91.304904263711933, 22.231978436197991 ], [ 91.319523542013272, 22.238226757073409 ], [ 91.339204837918288, 22.244994196312771 ], [ 91.362823866468133, 22.261647630705159 ], [ 91.399954942487696, 22.29390559555512 ], [ 91.416845831651287, 22.324085165905341 ], [ 91.441607242220073, 22.331359907608679 ], [ 91.45173458327848, 22.33239244932307 ], [ 91.477613739106573, 22.330290949362471 ], [ 91.502935116630184, 22.332870438028639 ], [ 91.533322360005144, 22.335961112036731 ], [ 91.558090476095387, 22.343216302837309 ], [ 91.58175303933757, 22.359839176691938 ], [ 91.594733980034476, 22.38011882631816 ], [ 91.602098011974562, 22.404571240560191 ], [ 91.599325834950704, 22.427998242109378 ], [ 91.606139862720809, 22.457138106786559 ], [ 91.603368825217999, 22.480567668155981 ], [ 91.605668961715111, 22.504511511437109 ], [ 91.60796980108789, 22.528456344591429 ], [ 91.603535048633105, 22.56595013238751 ], [ 91.600762978311266, 22.58938570080138 ], [ 91.597432956131499, 22.61751025677378 ], [ 91.594657731219783, 22.64094850451032 ], [ 91.585135641843465, 22.67793797124369 ], [ 91.568231027160564, 22.690460059622339 ], [ 91.542898457769653, 22.730594682934981 ], [ 91.529389010083449, 22.757695629221359 ], [ 91.505707373454484, 22.78376962595587 ], [ 91.488219457122071, 22.800987220674251 ], [ 91.471847249845041, 22.808823528766052 ], [ 91.454349684435741, 22.826038670307739 ], [ 91.432323259261622, 22.838046733923221 ], [ 91.398427302523373, 22.86309524621694 ], [ 91.371299026776413, 22.874581178106279 ], [ 91.328334011987181, 22.889196328818809 ], [ 91.322678532575836, 22.893369291262381 ], [ 91.284216401942459, 22.913188411602231 ], [ 91.278557666885774, 22.917360139278369 ], [ 91.252542098973365, 22.91944216763369 ], [ 91.220289328214463, 22.93038702533692 ], [ 91.171028324520961, 22.953845216652208 ], [ 91.133080728346471, 22.96895291678705 ], [ 91.083775306463252, 22.992391690694209 ], [ 90.997017758160325, 23.02622495100216 ], [ 90.956648292538233, 23.060114429123299 ], [ 90.912325526060485, 23.084074161098361 ], [ 90.889563500471709, 23.10075224844811 ], [ 90.859908984016243, 23.131008418882171 ], [ 90.853619610209975, 23.139881636331289 ], [ 90.846143258014038, 23.15815925398628 ], [ 90.833556643530969, 23.175908362120921 ], [ 90.820370802524621, 23.19836183337442 ], [ 90.811088243897501, 23.230769961032689 ], [ 90.787657792849828, 23.252178356313081 ], [ 90.774441202803047, 23.274652325563821 ], [ 90.754904411568816, 23.306012170132799 ], [ 90.735954692402032, 23.332667920387561 ], [ 90.728432435741269, 23.350973645142421 ], [ 90.711272667821788, 23.36350378472136 ], [ 90.703741794608149, 23.381814434064779 ], [ 90.684740629880153, 23.408507006287842 ], [ 90.66815726776511, 23.41634101960598 ], [ 90.656085909735793, 23.429423236626711 ], [ 90.619604458978685, 23.43040510323323 ], [ 90.558101844047613, 23.423983615423261 ], [ 90.600092477412701, 23.38057615995255 ] ] ] } }
]
}
