Bulk Density,Moisture,Sand,Silt,Clay,pH,EC,OM,TN,CEC,Lat,Long,Elevation,Slope,Aspect,embedding_0,embedding_1,embedding_2,embedding_3,embedding_4,embedding_5,embedding_6,embedding_7,embedding_8,embedding_9,embedding_10,embedding_11,embedding_12,embedding_13,embedding_14,embedding_15,embedding_16,embedding_17,embedding_18,embedding_19,embedding_20,embedding_21,embedding_22,embedding_23,embedding_24,embedding_25,embedding_26,embedding_27,embedding_28,embedding_29,embedding_30,embedding_31,embedding_32,embedding_33,embedding_34,embedding_35,embedding_36,embedding_37,embedding_38,embedding_39,embedding_40,embedding_41,embedding_42,embedding_43,embedding_44,embedding_45,embedding_46,embedding_47,embedding_48,embedding_49,embedding_50,embedding_51,embedding_52,embedding_53,embedding_54,embedding_55,embedding_56,embedding_57,embedding_58,embedding_59,embedding_60,embedding_61,embedding_62,embedding_63
1.9513513262934497,-0.626004782268331,0.5568810355385876,0.1376172652616248,-0.7425474453877057,-1.1871345182445474,-0.5648922378785086,-0.4370030235680474,-0.6605675369216827,-0.9238241838371324,1.511815064139004,-0.8632290140089028,-0.2881467291161671,1.528860321847439,-0.4410940565638109,-1.2398293699003051,-0.8242214144797122,0.1022936369572054,0.8095897885322954,-0.7923881504093334,0.4822049187073947,-0.1604062896761291,-0.8062668499910282,-0.0352763152315399,-0.6090021082557264,-0.6239482268684704,-1.8266408427271712,1.7057102132356243,0.1469915641088715,-0.5606484052610458,0.1662765963879372,0.0157709139255316,-0.0988665767296144,0.8973857741385489,0.573813964179032,-0.6168521206835302,-0.5404468567313209,-0.2957172469903725,-1.863132869464462,-1.5826729537883732,0.8178470358255057,1.325470408259814,-0.047539286672304,0.3171155171254272,0.3708111535890541,2.8100534140275375,1.1480418390531235,-0.0308812822793567,-0.6281429701093613,-1.42988649187424,0.1309736137401997,-0.5566611577191982,-1.5030200013955872,-0.5967979703915491,-0.7439355890898145,1.3900483498097729,0.9979570078102422,0.1425164622663078,1.1997686567943684,-0.5701335486130905,-0.5848281391279755,1.5745960466379785,0.272662401568481,-1.3534036433984034,-0.3358681731390632,-0.9066749930258824,-1.116661489882114,0.6905153263158833,1.7247052879702325,-1.4939789064874711,0.6379948564849989,-0.8304116324028349,-0.2134506486742505,-0.5259757695128646,-0.8913506757058253,-0.0080870286941555,-0.7517988396592579,0.4265309224179783,-0.3017128598135593
1.1665729927750692,-0.1557064785260373,-0.6297867391692371,0.5577892982044285,0.1088562149987043,-0.5115673865904679,-0.5568300721851941,-0.1545181150304381,-0.8195488935815342,-0.9690617401053,1.511815064139004,-0.8632290140089028,-0.2881467291161671,1.528860321847439,-0.4410940565638109,-1.2398293699003051,-0.8242214144797122,0.1022936369572054,0.8095897885322954,-0.7923881504093334,0.4822049187073947,-0.1604062896761291,-0.8062668499910282,-0.0352763152315399,-0.6090021082557264,-0.6239482268684704,-1.8266408427271712,1.7057102132356243,0.1469915641088715,-0.5606484052610458,0.1662765963879372,0.0157709139255316,-0.0988665767296144,0.8973857741385489,0.573813964179032,-0.6168521206835302,-0.5404468567313209,-0.2957172469903725,-1.863132869464462,-1.5826729537883732,0.8178470358255057,1.325470408259814,-0.047539286672304,0.3171155171254272,0.3708111535890541,2.8100534140275375,1.1480418390531235,-0.0308812822793567,-0.6281429701093613,-1.42988649187424,0.1309736137401997,-0.5566611577191982,-1.5030200013955872,-0.5967979703915491,-0.7439355890898145,1.3900483498097729,0.9979570078102422,0.1425164622663078,1.1997686567943684,-0.5701335486130905,-0.5848281391279755,1.5745960466379785,0.272662401568481,-1.3534036433984034,-0.3358681731390632,-0.9066749930258824,-1.116661489882114,0.6905153263158833,1.7247052879702325,-1.4939789064874711,0.6379948564849989,-0.8304116324028349,-0.2134506486742505,-0.5259757695128646,-0.8913506757058253,-0.0080870286941555,-0.7517988396592579,0.4265309224179783,-0.3017128598135593
0.0678833258493384,0.9068193188176638,-0.6297867391692371,0.7678753146758303,-0.1039947000978981,-0.4183857132588727,-0.5582528073075437,-0.1721734218140386,-0.9785302502413856,-1.0224420565017374,1.511815064139004,-0.8632290140089028,-0.2881467291161671,1.528860321847439,-0.4410940565638109,-1.2398293699003051,-0.8242214144797122,0.1022936369572054,0.8095897885322954,-0.7923881504093334,0.4822049187073947,-0.1604062896761291,-0.8062668499910282,-0.0352763152315399,-0.6090021082557264,-0.6239482268684704,-1.8266408427271712,1.7057102132356243,0.1469915641088715,-0.5606484052610458,0.1662765963879372,0.0157709139255316,-0.0988665767296144,0.8973857741385489,0.573813964179032,-0.6168521206835302,-0.5404468567313209,-0.2957172469903725,-1.863132869464462,-1.5826729537883732,0.8178470358255057,1.325470408259814,-0.047539286672304,0.3171155171254272,0.3708111535890541,2.8100534140275375,1.1480418390531235,-0.0308812822793567,-0.6281429701093613,-1.42988649187424,0.1309736137401997,-0.5566611577191982,-1.5030200013955872,-0.5967979703915491,-0.7439355890898145,1.3900483498097729,0.9979570078102422,0.1425164622663078,1.1997686567943684,-0.5701335486130905,-0.5848281391279755,1.5745960466379785,0.272662401568481,-1.3534036433984034,-0.3358681731390632,-0.9066749930258824,-1.116661489882114,0.6905153263158833,1.7247052879702325,-1.4939789064874711,0.6379948564849989,-0.8304116324028349,-0.2134506486742505,-0.5259757695128646,-0.8913506757058253,-0.0080870286941555,-0.7517988396592579,0.4265309224179783,-0.3017128598135593
-0.2460280075580136,0.5410317492403247,-0.0364528518153247,0.977961331147232,-0.1039947000978981,-0.1854315299298806,-0.5568300721851941,-0.2377502755816979,-0.9785302502413856,-1.0676796127699049,1.511815064139004,-0.8632290140089028,-0.2881467291161671,1.528860321847439,-0.4410940565638109,-1.2398293699003051,-0.8242214144797122,0.1022936369572054,0.8095897885322954,-0.7923881504093334,0.4822049187073947,-0.1604062896761291,-0.8062668499910282,-0.0352763152315399,-0.6090021082557264,-0.6239482268684704,-1.8266408427271712,1.7057102132356243,0.1469915641088715,-0.5606484052610458,0.1662765963879372,0.0157709139255316,-0.0988665767296144,0.8973857741385489,0.573813964179032,-0.6168521206835302,-0.5404468567313209,-0.2957172469903725,-1.863132869464462,-1.5826729537883732,0.8178470358255057,1.325470408259814,-0.047539286672304,0.3171155171254272,0.3708111535890541,2.8100534140275375,1.1480418390531235,-0.0308812822793567,-0.6281429701093613,-1.42988649187424,0.1309736137401997,-0.5566611577191982,-1.5030200013955872,-0.5967979703915491,-0.7439355890898145,1.3900483498097729,0.9979570078102422,0.1425164622663078,1.1997686567943684,-0.5701335486130905,-0.5848281391279755,1.5745960466379785,0.272662401568481,-1.3534036433984034,-0.3358681731390632,-0.9066749930258824,-1.116661489882114,0.6905153263158833,1.7247052879702325,-1.4939789064874711,0.6379948564849989,-0.8304116324028349,-0.2134506486742505,-0.5259757695128646,-0.8913506757058253,-0.0080870286941555,-0.7517988396592579,0.4265309224179783,-0.3017128598135593
1.1665729927750692,-0.9206669910945214,3.919106397210758,-2.803586965338001,-1.381100190677513,0.4901356017242008,-0.5909757151215849,-0.3386377429165584,-1.137511606901237,-1.1753449966881433,1.511815064139004,-0.8632290140089028,-0.2881467291161671,1.528860321847439,-0.4410940565638109,-1.2398293699003051,-0.8242214144797122,0.1022936369572054,0.8095897885322954,-0.7923881504093334,0.4822049187073947,-0.1604062896761291,-0.8062668499910282,-0.0352763152315399,-0.6090021082557264,-0.6239482268684704,-1.8266408427271712,1.7057102132356243,0.1469915641088715,-0.5606484052610458,0.1662765963879372,0.0157709139255316,-0.0988665767296144,0.8973857741385489,0.573813964179032,-0.6168521206835302,-0.5404468567313209,-0.2957172469903725,-1.863132869464462,-1.5826729537883732,0.8178470358255057,1.325470408259814,-0.047539286672304,0.3171155171254272,0.3708111535890541,2.8100534140275375,1.1480418390531235,-0.0308812822793567,-0.6281429701093613,-1.42988649187424,0.1309736137401997,-0.5566611577191982,-1.5030200013955872,-0.5967979703915491,-0.7439355890898145,1.3900483498097729,0.9979570078102422,0.1425164622663078,1.1997686567943684,-0.5701335486130905,-0.5848281391279755,1.5745960466379785,0.272662401568481,-1.3534036433984034,-0.3358681731390632,-0.9066749930258824,-1.116661489882114,0.6905153263158833,1.7247052879702325,-1.4939789064874711,0.6379948564849989,-0.8304116324028349,-0.2134506486742505,-0.5259757695128646,-0.8913506757058253,-0.0080870286941555,-0.7517988396592579,0.4265309224179783,-0.3017128598135593
1.6374399928860972,-0.6579386177076224,-0.432008776717933,-0.4926407841525806,0.9602598753851144,-0.2786132032614758,-0.5103540581884398,-0.2125284087479829,0.4523019596972775,-0.3411644591031365,1.470600835433955,-0.8344397222027522,0.5987598428197815,0.7645128900753796,1.1731630724913078,0.3266489404386085,1.3366551267464273,0.3830583489770686,0.4221805853614581,0.432833971987876,1.5044320468578822,-0.3174844825559517,1.5163009356519734,0.025772123597889,-0.9469065651243016,-0.0508078361222546,-1.2171161223261395,0.6017210136314339,-0.5721992333320921,-0.3041420378520345,-1.7372260532968082,-0.3694836630625857,-2.2921687881068182,-1.8965747050458768,0.5766910338978558,0.745715801131702,0.3411545405008562,-0.930423144209758,0.1775154527837954,-0.1628401252818083,-1.536479116906012,1.1883640097425046,1.5996663392855568,-0.514949031674274,-0.0016361481503022,0.0844110666269575,-1.9375651891569228,-0.2064351883608704,-0.3871979040888965,-0.7859807066862011,-0.4475796848983479,1.813898332752988,0.2981398135837711,-0.520187645258876,1.3973553030355803,1.1335743447860411,1.0375478742412447,0.2051456397028472,-0.7754822999194778,0.1789840314566621,0.9745925890136145,0.9960173439418774,0.3701017744273466,0.5708769041291438,-0.7123985055751181,1.6517048952891766,0.43985692908525,1.666795218877005,-0.6678158089687972,1.7034910199759707,0.3384440566847819,-0.8311744724497606,-0.2087468151232014,-0.2072589281108675,0.5312755934196265,0.4166286067863879,-0.4929398000712039,0.1274341029481043,1.7522259816650152
0.5387503259603666,-0.3153756557224948,-0.0364528518153247,-0.0724687512097769,0.1088562149987043,0.0941134900649131,-0.5629952577153757,-0.5631123577366229,-0.0246421102822769,-0.6460655883505848,1.470600835433955,-0.8344397222027522,0.5987598428197815,0.7645128900753796,1.1731630724913078,0.3266489404386085,1.3366551267464273,0.3830583489770686,0.4221805853614581,0.432833971987876,1.5044320468578822,-0.3174844825559517,1.5163009356519734,0.025772123597889,-0.9469065651243016,-0.0508078361222546,-1.2171161223261395,0.6017210136314339,-0.5721992333320921,-0.3041420378520345,-1.7372260532968082,-0.3694836630625857,-2.2921687881068182,-1.8965747050458768,0.5766910338978558,0.745715801131702,0.3411545405008562,-0.930423144209758,0.1775154527837954,-0.1628401252818083,-1.536479116906012,1.1883640097425046,1.5996663392855568,-0.514949031674274,-0.0016361481503022,0.0844110666269575,-1.9375651891569228,-0.2064351883608704,-0.3871979040888965,-0.7859807066862011,-0.4475796848983479,1.813898332752988,0.2981398135837711,-0.520187645258876,1.3973553030355803,1.1335743447860411,1.0375478742412447,0.2051456397028472,-0.7754822999194778,0.1789840314566621,0.9745925890136145,0.9960173439418774,0.3701017744273466,0.5708769041291438,-0.7123985055751181,1.6517048952891766,0.43985692908525,1.666795218877005,-0.6678158089687972,1.7034910199759707,0.3384440566847819,-0.8311744724497606,-0.2087468151232014,-0.2072589281108675,0.5312755934196265,0.4166286067863879,-0.4929398000712039,0.1274341029481043,1.7522259816650152
0.931139492719555,-0.3531156430598396,0.3591030730872834,-0.0724687512097769,-0.3168456151945006,0.4435447650584033,-0.5748513837349559,-0.6286892115042823,-0.5015861802618313,-0.8794913786943286,1.470600835433955,-0.8344397222027522,0.5987598428197815,0.7645128900753796,1.1731630724913078,0.3266489404386085,1.3366551267464273,0.3830583489770686,0.4221805853614581,0.432833971987876,1.5044320468578822,-0.3174844825559517,1.5163009356519734,0.025772123597889,-0.9469065651243016,-0.0508078361222546,-1.2171161223261395,0.6017210136314339,-0.5721992333320921,-0.3041420378520345,-1.7372260532968082,-0.3694836630625857,-2.2921687881068182,-1.8965747050458768,0.5766910338978558,0.745715801131702,0.3411545405008562,-0.930423144209758,0.1775154527837954,-0.1628401252818083,-1.536479116906012,1.1883640097425046,1.5996663392855568,-0.514949031674274,-0.0016361481503022,0.0844110666269575,-1.9375651891569228,-0.2064351883608704,-0.3871979040888965,-0.7859807066862011,-0.4475796848983479,1.813898332752988,0.2981398135837711,-0.520187645258876,1.3973553030355803,1.1335743447860411,1.0375478742412447,0.2051456397028472,-0.7754822999194778,0.1789840314566621,0.9745925890136145,0.9960173439418774,0.3701017744273466,0.5708769041291438,-0.7123985055751181,1.6517048952891766,0.43985692908525,1.666795218877005,-0.6678158089687972,1.7034910199759707,0.3384440566847819,-0.8311744724497606,-0.2087468151232014,-0.2072589281108675,0.5312755934196265,0.4166286067863879,-0.4929398000712039,0.1274341029481043,1.7522259816650152
0.1463611592011764,0.0373480720842255,-0.2342308142666288,0.1376172652616248,0.1088562149987043,-0.3019086215943746,-0.5691604432455575,-0.5706789177867375,-1.137511606901237,-1.0948221465308057,1.470600835433955,-0.8344397222027522,0.5987598428197815,0.7645128900753796,1.1731630724913078,0.3266489404386085,1.3366551267464273,0.3830583489770686,0.4221805853614581,0.432833971987876,1.5044320468578822,-0.3174844825559517,1.5163009356519734,0.025772123597889,-0.9469065651243016,-0.0508078361222546,-1.2171161223261395,0.6017210136314339,-0.5721992333320921,-0.3041420378520345,-1.7372260532968082,-0.3694836630625857,-2.2921687881068182,-1.8965747050458768,0.5766910338978558,0.745715801131702,0.3411545405008562,-0.930423144209758,0.1775154527837954,-0.1628401252818083,-1.536479116906012,1.1883640097425046,1.5996663392855568,-0.514949031674274,-0.0016361481503022,0.0844110666269575,-1.9375651891569228,-0.2064351883608704,-0.3871979040888965,-0.7859807066862011,-0.4475796848983479,1.813898332752988,0.2981398135837711,-0.520187645258876,1.3973553030355803,1.1335743447860411,1.0375478742412447,0.2051456397028472,-0.7754822999194778,0.1789840314566621,0.9745925890136145,0.9960173439418774,0.3701017744273466,0.5708769041291438,-0.7123985055751181,1.6517048952891766,0.43985692908525,1.666795218877005,-0.6678158089687972,1.7034910199759707,0.3384440566847819,-0.8311744724497606,-0.2087468151232014,-0.2072589281108675,0.5312755934196265,0.4166286067863879,-0.4929398000712039,0.1274341029481043,1.7522259816650152
0.3033168259048525,-0.1063541873925867,-0.0760084443055855,-0.0304515479154966,0.1088562149987043,0.23388600006231,-0.5686861982047742,-0.5530236110031369,-1.137511606901237,-1.1662974854345098,1.470600835433955,-0.8344397222027522,0.5987598428197815,0.7645128900753796,1.1731630724913078,0.3266489404386085,1.3366551267464273,0.3830583489770686,0.4221805853614581,0.432833971987876,1.5044320468578822,-0.3174844825559517,1.5163009356519734,0.025772123597889,-0.9469065651243016,-0.0508078361222546,-1.2171161223261395,0.6017210136314339,-0.5721992333320921,-0.3041420378520345,-1.7372260532968082,-0.3694836630625857,-2.2921687881068182,-1.8965747050458768,0.5766910338978558,0.745715801131702,0.3411545405008562,-0.930423144209758,0.1775154527837954,-0.1628401252818083,-1.536479116906012,1.1883640097425046,1.5996663392855568,-0.514949031674274,-0.0016361481503022,0.0844110666269575,-1.9375651891569228,-0.2064351883608704,-0.3871979040888965,-0.7859807066862011,-0.4475796848983479,1.813898332752988,0.2981398135837711,-0.520187645258876,1.3973553030355803,1.1335743447860411,1.0375478742412447,0.2051456397028472,-0.7754822999194778,0.1789840314566621,0.9745925890136145,0.9960173439418774,0.3701017744273466,0.5708769041291438,-0.7123985055751181,1.6517048952891766,0.43985692908525,1.666795218877005,-0.6678158089687972,1.7034910199759707,0.3384440566847819,-0.8311744724497606,-0.2087468151232014,-0.2072589281108675,0.5312755934196265,0.4166286067863879,-0.4929398000712039,0.1274341029481043,1.7522259816650152
0.852661659367717,-0.837929326547266,-0.5902311466789762,0.9359441278529516,-0.3168456151945006,-0.1155452749311801,-0.5596755424298934,-0.5126686240691928,-0.1836234669421283,-0.7003506558723857,1.4214455897192952,-0.8257770832621999,1.425591617067102,-1.040382843466428,0.4560296756273088,-0.7253630839476455,0.1473922228262759,-0.6800113834372451,0.3266052549970647,0.390152497304102,0.3899121285182141,-0.5443928807696157,-0.488019444322199,0.721901286708279,-0.0431046089515394,1.2933299292506577,-0.8852256818876123,-0.0032278601668002,1.0851529533732782,-1.2876906278783882,-1.6207348984238346,-1.5857761012378189,1.37821692668282,-0.5847453879646742,2.355998783677335,-0.651784724224099,0.1290418602006482,1.3711745964512696,2.0367444248971793,1.7769109462797223,0.6700671136139801,0.7241394211342955,1.1831330719389317,0.5276604676671491,-0.7587676840699177,-0.8903656204039766,0.0519833360523553,-0.093099590173197,-0.1857121440084266,1.0217396360772697,1.028647576101203,0.227410493282425,1.0285987844683893,-1.099902573519211,0.4054461106408774,-0.7523555141946451,-1.532695434713638,0.0733049982950918,-0.2877349142571027,1.162628270939059,1.269540405815384,-0.7725092434001603,1.6039341637722335,0.729003074926527,0.5074158245268383,-0.1493916201156083,-0.6996982627524437,-0.4126131242223786,0.9691206714664996,1.8550977279164556,1.442364527890828,-0.6712462957043384,-1.1318305438172924,0.3331003087332112,-1.8902138695341737,0.2378397654909178,-0.0641774285366699,-0.3206681288406906,-1.7485654546268887
0.931139492719555,-0.7784162695922227,-0.432008776717933,-0.7027268006239824,1.1731107904817168,0.0009318167333137,-0.5454481912063971,-0.4950133172855921,-0.6605675369216827,-0.8975864012015955,1.4214455897192952,-0.8257770832621999,1.425591617067102,-1.040382843466428,0.4560296756273088,-0.7253630839476455,0.1473922228262759,-0.6800113834372451,0.3266052549970647,0.390152497304102,0.3899121285182141,-0.5443928807696157,-0.488019444322199,0.721901286708279,-0.0431046089515394,1.2933299292506577,-0.8852256818876123,-0.0032278601668002,1.0851529533732782,-1.2876906278783882,-1.6207348984238346,-1.5857761012378189,1.37821692668282,-0.5847453879646742,2.355998783677335,-0.651784724224099,0.1290418602006482,1.3711745964512696,2.0367444248971793,1.7769109462797223,0.6700671136139801,0.7241394211342955,1.1831330719389317,0.5276604676671491,-0.7587676840699177,-0.8903656204039766,0.0519833360523553,-0.093099590173197,-0.1857121440084266,1.0217396360772697,1.028647576101203,0.227410493282425,1.0285987844683893,-1.099902573519211,0.4054461106408774,-0.7523555141946451,-1.532695434713638,0.0733049982950918,-0.2877349142571027,1.162628270939059,1.269540405815384,-0.7725092434001603,1.6039341637722335,0.729003074926527,0.5074158245268383,-0.1493916201156083,-0.6996982627524437,-0.4126131242223786,0.9691206714664996,1.8550977279164556,1.442364527890828,-0.6712462957043384,-1.1318305438172924,0.3331003087332112,-1.8902138695341737,0.2378397654909178,-0.0641774285366699,-0.3206681288406906,-1.7485654546268887
-0.952328507724556,-2.8657278769422803,3.523550472308149,-2.3834149323951968,-1.381100190677513,0.6532035300544965,-0.6061515564266475,-0.5959007846204527,-0.9785302502413856,-1.0224420565017374,1.4214455897192952,-0.8257770832621999,1.425591617067102,-1.040382843466428,0.4560296756273088,-0.7253630839476455,0.1473922228262759,-0.6800113834372451,0.3266052549970647,0.390152497304102,0.3899121285182141,-0.5443928807696157,-0.488019444322199,0.721901286708279,-0.0431046089515394,1.2933299292506577,-0.8852256818876123,-0.0032278601668002,1.0851529533732782,-1.2876906278783882,-1.6207348984238346,-1.5857761012378189,1.37821692668282,-0.5847453879646742,2.355998783677335,-0.651784724224099,0.1290418602006482,1.3711745964512696,2.0367444248971793,1.7769109462797223,0.6700671136139801,0.7241394211342955,1.1831330719389317,0.5276604676671491,-0.7587676840699177,-0.8903656204039766,0.0519833360523553,-0.093099590173197,-0.1857121440084266,1.0217396360772697,1.028647576101203,0.227410493282425,1.0285987844683893,-1.099902573519211,0.4054461106408774,-0.7523555141946451,-1.532695434713638,0.0733049982950918,-0.2877349142571027,1.162628270939059,1.269540405815384,-0.7725092434001603,1.6039341637722335,0.729003074926527,0.5074158245268383,-0.1493916201156083,-0.6996982627524437,-0.4126131242223786,0.9691206714664996,1.8550977279164556,1.442364527890828,-0.6712462957043384,-1.1318305438172924,0.3331003087332112,-1.8902138695341737,0.2378397654909178,-0.0641774285366699,-0.3206681288406906,-1.7485654546268887
-0.6384171743172038,0.1346011163766132,-0.2342308142666288,0.977961331147232,-0.7425474453877057,0.3969539283926015,-0.5810165692651376,-0.5706789177867375,-1.137511606901237,-1.130107440419976,1.4214455897192952,-0.8257770832621999,1.425591617067102,-1.040382843466428,0.4560296756273088,-0.7253630839476455,0.1473922228262759,-0.6800113834372451,0.3266052549970647,0.390152497304102,0.3899121285182141,-0.5443928807696157,-0.488019444322199,0.721901286708279,-0.0431046089515394,1.2933299292506577,-0.8852256818876123,-0.0032278601668002,1.0851529533732782,-1.2876906278783882,-1.6207348984238346,-1.5857761012378189,1.37821692668282,-0.5847453879646742,2.355998783677335,-0.651784724224099,0.1290418602006482,1.3711745964512696,2.0367444248971793,1.7769109462797223,0.6700671136139801,0.7241394211342955,1.1831330719389317,0.5276604676671491,-0.7587676840699177,-0.8903656204039766,0.0519833360523553,-0.093099590173197,-0.1857121440084266,1.0217396360772697,1.028647576101203,0.227410493282425,1.0285987844683893,-1.099902573519211,0.4054461106408774,-0.7523555141946451,-1.532695434713638,0.0733049982950918,-0.2877349142571027,1.162628270939059,1.269540405815384,-0.7725092434001603,1.6039341637722335,0.729003074926527,0.5074158245268383,-0.1493916201156083,-0.6996982627524437,-0.4126131242223786,0.9691206714664996,1.8550977279164556,1.442364527890828,-0.6712462957043384,-1.1318305438172924,0.3331003087332112,-1.8902138695341737,0.2378397654909178,-0.0641774285366699,-0.3206681288406906,-1.7485654546268887
0.1463611592011764,0.2057264771277629,-0.432008776717933,0.977961331147232,-0.9553983604843082,0.0475226533991155,-0.5653664829192918,-0.5858120378869666,-1.137511606901237,-1.1843925079417768,1.4214455897192952,-0.8257770832621999,1.425591617067102,-1.040382843466428,0.4560296756273088,-0.7253630839476455,0.1473922228262759,-0.6800113834372451,0.3266052549970647,0.390152497304102,0.3899121285182141,-0.5443928807696157,-0.488019444322199,0.721901286708279,-0.0431046089515394,1.2933299292506577,-0.8852256818876123,-0.0032278601668002,1.0851529533732782,-1.2876906278783882,-1.6207348984238346,-1.5857761012378189,1.37821692668282,-0.5847453879646742,2.355998783677335,-0.651784724224099,0.1290418602006482,1.3711745964512696,2.0367444248971793,1.7769109462797223,0.6700671136139801,0.7241394211342955,1.1831330719389317,0.5276604676671491,-0.7587676840699177,-0.8903656204039766,0.0519833360523553,-0.093099590173197,-0.1857121440084266,1.0217396360772697,1.028647576101203,0.227410493282425,1.0285987844683893,-1.099902573519211,0.4054461106408774,-0.7523555141946451,-1.532695434713638,0.0733049982950918,-0.2877349142571027,1.162628270939059,1.269540405815384,-0.7725092434001603,1.6039341637722335,0.729003074926527,0.5074158245268383,-0.1493916201156083,-0.6996982627524437,-0.4126131242223786,0.9691206714664996,1.8550977279164556,1.442364527890828,-0.6712462957043384,-1.1318305438172924,0.3331003087332112,-1.8902138695341737,0.2378397654909178,-0.0641774285366699,-0.3206681288406906,-1.7485654546268887
0.7741838260158808,-0.6797116873253215,-0.6297867391692371,1.188047347618634,-0.5296965302911031,0.0941134900649131,-0.5629952577153757,-0.361337423066902,-0.0246421102822769,-0.6822556333651187,1.4615459217496785,-0.9177907322533098,1.177070253293686,-1.1166059342428272,0.9626106932644364,0.7470559847969129,0.5983176040502398,0.955608300010386,0.1186833966918035,-0.3216510313640079,0.4034426205263297,1.2699098061878482,0.579104136497078,1.147802662041873,0.8805129249096874,0.1369540268137012,0.848183147287325,-0.2499436664590442,-0.8118822717067924,-0.0177155062792551,-0.7014284543933175,-0.6220363957329202,-0.0227490721513492,-0.8905228373393025,-0.4807048275560838,-2.0278776559579024,0.1543489170772846,-0.0423051041429299,-0.5189718215013097,0.4597722000769345,0.4175989968628517,-1.824520375889911,-0.7987397796533305,-1.0868707094135277,-1.2678918363782057,0.6741605627635437,-0.133907667192124,-0.2319564355941284,-1.551492548633179,0.95683081876464,-1.5915887570076417,0.2009817803611625,-0.0191794163657179,1.4428188634051375,-1.0381422594133072,-2.8045042533336324,0.3553983563515853,1.817942632769967,0.9759521264233216,-0.4105123915667664,-0.1254316221259016,0.9148686212135796,-1.2582964225621738,0.0423219482578356,0.4237600265432555,1.351672482310634,2.963202874881744,0.2370228015003298,-0.5018843679476078,-0.0934171843989521,-1.2755781101277162,-0.8737664094717206,-0.1004225144567527,-0.4459522723985497,0.231090398708527,-0.7879556544813018,1.212390276200533,0.1523527902636171,-0.2633623974458717
1.009617326071393,-1.0542084847497404,-0.6297867391692371,0.7678753146758303,-0.1039947000978981,0.3503630917268039,-0.5710574234086904,-0.4874467572354776,-0.8195488935815342,-0.9509667175980332,1.4615459217496785,-0.9177907322533098,1.177070253293686,-1.1166059342428272,0.9626106932644364,0.7470559847969129,0.5983176040502398,0.955608300010386,0.1186833966918035,-0.3216510313640079,0.4034426205263297,1.2699098061878482,0.579104136497078,1.147802662041873,0.8805129249096874,0.1369540268137012,0.848183147287325,-0.2499436664590442,-0.8118822717067924,-0.0177155062792551,-0.7014284543933175,-0.6220363957329202,-0.0227490721513492,-0.8905228373393025,-0.4807048275560838,-2.0278776559579024,0.1543489170772846,-0.0423051041429299,-0.5189718215013097,0.4597722000769345,0.4175989968628517,-1.824520375889911,-0.7987397796533305,-1.0868707094135277,-1.2678918363782057,0.6741605627635437,-0.133907667192124,-0.2319564355941284,-1.551492548633179,0.95683081876464,-1.5915887570076417,0.2009817803611625,-0.0191794163657179,1.4428188634051375,-1.0381422594133072,-2.8045042533336324,0.3553983563515853,1.817942632769967,0.9759521264233216,-0.4105123915667664,-0.1254316221259016,0.9148686212135796,-1.2582964225621738,0.0423219482578356,0.4237600265432555,1.351672482310634,2.963202874881744,0.2370228015003298,-0.5018843679476078,-0.0934171843989521,-1.2755781101277162,-0.8737664094717206,-0.1004225144567527,-0.4459522723985497,0.231090398708527,-0.7879556544813018,1.212390276200533,0.1523527902636171,-0.2633623974458717
0.931139492719555,-1.2762937948502684,-0.6297867391692371,0.5577892982044285,0.1088562149987043,0.583317275055796,-0.5838620395098368,-0.5202351841193072,-1.137511606901237,-1.0948221465308057,1.4615459217496785,-0.9177907322533098,1.177070253293686,-1.1166059342428272,0.9626106932644364,0.7470559847969129,0.5983176040502398,0.955608300010386,0.1186833966918035,-0.3216510313640079,0.4034426205263297,1.2699098061878482,0.579104136497078,1.147802662041873,0.8805129249096874,0.1369540268137012,0.848183147287325,-0.2499436664590442,-0.8118822717067924,-0.0177155062792551,-0.7014284543933175,-0.6220363957329202,-0.0227490721513492,-0.8905228373393025,-0.4807048275560838,-2.0278776559579024,0.1543489170772846,-0.0423051041429299,-0.5189718215013097,0.4597722000769345,0.4175989968628517,-1.824520375889911,-0.7987397796533305,-1.0868707094135277,-1.2678918363782057,0.6741605627635437,-0.133907667192124,-0.2319564355941284,-1.551492548633179,0.95683081876464,-1.5915887570076417,0.2009817803611625,-0.0191794163657179,1.4428188634051375,-1.0381422594133072,-2.8045042533336324,0.3553983563515853,1.817942632769967,0.9759521264233216,-0.4105123915667664,-0.1254316221259016,0.9148686212135796,-1.2582964225621738,0.0423219482578356,0.4237600265432555,1.351672482310634,2.963202874881744,0.2370228015003298,-0.5018843679476078,-0.0934171843989521,-1.2755781101277162,-0.8737664094717206,-0.1004225144567527,-0.4459522723985497,0.231090398708527,-0.7879556544813018,1.212390276200533,0.1523527902636171,-0.2633623974458717
-0.0105945075024995,-1.6914336555610583,1.5457708477951082,-0.4926407841525806,-1.1682492755809106,0.5134310200570996,-0.5966666556109834,-0.5530236110031369,-1.137511606901237,-1.1472977118018794,1.4615459217496785,-0.9177907322533098,1.177070253293686,-1.1166059342428272,0.9626106932644364,0.7470559847969129,0.5983176040502398,0.955608300010386,0.1186833966918035,-0.3216510313640079,0.4034426205263297,1.2699098061878482,0.579104136497078,1.147802662041873,0.8805129249096874,0.1369540268137012,0.848183147287325,-0.2499436664590442,-0.8118822717067924,-0.0177155062792551,-0.7014284543933175,-0.6220363957329202,-0.0227490721513492,-0.8905228373393025,-0.4807048275560838,-2.0278776559579024,0.1543489170772846,-0.0423051041429299,-0.5189718215013097,0.4597722000769345,0.4175989968628517,-1.824520375889911,-0.7987397796533305,-1.0868707094135277,-1.2678918363782057,0.6741605627635437,-0.133907667192124,-0.2319564355941284,-1.551492548633179,0.95683081876464,-1.5915887570076417,0.2009817803611625,-0.0191794163657179,1.4428188634051375,-1.0381422594133072,-2.8045042533336324,0.3553983563515853,1.817942632769967,0.9759521264233216,-0.4105123915667664,-0.1254316221259016,0.9148686212135796,-1.2582964225621738,0.0423219482578356,0.4237600265432555,1.351672482310634,2.963202874881744,0.2370228015003298,-0.5018843679476078,-0.0934171843989521,-1.2755781101277162,-0.8737664094717206,-0.1004225144567527,-0.4459522723985497,0.231090398708527,-0.7879556544813018,1.212390276200533,0.1523527902636171,-0.2633623974458717
0.5387503259603666,-0.569394801262314,-0.2342308142666288,1.188047347618634,-0.9553983604843082,0.6532035300544965,-0.5923984502439346,-0.5378904909029079,-1.137511606901237,-1.1753449966881433,1.4615459217496785,-0.9177907322533098,1.177070253293686,-1.1166059342428272,0.9626106932644364,0.7470559847969129,0.5983176040502398,0.955608300010386,0.1186833966918035,-0.3216510313640079,0.4034426205263297,1.2699098061878482,0.579104136497078,1.147802662041873,0.8805129249096874,0.1369540268137012,0.848183147287325,-0.2499436664590442,-0.8118822717067924,-0.0177155062792551,-0.7014284543933175,-0.6220363957329202,-0.0227490721513492,-0.8905228373393025,-0.4807048275560838,-2.0278776559579024,0.1543489170772846,-0.0423051041429299,-0.5189718215013097,0.4597722000769345,0.4175989968628517,-1.824520375889911,-0.7987397796533305,-1.0868707094135277,-1.2678918363782057,0.6741605627635437,-0.133907667192124,-0.2319564355941284,-1.551492548633179,0.95683081876464,-1.5915887570076417,0.2009817803611625,-0.0191794163657179,1.4428188634051375,-1.0381422594133072,-2.8045042533336324,0.3553983563515853,1.817942632769967,0.9759521264233216,-0.4105123915667664,-0.1254316221259016,0.9148686212135796,-1.2582964225621738,0.0423219482578356,0.4237600265432555,1.351672482310634,2.963202874881744,0.2370228015003298,-0.5018843679476078,-0.0934171843989521,-1.2755781101277162,-0.8737664094717206,-0.1004225144567527,-0.4459522723985497,0.231090398708527,-0.7879556544813018,1.212390276200533,0.1523527902636171,-0.2633623974458717
0.1463611592011764,0.0765395973960833,0.3591030730872834,0.3477032817330266,-0.7425474453877057,-0.7911124065852596,-0.5757998738165223,-0.4697914504518771,-0.0246421102822769,-0.6551130996042183,1.4622286363702894,-0.8922337806832584,-0.5311015486182563,-0.744417534272048,-0.490538422588304,-0.9216767805180746,-0.1190102242177619,1.0263151253399714,-0.1585312625298064,1.3358278753044823,0.9890625770856027,0.0534415495219929,-0.6445205950843275,-0.928211230761614,-0.4297423818877754,2.320757244943749,1.0540162521355865,-1.5508210629870225,-1.2725149251962669,0.6347577677511138,0.4678703398748779,0.7650391109468859,-0.1327045472939717,-0.0427445128361855,0.1486013173913329,0.0212076436794743,-1.9874968508210384,-0.2542072906874725,-0.5500383918091301,0.005119556788463,2.326696523970658,0.0882574463946967,-0.1418525457588932,0.6773137967912548,0.5953524108996635,0.2854390161921746,0.647595546219054,3.184709532780314,-0.7825874144618284,0.7845914343824952,-1.2180236546145822,0.6609601539013487,-1.063387162977275,-0.3638938112451347,0.2741432467080416,0.7561181927372481,1.0318577350125244,-1.00416226134944,-0.1236493112516948,-1.5196575073316154,-1.078491847863002,-0.0287788863786426,-0.585096981250738,1.8407881993155295,0.3445990682762734,-1.4923099971164353,-0.3109966922479302,0.771403679056752,1.889533681633233,-1.6851577830941007,-1.3665354640032414,1.6502406837392782,1.0595771891128472,-0.849205654873397,0.6532698836908382,-2.411666738070891,0.0877449311864362,0.4847291220386158,0.6112050937967873
0.2248389925530145,-0.1803826240927623,0.5568810355385876,0.3477032817330266,-0.9553983604843082,-0.9541803349155552,-0.5867075097545361,-0.5278017441694218,-0.9785302502413856,-1.0224420565017374,1.4622286363702894,-0.8922337806832584,-0.5311015486182563,-0.744417534272048,-0.490538422588304,-0.9216767805180746,-0.1190102242177619,1.0263151253399714,-0.1585312625298064,1.3358278753044823,0.9890625770856027,0.0534415495219929,-0.6445205950843275,-0.928211230761614,-0.4297423818877754,2.320757244943749,1.0540162521355865,-1.5508210629870225,-1.2725149251962669,0.6347577677511138,0.4678703398748779,0.7650391109468859,-0.1327045472939717,-0.0427445128361855,0.1486013173913329,0.0212076436794743,-1.9874968508210384,-0.2542072906874725,-0.5500383918091301,0.005119556788463,2.326696523970658,0.0882574463946967,-0.1418525457588932,0.6773137967912548,0.5953524108996635,0.2854390161921746,0.647595546219054,3.184709532780314,-0.7825874144618284,0.7845914343824952,-1.2180236546145822,0.6609601539013487,-1.063387162977275,-0.3638938112451347,0.2741432467080416,0.7561181927372481,1.0318577350125244,-1.00416226134944,-0.1236493112516948,-1.5196575073316154,-1.078491847863002,-0.0287788863786426,-0.585096981250738,1.8407881993155295,0.3445990682762734,-1.4923099971164353,-0.3109966922479302,0.771403679056752,1.889533681633233,-1.6851577830941007,-1.3665354640032414,1.6502406837392782,1.0595771891128472,-0.849205654873397,0.6532698836908382,-2.411666738070891,0.0877449311864362,0.4847291220386158,0.6112050937967873
0.7741838260158808,-0.2253803013026729,3.325772509856845,-2.5935009488665988,-0.9553983604843082,0.0941134900649131,-0.6009348609780323,-0.5454570509530224,-1.137511606901237,-1.085774635277172,1.4622286363702894,-0.8922337806832584,-0.5311015486182563,-0.744417534272048,-0.490538422588304,-0.9216767805180746,-0.1190102242177619,1.0263151253399714,-0.1585312625298064,1.3358278753044823,0.9890625770856027,0.0534415495219929,-0.6445205950843275,-0.928211230761614,-0.4297423818877754,2.320757244943749,1.0540162521355865,-1.5508210629870225,-1.2725149251962669,0.6347577677511138,0.4678703398748779,0.7650391109468859,-0.1327045472939717,-0.0427445128361855,0.1486013173913329,0.0212076436794743,-1.9874968508210384,-0.2542072906874725,-0.5500383918091301,0.005119556788463,2.326696523970658,0.0882574463946967,-0.1418525457588932,0.6773137967912548,0.5953524108996635,0.2854390161921746,0.647595546219054,3.184709532780314,-0.7825874144618284,0.7845914343824952,-1.2180236546145822,0.6609601539013487,-1.063387162977275,-0.3638938112451347,0.2741432467080416,0.7561181927372481,1.0318577350125244,-1.00416226134944,-0.1236493112516948,-1.5196575073316154,-1.078491847863002,-0.0287788863786426,-0.585096981250738,1.8407881993155295,0.3445990682762734,-1.4923099971164353,-0.3109966922479302,0.771403679056752,1.889533681633233,-1.6851577830941007,-1.3665354640032414,1.6502406837392782,1.0595771891128472,-0.849205654873397,0.6532698836908382,-2.411666738070891,0.0877449311864362,0.4847291220386158,0.6112050937967873
1.009617326071393,-0.2732810544616106,0.7546589979898917,-0.7027268006239824,-0.1039947000978981,0.2804768367281076,-0.5862332647137528,-0.5530236110031369,-1.137511606901237,-1.1120124179127089,1.4622286363702894,-0.8922337806832584,-0.5311015486182563,-0.744417534272048,-0.490538422588304,-0.9216767805180746,-0.1190102242177619,1.0263151253399714,-0.1585312625298064,1.3358278753044823,0.9890625770856027,0.0534415495219929,-0.6445205950843275,-0.928211230761614,-0.4297423818877754,2.320757244943749,1.0540162521355865,-1.5508210629870225,-1.2725149251962669,0.6347577677511138,0.4678703398748779,0.7650391109468859,-0.1327045472939717,-0.0427445128361855,0.1486013173913329,0.0212076436794743,-1.9874968508210384,-0.2542072906874725,-0.5500383918091301,0.005119556788463,2.326696523970658,0.0882574463946967,-0.1418525457588932,0.6773137967912548,0.5953524108996635,0.2854390161921746,0.647595546219054,3.184709532780314,-0.7825874144618284,0.7845914343824952,-1.2180236546145822,0.6609601539013487,-1.063387162977275,-0.3638938112451347,0.2741432467080416,0.7561181927372481,1.0318577350125244,-1.00416226134944,-0.1236493112516948,-1.5196575073316154,-1.078491847863002,-0.0287788863786426,-0.585096981250738,1.8407881993155295,0.3445990682762734,-1.4923099971164353,-0.3109966922479302,0.771403679056752,1.889533681633233,-1.6851577830941007,-1.3665354640032414,1.6502406837392782,1.0595771891128472,-0.849205654873397,0.6532698836908382,-2.411666738070891,0.0877449311864362,0.4847291220386158,0.6112050937967873
-0.1675501742061756,0.4553910087440422,0.3986586655775443,-0.1144859545040573,-0.3168456151945006,1.4918385900388695,-0.5625210126745926,-0.5126686240691928,-1.137511606901237,-1.1572499741808764,1.4622286363702894,-0.8922337806832584,-0.5311015486182563,-0.744417534272048,-0.490538422588304,-0.9216767805180746,-0.1190102242177619,1.0263151253399714,-0.1585312625298064,1.3358278753044823,0.9890625770856027,0.0534415495219929,-0.6445205950843275,-0.928211230761614,-0.4297423818877754,2.320757244943749,1.0540162521355865,-1.5508210629870225,-1.2725149251962669,0.6347577677511138,0.4678703398748779,0.7650391109468859,-0.1327045472939717,-0.0427445128361855,0.1486013173913329,0.0212076436794743,-1.9874968508210384,-0.2542072906874725,-0.5500383918091301,0.005119556788463,2.326696523970658,0.0882574463946967,-0.1418525457588932,0.6773137967912548,0.5953524108996635,0.2854390161921746,0.647595546219054,3.184709532780314,-0.7825874144618284,0.7845914343824952,-1.2180236546145822,0.6609601539013487,-1.063387162977275,-0.3638938112451347,0.2741432467080416,0.7561181927372481,1.0318577350125244,-1.00416226134944,-0.1236493112516948,-1.5196575073316154,-1.078491847863002,-0.0287788863786426,-0.585096981250738,1.8407881993155295,0.3445990682762734,-1.4923099971164353,-0.3109966922479302,0.771403679056752,1.889533681633233,-1.6851577830941007,-1.3665354640032414,1.6502406837392782,1.0595771891128472,-0.849205654873397,0.6532698836908382,-2.411666738070891,0.0877449311864362,0.4847291220386158,0.6112050937967873
-0.952328507724556,0.7152163061819143,1.9998690495833025,-0.8657535494057901,-1.278931751431144,-0.3484994582601722,-0.538334515594649,-0.3265312468363752,0.5317926380272032,1.2661259151048512,-0.3004252967428907,0.8986924598824295,1.5029412725410705,0.8182417188616802,-1.4278002187286416,0.9225394307327766,-0.2921474292473214,0.0687610369646518,1.3929802812348664,-1.204588929062137,-1.593943957877343,-0.2177425693478785,0.8334834836593654,-1.324592349396528,-2.1441087685050566,-0.5377860057313752,0.2367912586234421,0.9549112226747972,-0.3741148597003196,-0.268978851571899,1.016822934092702,-1.9756847553011927,-0.2656870140591175,0.3587673855316202,0.2686934409149975,-0.5954302778140096,-0.0031269612134357,-2.325966531240582,-0.3751799594350142,0.2665237865524062,-1.3723252468101632,-0.2105145338284137,0.970133087448856,-0.6418003287446231,0.1864156236067662,-1.0276056128512618,-0.1463866469304451,1.0556732373675657,0.351745704460115,-0.3440719525758309,0.155751732611392,0.8086280244641548,-2.051014526506288,1.2379818993072833,0.2208549188097967,0.2656689785417157,1.2885832044497478,-1.120851453433043,-0.8335304627091241,-1.011645427476464,-0.4884734369950292,1.769761165890251,-1.1400937647300429,-0.9092186525768692,0.0950638349379069,-1.2876081203569163,-0.1444585153270256,0.1733332666407984,-0.3397470827324187,-0.1625913455918073,-0.2582992571405244,-1.6802092620319216,0.9608105916533672,2.224040594388348,0.0831538957519556,0.1501737875642372,0.781403584935639,-1.1356388667593549,1.340263461501559
-0.1675501742061756,-0.3516641050853261,-0.6210845088213798,1.488890523205681,-0.8438644809736885,1.305475243375675,-0.5435512110432643,-0.1618324564122155,0.6589777233550845,1.2910970461648794,-0.3004252967428907,0.8986924598824295,1.5029412725410705,0.8182417188616802,-1.4278002187286416,0.9225394307327766,-0.2921474292473214,0.0687610369646518,1.3929802812348664,-1.204588929062137,-1.593943957877343,-0.2177425693478785,0.8334834836593654,-1.324592349396528,-2.1441087685050566,-0.5377860057313752,0.2367912586234421,0.9549112226747972,-0.3741148597003196,-0.268978851571899,1.016822934092702,-1.9756847553011927,-0.2656870140591175,0.3587673855316202,0.2686934409149975,-0.5954302778140096,-0.0031269612134357,-2.325966531240582,-0.3751799594350142,0.2665237865524062,-1.3723252468101632,-0.2105145338284137,0.970133087448856,-0.6418003287446231,0.1864156236067662,-1.0276056128512618,-0.1463866469304451,1.0556732373675657,0.351745704460115,-0.3440719525758309,0.155751732611392,0.8086280244641548,-2.051014526506288,1.2379818993072833,0.2208549188097967,0.2656689785417157,1.2885832044497478,-1.120851453433043,-0.8335304627091241,-1.011645427476464,-0.4884734369950292,1.769761165890251,-1.1400937647300429,-0.9092186525768692,0.0950638349379069,-1.2876081203569163,-0.1444585153270256,0.1733332666407984,-0.3397470827324187,-0.1625913455918073,-0.2582992571405244,-1.6802092620319216,0.9608105916533672,2.224040594388348,0.0831538957519556,0.1501737875642372,0.781403584935639,-1.1356388667593549,1.340263461501559
0.3817946592566906,0.1041188189118353,-0.4090665330735817,1.0535922970769371,-0.631013565877086,1.1657027333782783,-0.5364375354315162,-0.1530048030204151,2.2646894256195846,0.6721568013038131,-0.3004252967428907,0.8986924598824295,1.5029412725410705,0.8182417188616802,-1.4278002187286416,0.9225394307327766,-0.2921474292473214,0.0687610369646518,1.3929802812348664,-1.204588929062137,-1.593943957877343,-0.2177425693478785,0.8334834836593654,-1.324592349396528,-2.1441087685050566,-0.5377860057313752,0.2367912586234421,0.9549112226747972,-0.3741148597003196,-0.268978851571899,1.016822934092702,-1.9756847553011927,-0.2656870140591175,0.3587673855316202,0.2686934409149975,-0.5954302778140096,-0.0031269612134357,-2.325966531240582,-0.3751799594350142,0.2665237865524062,-1.3723252468101632,-0.2105145338284137,0.970133087448856,-0.6418003287446231,0.1864156236067662,-1.0276056128512618,-0.1463866469304451,1.0556732373675657,0.351745704460115,-0.3440719525758309,0.155751732611392,0.8086280244641548,-2.051014526506288,1.2379818993072833,0.2208549188097967,0.2656689785417157,1.2885832044497478,-1.120851453433043,-0.8335304627091241,-1.011645427476464,-0.4884734369950292,1.769761165890251,-1.1400937647300429,-0.9092186525768692,0.0950638349379069,-1.2876081203569163,-0.1444585153270256,0.1733332666407984,-0.3397470827324187,-0.1625913455918073,-0.2582992571405244,-1.6802092620319216,0.9608105916533672,2.224040594388348,0.0831538957519556,0.1501737875642372,0.781403584935639,-1.1356388667593549,1.340263461501559
0.6957059926640426,0.0736365214470569,-0.6329511865684578,0.6451850810565322,0.0237158489600633,1.4219523350401733,-0.5245814094119361,-0.1618324564122155,1.040532979338728,0.9065778178854568,-0.3004252967428907,0.8986924598824295,1.5029412725410705,0.8182417188616802,-1.4278002187286416,0.9225394307327766,-0.2921474292473214,0.0687610369646518,1.3929802812348664,-1.204588929062137,-1.593943957877343,-0.2177425693478785,0.8334834836593654,-1.324592349396528,-2.1441087685050566,-0.5377860057313752,0.2367912586234421,0.9549112226747972,-0.3741148597003196,-0.268978851571899,1.016822934092702,-1.9756847553011927,-0.2656870140591175,0.3587673855316202,0.2686934409149975,-0.5954302778140096,-0.0031269612134357,-2.325966531240582,-0.3751799594350142,0.2665237865524062,-1.3723252468101632,-0.2105145338284137,0.970133087448856,-0.6418003287446231,0.1864156236067662,-1.0276056128512618,-0.1463866469304451,1.0556732373675657,0.351745704460115,-0.3440719525758309,0.155751732611392,0.8086280244641548,-2.051014526506288,1.2379818993072833,0.2208549188097967,0.2656689785417157,1.2885832044497478,-1.120851453433043,-0.8335304627091241,-1.011645427476464,-0.4884734369950292,1.769761165890251,-1.1400937647300429,-0.9092186525768692,0.0950638349379069,-1.2876081203569163,-0.1444585153270256,0.1733332666407984,-0.3397470827324187,-0.1625913455918073,-0.2582992571405244,-1.6802092620319216,0.9608105916533672,2.224040594388348,0.0831538957519556,0.1501737875642372,0.781403584935639,-1.1356388667593549,1.340263461501559
-0.7168950076690418,0.3450741226810353,-0.2500530512627332,0.2317358006408126,0.0305270782431545,1.0958164783795818,-0.5468709263287467,-0.361337423066902,0.1979317890415151,0.7089801721061013,-0.3004252967428907,0.8986924598824295,1.5029412725410705,0.8182417188616802,-1.4278002187286416,0.9225394307327766,-0.2921474292473214,0.0687610369646518,1.3929802812348664,-1.204588929062137,-1.593943957877343,-0.2177425693478785,0.8334834836593654,-1.324592349396528,-2.1441087685050566,-0.5377860057313752,0.2367912586234421,0.9549112226747972,-0.3741148597003196,-0.268978851571899,1.016822934092702,-1.9756847553011927,-0.2656870140591175,0.3587673855316202,0.2686934409149975,-0.5954302778140096,-0.0031269612134357,-2.325966531240582,-0.3751799594350142,0.2665237865524062,-1.3723252468101632,-0.2105145338284137,0.970133087448856,-0.6418003287446231,0.1864156236067662,-1.0276056128512618,-0.1463866469304451,1.0556732373675657,0.351745704460115,-0.3440719525758309,0.155751732611392,0.8086280244641548,-2.051014526506288,1.2379818993072833,0.2208549188097967,0.2656689785417157,1.2885832044497478,-1.120851453433043,-0.8335304627091241,-1.011645427476464,-0.4884734369950292,1.769761165890251,-1.1400937647300429,-0.9092186525768692,0.0950638349379069,-1.2876081203569163,-0.1444585153270256,0.1733332666407984,-0.3397470827324187,-0.1625913455918073,-0.2582992571405244,-1.6802092620319216,0.9608105916533672,2.224040594388348,0.0831538957519556,0.1501737875642372,0.781403584935639,-1.1356388667593549,1.340263461501559
-0.8738506743727179,1.1956753757458014,-0.6566845420626144,1.7325903023125078,-1.052458377768359,-0.6047490599220652,0.2342106558411943,-0.0619538637507036,0.9133478940108468,0.5938958289598837,-1.295711230185132,1.6622549777130775,-1.5823840741906487,-0.7015947942253421,1.271990009227438,0.1370636184825669,-2.121686169663654,-0.8758169365097074,1.8704683232439103,-0.2400148578433667,-1.3501587766294294,0.196799859925688,1.7553491430654835,-1.609726919403932,-0.6227286823533212,1.1003655895219506,1.7769914084051184,-0.3254789051476543,-1.1853142004209036,2.2676050598645077,1.4154746971035248,0.912423309478152,-0.6877199197394124,0.0543990040024714,-0.3346203650184898,0.2747759702386422,1.2441234448886087,0.7632829380836437,-0.7545999062461428,1.133484781511143,-0.1645758918448492,0.397766602388143,2.4612605259064613,-1.4441407845871894,-0.0837726787691019,-0.618091438638294,-1.4750374714007186,0.6677844034515323,2.425635143021572,-1.6786134786101867,-0.1504972172390216,0.739882008383164,-0.1538879352271484,-0.0547463587618871,-1.025709727293288,0.093932601825179,-0.5107636297705551,-1.878897563019068,0.9347600964302536,0.4928935678507715,0.5497750976282096,0.3822523226205309,0.8146202653285383,-0.1900691837830931,0.8588620608894965,-0.2322183852694107,1.5374019552420877,0.1761645828657889,0.1453782716274433,-1.3628921276143848,0.4115104983799539,-1.0087791433362372,-0.4329314543253592,-0.7872104999691287,-1.1147069291481628,1.8510527031018416,1.4240140089825324,2.1004248271705275,-1.4002561997742544
-1.5801511745392585,0.7718262871879313,-0.6788356738571606,0.8922462364269005,-0.1772154148911293,-1.5365657932380374,-0.2044660068832716,-0.3005527239976486,0.7861628086829654,0.2919803784261344,-1.295711230185132,1.6622549777130775,-1.5823840741906487,-0.7015947942253421,1.271990009227438,0.1370636184825669,-2.121686169663654,-0.8758169365097074,1.8704683232439103,-0.2400148578433667,-1.3501587766294294,0.196799859925688,1.7553491430654835,-1.609726919403932,-0.6227286823533212,1.1003655895219506,1.7769914084051184,-0.3254789051476543,-1.1853142004209036,2.2676050598645077,1.4154746971035248,0.912423309478152,-0.6877199197394124,0.0543990040024714,-0.3346203650184898,0.2747759702386422,1.2441234448886087,0.7632829380836437,-0.7545999062461428,1.133484781511143,-0.1645758918448492,0.397766602388143,2.4612605259064613,-1.4441407845871894,-0.0837726787691019,-0.618091438638294,-1.4750374714007186,0.6677844034515323,2.425635143021572,-1.6786134786101867,-0.1504972172390216,0.739882008383164,-0.1538879352271484,-0.0547463587618871,-1.025709727293288,0.093932601825179,-0.5107636297705551,-1.878897563019068,0.9347600964302536,0.4928935678507715,0.5497750976282096,0.3822523226205309,0.8146202653285383,-0.1900691837830931,0.8588620608894965,-0.2322183852694107,1.5374019552420877,0.1761645828657889,0.1453782716274433,-1.3628921276143848,0.4115104983799539,-1.0087791433362372,-0.4329314543253592,-0.7872104999691287,-1.1147069291481628,1.8510527031018416,1.4240140089825324,2.1004248271705275,-1.4002561997742544
-1.1877620077800684,0.0765395973960833,-0.5649155674852093,0.5712348032585979,0.0254186562808364,-1.8161108132328292,-0.3728229963613099,-0.3482220523133701,0.9769404366747874,0.958872432931458,-1.295711230185132,1.6622549777130775,-1.5823840741906487,-0.7015947942253421,1.271990009227438,0.1370636184825669,-2.121686169663654,-0.8758169365097074,1.8704683232439103,-0.2400148578433667,-1.3501587766294294,0.196799859925688,1.7553491430654835,-1.609726919403932,-0.6227286823533212,1.1003655895219506,1.7769914084051184,-0.3254789051476543,-1.1853142004209036,2.2676050598645077,1.4154746971035248,0.912423309478152,-0.6877199197394124,0.0543990040024714,-0.3346203650184898,0.2747759702386422,1.2441234448886087,0.7632829380836437,-0.7545999062461428,1.133484781511143,-0.1645758918448492,0.397766602388143,2.4612605259064613,-1.4441407845871894,-0.0837726787691019,-0.618091438638294,-1.4750374714007186,0.6677844034515323,2.425635143021572,-1.6786134786101867,-0.1504972172390216,0.739882008383164,-0.1538879352271484,-0.0547463587618871,-1.025709727293288,0.093932601825179,-0.5107636297705551,-1.878897563019068,0.9347600964302536,0.4928935678507715,0.5497750976282096,0.3822523226205309,0.8146202653285383,-0.1900691837830931,0.8588620608894965,-0.2322183852694107,1.5374019552420877,0.1761645828657889,0.1453782716274433,-1.3628921276143848,0.4115104983799539,-1.0087791433362372,-0.4329314543253592,-0.7872104999691287,-1.1147069291481628,1.8510527031018416,1.4240140089825324,2.1004248271705275,-1.4002561997742544
-0.952328507724556,0.9910085213394322,-0.5039999550502077,-0.1640662543913084,0.7048387772691914,-1.606452048236736,-0.3842048773401069,-0.4829068212054089,-0.4220955019319055,0.1301204020986313,-1.295711230185132,1.6622549777130775,-1.5823840741906487,-0.7015947942253421,1.271990009227438,0.1370636184825669,-2.121686169663654,-0.8758169365097074,1.8704683232439103,-0.2400148578433667,-1.3501587766294294,0.196799859925688,1.7553491430654835,-1.609726919403932,-0.6227286823533212,1.1003655895219506,1.7769914084051184,-0.3254789051476543,-1.1853142004209036,2.2676050598645077,1.4154746971035248,0.912423309478152,-0.6877199197394124,0.0543990040024714,-0.3346203650184898,0.2747759702386422,1.2441234448886087,0.7632829380836437,-0.7545999062461428,1.133484781511143,-0.1645758918448492,0.397766602388143,2.4612605259064613,-1.4441407845871894,-0.0837726787691019,-0.618091438638294,-1.4750374714007186,0.6677844034515323,2.425635143021572,-1.6786134786101867,-0.1504972172390216,0.739882008383164,-0.1538879352271484,-0.0547463587618871,-1.025709727293288,0.093932601825179,-0.5107636297705551,-1.878897563019068,0.9347600964302536,0.4928935678507715,0.5497750976282096,0.3822523226205309,0.8146202653285383,-0.1900691837830931,0.8588620608894965,-0.2322183852694107,1.5374019552420877,0.1761645828657889,0.1453782716274433,-1.3628921276143848,0.4115104983799539,-1.0087791433362372,-0.4329314543253592,-0.7872104999691287,-1.1147069291481628,1.8510527031018416,1.4240140089825324,2.1004248271705275,-1.4002561997742544
-0.7953728410208798,1.6804890592332271,-0.3877065131288408,0.1561048347111081,0.2552976445851668,-1.1638390999116486,-0.361441115382513,-0.5348638668828621,-0.7877526222495639,0.6069242451651157,-1.295711230185132,1.6622549777130775,-1.5823840741906487,-0.7015947942253421,1.271990009227438,0.1370636184825669,-2.121686169663654,-0.8758169365097074,1.8704683232439103,-0.2400148578433667,-1.3501587766294294,0.196799859925688,1.7553491430654835,-1.609726919403932,-0.6227286823533212,1.1003655895219506,1.7769914084051184,-0.3254789051476543,-1.1853142004209036,2.2676050598645077,1.4154746971035248,0.912423309478152,-0.6877199197394124,0.0543990040024714,-0.3346203650184898,0.2747759702386422,1.2441234448886087,0.7632829380836437,-0.7545999062461428,1.133484781511143,-0.1645758918448492,0.397766602388143,2.4612605259064613,-1.4441407845871894,-0.0837726787691019,-0.618091438638294,-1.4750374714007186,0.6677844034515323,2.425635143021572,-1.6786134786101867,-0.1504972172390216,0.739882008383164,-0.1538879352271484,-0.0547463587618871,-1.025709727293288,0.093932601825179,-0.5107636297705551,-1.878897563019068,0.9347600964302536,0.4928935678507715,0.5497750976282096,0.3822523226205309,0.8146202653285383,-0.1900691837830931,0.8588620608894965,-0.2322183852694107,1.5374019552420877,0.1761645828657889,0.1453782716274433,-1.3628921276143848,0.4115104983799539,-1.0087791433362372,-0.4329314543253592,-0.7872104999691287,-1.1147069291481628,1.8510527031018416,1.4240140089825324,2.1004248271705275,-1.4002561997742544
0.3033168259048525,-0.1992526177614345,0.982499210733794,-0.2144868983444444,-0.8438644809736885,-2.4217916898882104,-0.6127909869976124,0.0984572093117245,1.3266994213264605,0.3961172329554558,0.1640342894943348,1.5362372130796127,-1.5075532042133777,0.2138759452313038,-1.503306774485431,-2.1029669194071823,-2.434556153211808,-0.7065307400278801,0.8120465096628,1.2624416382993997,-0.3101357545996884,0.3855901717700303,-0.7131539291859575,0.2493589579102905,0.9296988793172064,-1.5169557564858531,-0.0605175334075707,0.6918716125885935,-0.3238667014868994,0.8561508270152105,2.5196601419781763,0.0248196001771983,0.5127310376703713,-0.8214223755775516,0.0034799409083954,0.4087452796390974,0.1381028927758879,-0.9787827194006236,0.4075179571284348,1.2139821824768533,-0.0382434011651003,0.6640210258336064,-0.029955706805799,0.4979668931802735,0.3289221866264724,-1.016380349596409,0.3661704830607402,-1.302389380287998,-0.3439477040805679,0.481918024169345,0.2429445921023789,-0.9584453761027724,0.6588288950804329,0.6414421618009044,-0.2561384231874173,-1.483816023630233,0.0526658118404719,-0.2632312627630728,-0.0695926220260565,-1.1016184053286175,-2.0092852043913374,-0.1866431211388547,-0.5821982711657157,0.1873745447807983,-0.8903100166856237,2.0731767825466023,-1.6375111624765466,1.0176090531846838,-0.2398135708445682,0.8095151944143104,0.241528796162937,0.9307104475813692,-0.0685939369672365,-1.119046595973078,1.6316208223516806,-0.1531489897014948,0.3072924865063225,1.4048430781925327,-1.2213840854706228
-0.3245058409098517,-0.3168271936970083,2.617727404281176,-1.304413151798077,-1.4994452994712242,-1.2803161915761443,-0.6180076824462277,-0.1618324564122155,1.1677180646666092,0.6260144939102825,0.1640342894943348,1.5362372130796127,-1.5075532042133777,0.2138759452313038,-1.503306774485431,-2.1029669194071823,-2.434556153211808,-0.7065307400278801,0.8120465096628,1.2624416382993997,-0.3101357545996884,0.3855901717700303,-0.7131539291859575,0.2493589579102905,0.9296988793172064,-1.5169557564858531,-0.0605175334075707,0.6918716125885935,-0.3238667014868994,0.8561508270152105,2.5196601419781763,0.0248196001771983,0.5127310376703713,-0.8214223755775516,0.0034799409083954,0.4087452796390974,0.1381028927758879,-0.9787827194006236,0.4075179571284348,1.2139821824768533,-0.0382434011651003,0.6640210258336064,-0.029955706805799,0.4979668931802735,0.3289221866264724,-1.016380349596409,0.3661704830607402,-1.302389380287998,-0.3439477040805679,0.481918024169345,0.2429445921023789,-0.9584453761027724,0.6588288950804329,0.6414421618009044,-0.2561384231874173,-1.483816023630233,0.0526658118404719,-0.2632312627630728,-0.0695926220260565,-1.1016184053286175,-2.0092852043913374,-0.1866431211388547,-0.5821982711657157,0.1873745447807983,-0.8903100166856237,2.0731767825466023,-1.6375111624765466,1.0176090531846838,-0.2398135708445682,0.8095151944143104,0.241528796162937,0.9307104475813692,-0.0685939369672365,-1.119046595973078,1.6316208223516806,-0.1531489897014948,0.3072924865063225,1.4048430781925327,-1.2213840854706228
-1.109284174428232,-0.0279711367688706,4.024324273234851,-2.582576476010086,-1.717404636530145,-1.1871345182445474,-0.623224377894843,-0.361337423066902,-0.0087439746162917,0.24592854614514,0.1640342894943348,1.5362372130796127,-1.5075532042133777,0.2138759452313038,-1.503306774485431,-2.1029669194071823,-2.434556153211808,-0.7065307400278801,0.8120465096628,1.2624416382993997,-0.3101357545996884,0.3855901717700303,-0.7131539291859575,0.2493589579102905,0.9296988793172064,-1.5169557564858531,-0.0605175334075707,0.6918716125885935,-0.3238667014868994,0.8561508270152105,2.5196601419781763,0.0248196001771983,0.5127310376703713,-0.8214223755775516,0.0034799409083954,0.4087452796390974,0.1381028927758879,-0.9787827194006236,0.4075179571284348,1.2139821824768533,-0.0382434011651003,0.6640210258336064,-0.029955706805799,0.4979668931802735,0.3289221866264724,-1.016380349596409,0.3661704830607402,-1.302389380287998,-0.3439477040805679,0.481918024169345,0.2429445921023789,-0.9584453761027724,0.6588288950804329,0.6414421618009044,-0.2561384231874173,-1.483816023630233,0.0526658118404719,-0.2632312627630728,-0.0695926220260565,-1.1016184053286175,-2.0092852043913374,-0.1866431211388547,-0.5821982711657157,0.1873745447807983,-0.8903100166856237,2.0731767825466023,-1.6375111624765466,1.0176090531846838,-0.2398135708445682,0.8095151944143104,0.241528796162937,0.9307104475813692,-0.0685939369672365,-1.119046595973078,1.6316208223516806,-0.1531489897014948,0.3072924865063225,1.4048430781925327,-1.2213840854706228
-0.6384171743172038,-0.0366803646159505,2.2648915192680503,-0.6363396194190195,-1.7965851769460812,-0.4416811315917715,-0.6222758878132766,-0.491482255928872,-0.5651787229257719,0.3180372108365989,0.1640342894943348,1.5362372130796127,-1.5075532042133777,0.2138759452313038,-1.503306774485431,-2.1029669194071823,-2.434556153211808,-0.7065307400278801,0.8120465096628,1.2624416382993997,-0.3101357545996884,0.3855901717700303,-0.7131539291859575,0.2493589579102905,0.9296988793172064,-1.5169557564858531,-0.0605175334075707,0.6918716125885935,-0.3238667014868994,0.8561508270152105,2.5196601419781763,0.0248196001771983,0.5127310376703713,-0.8214223755775516,0.0034799409083954,0.4087452796390974,0.1381028927758879,-0.9787827194006236,0.4075179571284348,1.2139821824768533,-0.0382434011651003,0.6640210258336064,-0.029955706805799,0.4979668931802735,0.3289221866264724,-1.016380349596409,0.3661704830607402,-1.302389380287998,-0.3439477040805679,0.481918024169345,0.2429445921023789,-0.9584453761027724,0.6588288950804329,0.6414421618009044,-0.2561384231874173,-1.483816023630233,0.0526658118404719,-0.2632312627630728,-0.0695926220260565,-1.1016184053286175,-2.0092852043913374,-0.1866431211388547,-0.5821982711657157,0.1873745447807983,-0.8903100166856237,2.0731767825466023,-1.6375111624765466,1.0176090531846838,-0.2398135708445682,0.8095151944143104,0.241528796162937,0.9307104475813692,-0.0685939369672365,-1.119046595973078,1.6316208223516806,-0.1531489897014948,0.3072924865063225,1.4048430781925327,-1.2213840854706228
-0.3245058409098517,0.3305587429359026,2.0236024050774586,-0.6766761345815284,-1.4960396848296784,-0.4649765499246703,-0.6194304175685773,-0.556554672359857,-0.3426048236019797,1.0005814598107083,0.1640342894943348,1.5362372130796127,-1.5075532042133777,0.2138759452313038,-1.503306774485431,-2.1029669194071823,-2.434556153211808,-0.7065307400278801,0.8120465096628,1.2624416382993997,-0.3101357545996884,0.3855901717700303,-0.7131539291859575,0.2493589579102905,0.9296988793172064,-1.5169557564858531,-0.0605175334075707,0.6918716125885935,-0.3238667014868994,0.8561508270152105,2.5196601419781763,0.0248196001771983,0.5127310376703713,-0.8214223755775516,0.0034799409083954,0.4087452796390974,0.1381028927758879,-0.9787827194006236,0.4075179571284348,1.2139821824768533,-0.0382434011651003,0.6640210258336064,-0.029955706805799,0.4979668931802735,0.3289221866264724,-1.016380349596409,0.3661704830607402,-1.302389380287998,-0.3439477040805679,0.481918024169345,0.2429445921023789,-0.9584453761027724,0.6588288950804329,0.6414421618009044,-0.2561384231874173,-1.483816023630233,0.0526658118404719,-0.2632312627630728,-0.0695926220260565,-1.1016184053286175,-2.0092852043913374,-0.1866431211388547,-0.5821982711657157,0.1873745447807983,-0.8903100166856237,2.0731767825466023,-1.6375111624765466,1.0176090531846838,-0.2398135708445682,0.8095151944143104,0.241528796162937,0.9307104475813692,-0.0685939369672365,-1.119046595973078,1.6316208223516806,-0.1531489897014948,0.3072924865063225,1.4048430781925327,-1.2213840854706228
-1.5016733411874204,-0.6724539974527551,-0.567288903034625,0.89980933301987,-0.3049259639490908,-2.6547458732172045,-0.2111054374542365,0.441222379581913,2.0580136619617773,0.0614497916835532,-0.7880970765962263,1.7293581462844037,0.9621220668031664,-0.9543217024282896,1.1946704314192458,-0.0424381917431682,0.6627618825529016,0.0613524829236946,-0.784084145277325,1.116949825806564,-0.320571527998769,1.9070721157421808,0.6552670864904309,0.8592420818294758,-0.5499821407024374,-0.2252440342230826,-0.7682681692692206,-1.211523225765281,0.4866772452342169,-0.3966736961557759,0.5657267291903337,-1.069655231313273,1.832682699466227,-1.0226060489977076,0.0411400414227979,0.7519879257214871,-0.5358879081264938,0.7385630325461775,-0.8920253408601523,1.2045157072246906,-0.4433230575706444,-0.8452486425036827,-0.1208706571949327,0.5595422424350153,-0.8023426439210661,-0.8249984006471432,-0.1609545535829169,-1.5751055489831594,1.8169993616144977,-0.322634188607273,0.8809676921252645,0.3397767122762557,-1.120874506434468,0.0541561556238739,1.6710408665633705,-0.281303901686422,1.2847764396798005,1.0962607937208595,0.6787363687258171,-1.218102759525672,-0.8564511234785972,-0.3941810235049383,-0.0741987319785581,0.1063438186243805,-2.4988189273502717,0.1053610353264338,0.4009435786167654,-0.3321863069513718,1.1555845475940705,0.3629196727227974,1.2511326892475747,-0.4027895990293615,1.8550759693516583,2.0836105119399235,1.5114513161343492,-1.0294729625615395,-0.170914338406977,-0.1980393307004458,0.2036830889021177
-0.5599393409653658,-1.2487145733345164,-0.5451377712400789,0.6687147149013281,-0.0946292598336476,-2.002474159896024,-0.3714002612389603,-0.1053354747046935,0.7543665373509956,0.5700103992502913,-0.7880970765962263,1.7293581462844037,0.9621220668031664,-0.9543217024282896,1.1946704314192458,-0.0424381917431682,0.6627618825529016,0.0613524829236946,-0.784084145277325,1.116949825806564,-0.320571527998769,1.9070721157421808,0.6552670864904309,0.8592420818294758,-0.5499821407024374,-0.2252440342230826,-0.7682681692692206,-1.211523225765281,0.4866772452342169,-0.3966736961557759,0.5657267291903337,-1.069655231313273,1.832682699466227,-1.0226060489977076,0.0411400414227979,0.7519879257214871,-0.5358879081264938,0.7385630325461775,-0.8920253408601523,1.2045157072246906,-0.4433230575706444,-0.8452486425036827,-0.1208706571949327,0.5595422424350153,-0.8023426439210661,-0.8249984006471432,-0.1609545535829169,-1.5751055489831594,1.8169993616144977,-0.322634188607273,0.8809676921252645,0.3397767122762557,-1.120874506434468,0.0541561556238739,1.6710408665633705,-0.281303901686422,1.2847764396798005,1.0962607937208595,0.6787363687258171,-1.218102759525672,-0.8564511234785972,-0.3941810235049383,-0.0741987319785581,0.1063438186243805,-2.4988189273502717,0.1053610353264338,0.4009435786167654,-0.3321863069513718,1.1555845475940705,0.3629196727227974,1.2511326892475747,-0.4027895990293615,1.8550759693516583,2.0836105119399235,1.5114513161343492,-1.0294729625615395,-0.170914338406977,-0.1980393307004458,0.2036830889021177
-0.3245058409098517,-0.6114894025231983,-0.3402398021405278,0.8813217635703867,-0.5305479339514897,-2.491677944886909,-0.4392173020709589,-0.122738562819957,1.9149304409679109,-0.2954745272722875,-0.7880970765962263,1.7293581462844037,0.9621220668031664,-0.9543217024282896,1.1946704314192458,-0.0424381917431682,0.6627618825529016,0.0613524829236946,-0.784084145277325,1.116949825806564,-0.320571527998769,1.9070721157421808,0.6552670864904309,0.8592420818294758,-0.5499821407024374,-0.2252440342230826,-0.7682681692692206,-1.211523225765281,0.4866772452342169,-0.3966736961557759,0.5657267291903337,-1.069655231313273,1.832682699466227,-1.0226060489977076,0.0411400414227979,0.7519879257214871,-0.5358879081264938,0.7385630325461775,-0.8920253408601523,1.2045157072246906,-0.4433230575706444,-0.8452486425036827,-0.1208706571949327,0.5595422424350153,-0.8023426439210661,-0.8249984006471432,-0.1609545535829169,-1.5751055489831594,1.8169993616144977,-0.322634188607273,0.8809676921252645,0.3397767122762557,-1.120874506434468,0.0541561556238739,1.6710408665633705,-0.281303901686422,1.2847764396798005,1.0962607937208595,0.6787363687258171,-1.218102759525672,-0.8564511234785972,-0.3941810235049383,-0.0741987319785581,0.1063438186243805,-2.4988189273502717,0.1053610353264338,0.4009435786167654,-0.3321863069513718,1.1555845475940705,0.3629196727227974,1.2511326892475747,-0.4027895990293615,1.8550759693516583,2.0836105119399235,1.5114513161343492,-1.0294729625615395,-0.170914338406977,-0.1980393307004458,0.2036830889021177
-0.5599393409653658,-0.5302032759504562,-0.5237777512953381,1.2964517321178777,-0.7536156929727289,-2.7712229648817006,-0.3955867583189039,-0.1401416509352205,1.8831341696359405,0.3538653554009872,-0.7880970765962263,1.7293581462844037,0.9621220668031664,-0.9543217024282896,1.1946704314192458,-0.0424381917431682,0.6627618825529016,0.0613524829236946,-0.784084145277325,1.116949825806564,-0.320571527998769,1.9070721157421808,0.6552670864904309,0.8592420818294758,-0.5499821407024374,-0.2252440342230826,-0.7682681692692206,-1.211523225765281,0.4866772452342169,-0.3966736961557759,0.5657267291903337,-1.069655231313273,1.832682699466227,-1.0226060489977076,0.0411400414227979,0.7519879257214871,-0.5358879081264938,0.7385630325461775,-0.8920253408601523,1.2045157072246906,-0.4433230575706444,-0.8452486425036827,-0.1208706571949327,0.5595422424350153,-0.8023426439210661,-0.8249984006471432,-0.1609545535829169,-1.5751055489831594,1.8169993616144977,-0.322634188607273,0.8809676921252645,0.3397767122762557,-1.120874506434468,0.0541561556238739,1.6710408665633705,-0.281303901686422,1.2847764396798005,1.0962607937208595,0.6787363687258171,-1.218102759525672,-0.8564511234785972,-0.3941810235049383,-0.0741987319785581,0.1063438186243805,-2.4988189273502717,0.1053610353264338,0.4009435786167654,-0.3321863069513718,1.1555845475940705,0.3629196727227974,1.2511326892475747,-0.4027895990293615,1.8550759693516583,2.0836105119399235,1.5114513161343492,-1.0294729625615395,-0.170914338406977,-0.1980393307004458,0.2036830889021177
-0.6384171743172038,0.2144357049748428,-0.4027376382751399,1.4132595572759772,-1.0022255618055609,-1.6763383032354324,-0.4363718318262596,-0.1746956084974102,0.070746703713634,-0.0637677640667339,-0.7880970765962263,1.7293581462844037,0.9621220668031664,-0.9543217024282896,1.1946704314192458,-0.0424381917431682,0.6627618825529016,0.0613524829236946,-0.784084145277325,1.116949825806564,-0.320571527998769,1.9070721157421808,0.6552670864904309,0.8592420818294758,-0.5499821407024374,-0.2252440342230826,-0.7682681692692206,-1.211523225765281,0.4866772452342169,-0.3966736961557759,0.5657267291903337,-1.069655231313273,1.832682699466227,-1.0226060489977076,0.0411400414227979,0.7519879257214871,-0.5358879081264938,0.7385630325461775,-0.8920253408601523,1.2045157072246906,-0.4433230575706444,-0.8452486425036827,-0.1208706571949327,0.5595422424350153,-0.8023426439210661,-0.8249984006471432,-0.1609545535829169,-1.5751055489831594,1.8169993616144977,-0.322634188607273,0.8809676921252645,0.3397767122762557,-1.120874506434468,0.0541561556238739,1.6710408665633705,-0.281303901686422,1.2847764396798005,1.0962607937208595,0.6787363687258171,-1.218102759525672,-0.8564511234785972,-0.3941810235049383,-0.0741987319785581,0.1063438186243805,-2.4988189273502717,0.1053610353264338,0.4009435786167654,-0.3321863069513718,1.1555845475940705,0.3629196727227974,1.2511326892475747,-0.4027895990293615,1.8550759693516583,2.0836105119399235,1.5114513161343492,-1.0294729625615395,-0.170914338406977,-0.1980393307004458,0.2036830889021177
0.0678833258493384,-1.6159536808863697,-0.6566845420626144,-1.4254226972856048,2.1471165779637698,-0.0456590199324837,-0.4695689846810841,-0.1963864139744052,1.930828576633896,0.6884423215603533,-0.3878483281209168,2.1027569006545614,-0.9745642493322992,1.3574171419777816,-0.4840991485446215,0.4168918912811659,0.1517079400304841,0.0201514693533111,-1.3609349049823671,0.1382125326174417,1.0750357969038289,0.0492111202938593,-1.2971321024546614,0.741319247089641,0.1003809599946056,-0.132109300466359,1.4820048666158203,-0.2440895090632175,0.4124666688484029,-1.0454489421155266,-0.2261382415323537,0.8337572938755471,-1.4274509951693226,0.3720137499202606,-0.0761532138409512,-0.024965745526813,0.8797441598322046,0.2633712981577191,1.5587475929940509,-1.0927334047990989,-0.3297897311119626,-0.1858353136355567,-1.24699814250368,0.7133013302640874,3.007900193811696,-0.1296038821657666,0.548204515915812,0.2818308320154693,-0.4150311827684605,-1.6580478577821924,-0.9546254232619223,-1.1466077999971185,1.226404540130098,-0.0567599726441879,0.2083439979593525,0.6788845388273436,-0.8468612580842407,-0.5605401482115058,-0.1114478008390267,0.5778172145413335,1.1090625299247778,0.3999897896563372,-0.1937669935260806,-0.0278716483332106,0.0920767518253235,-1.086745219073192,0.2906261228202593,-1.0086035474263273,0.041367954241473,-0.5576282797752575,2.2597513334384716,-0.2295830919899315,-1.5451025285502735,0.0108455649955844,0.6364054857176732,1.446848185725551,-0.5087907167554226,-1.4532875532306049,0.5105618908652397
-0.1675501742061756,-1.7277221049238898,-0.6891201279046283,-1.4102965040996638,2.1666988621526575,-0.5581582232562675,-0.4823736007822307,-0.3873159459056286,1.3425975569924455,0.2171574603585854,-0.3878483281209168,2.1027569006545614,-0.9745642493322992,1.3574171419777816,-0.4840991485446215,0.4168918912811659,0.1517079400304841,0.0201514693533111,-1.3609349049823671,0.1382125326174417,1.0750357969038289,0.0492111202938593,-1.2971321024546614,0.741319247089641,0.1003809599946056,-0.132109300466359,1.4820048666158203,-0.2440895090632175,0.4124666688484029,-1.0454489421155266,-0.2261382415323537,0.8337572938755471,-1.4274509951693226,0.3720137499202606,-0.0761532138409512,-0.024965745526813,0.8797441598322046,0.2633712981577191,1.5587475929940509,-1.0927334047990989,-0.3297897311119626,-0.1858353136355567,-1.24699814250368,0.7133013302640874,3.007900193811696,-0.1296038821657666,0.548204515915812,0.2818308320154693,-0.4150311827684605,-1.6580478577821924,-0.9546254232619223,-1.1466077999971185,1.226404540130098,-0.0567599726441879,0.2083439979593525,0.6788845388273436,-0.8468612580842407,-0.5605401482115058,-0.1114478008390267,0.5778172145413335,1.1090625299247778,0.3999897896563372,-0.1937669935260806,-0.0278716483332106,0.0920767518253235,-1.086745219073192,0.2906261228202593,-1.0086035474263273,0.041367954241473,-0.5576282797752575,2.2597513334384716,-0.2295830919899315,-1.5451025285502735,0.0108455649955844,0.6364054857176732,1.446848185725551,-0.5087907167554226,-1.4532875532306049,0.5105618908652397
-1.1877620077800684,-0.7116455227646129,-0.7444979573909934,-2.4800544999720415,3.3101339780516055,-0.2320223665956782,-0.5226844292488032,-0.426409839497887,0.945144165342817,0.3679794729566557,-0.3878483281209168,2.1027569006545614,-0.9745642493322992,1.3574171419777816,-0.4840991485446215,0.4168918912811659,0.1517079400304841,0.0201514693533111,-1.3609349049823671,0.1382125326174417,1.0750357969038289,0.0492111202938593,-1.2971321024546614,0.741319247089641,0.1003809599946056,-0.132109300466359,1.4820048666158203,-0.2440895090632175,0.4124666688484029,-1.0454489421155266,-0.2261382415323537,0.8337572938755471,-1.4274509951693226,0.3720137499202606,-0.0761532138409512,-0.024965745526813,0.8797441598322046,0.2633712981577191,1.5587475929940509,-1.0927334047990989,-0.3297897311119626,-0.1858353136355567,-1.24699814250368,0.7133013302640874,3.007900193811696,-0.1296038821657666,0.548204515915812,0.2818308320154693,-0.4150311827684605,-1.6580478577821924,-0.9546254232619223,-1.1466077999971185,1.226404540130098,-0.0567599726441879,0.2083439979593525,0.6788845388273436,-0.8468612580842407,-0.5605401482115058,-0.1114478008390267,0.5778172145413335,1.1090625299247778,0.3999897896563372,-0.1937669935260806,-0.0278716483332106,0.0920767518253235,-1.086745219073192,0.2906261228202593,-1.0086035474263273,0.041367954241473,-0.5576282797752575,2.2597513334384716,-0.2295830919899315,-1.5451025285502735,0.0108455649955844,0.6364054857176732,1.446848185725551,-0.5087907167554226,-1.4532875532306049,0.5105618908652397
-0.8738506743727179,-0.4881086746895721,-0.5617511200859885,-1.3741617092665828,1.99301251543383,-0.8842940799168568,-0.5136737734739223,-0.5217484961293302,-0.8354470292475193,0.4088742238230788,-0.3878483281209168,2.1027569006545614,-0.9745642493322992,1.3574171419777816,-0.4840991485446215,0.4168918912811659,0.1517079400304841,0.0201514693533111,-1.3609349049823671,0.1382125326174417,1.0750357969038289,0.0492111202938593,-1.2971321024546614,0.741319247089641,0.1003809599946056,-0.132109300466359,1.4820048666158203,-0.2440895090632175,0.4124666688484029,-1.0454489421155266,-0.2261382415323537,0.8337572938755471,-1.4274509951693226,0.3720137499202606,-0.0761532138409512,-0.024965745526813,0.8797441598322046,0.2633712981577191,1.5587475929940509,-1.0927334047990989,-0.3297897311119626,-0.1858353136355567,-1.24699814250368,0.7133013302640874,3.007900193811696,-0.1296038821657666,0.548204515915812,0.2818308320154693,-0.4150311827684605,-1.6580478577821924,-0.9546254232619223,-1.1466077999971185,1.226404540130098,-0.0567599726441879,0.2083439979593525,0.6788845388273436,-0.8468612580842407,-0.5605401482115058,-0.1114478008390267,0.5778172145413335,1.1090625299247778,0.3999897896563372,-0.1937669935260806,-0.0278716483332106,0.0920767518253235,-1.086745219073192,0.2906261228202593,-1.0086035474263273,0.041367954241473,-0.5576282797752575,2.2597513334384716,-0.2295830919899315,-1.5451025285502735,0.0108455649955844,0.6364054857176732,1.446848185725551,-0.5087907167554226,-1.4532875532306049,0.5105618908652397
-0.7168950076690418,-0.6274563202428445,-0.2334397024168236,-0.1296121476899982,0.3787511753411965,-0.9541803349155552,-0.5454481912063971,-0.5305761495211305,-0.3585029592679648,0.1911911030606574,-0.3878483281209168,2.1027569006545614,-0.9745642493322992,1.3574171419777816,-0.4840991485446215,0.4168918912811659,0.1517079400304841,0.0201514693533111,-1.3609349049823671,0.1382125326174417,1.0750357969038289,0.0492111202938593,-1.2971321024546614,0.741319247089641,0.1003809599946056,-0.132109300466359,1.4820048666158203,-0.2440895090632175,0.4124666688484029,-1.0454489421155266,-0.2261382415323537,0.8337572938755471,-1.4274509951693226,0.3720137499202606,-0.0761532138409512,-0.024965745526813,0.8797441598322046,0.2633712981577191,1.5587475929940509,-1.0927334047990989,-0.3297897311119626,-0.1858353136355567,-1.24699814250368,0.7133013302640874,3.007900193811696,-0.1296038821657666,0.548204515915812,0.2818308320154693,-0.4150311827684605,-1.6580478577821924,-0.9546254232619223,-1.1466077999971185,1.226404540130098,-0.0567599726441879,0.2083439979593525,0.6788845388273436,-0.8468612580842407,-0.5605401482115058,-0.1114478008390267,0.5778172145413335,1.1090625299247778,0.3999897896563372,-0.1937669935260806,-0.0278716483332106,0.0920767518253235,-1.086745219073192,0.2906261228202593,-1.0086035474263273,0.041367954241473,-0.5576282797752575,2.2597513334384716,-0.2295830919899315,-1.5451025285502735,0.0108455649955844,0.6364054857176732,1.446848185725551,-0.5087907167554226,-1.4532875532306049,0.5105618908652397
1.967046892963817,-1.372095301168143,-0.5846933637303398,0.9435072244459224,-0.3313194774210697,-1.5598612115709365,-0.5582528073075437,-0.3467087403033472,0.3092187387034112,-0.5682569915693368,0.141504797563253,-0.8175023083935602,-1.404761532825772,-0.254060905224602,-1.523843145053277,-0.1739410015523025,-0.7690304612729646,0.1671694850139676,-1.5328105502863512,0.0850527567640906,-0.4772407635400843,-0.6437482876660343,-1.8489597418457269,-0.5475212602829819,0.4406119684150683,-1.2918960882105757,-0.3954153202992875,1.6424056353830236,1.1797354436498708,1.810014968681057,0.3265800497335846,1.4660500711561435,-0.5996680028712146,-0.702299172638514,-2.886896864773431,1.160132836051139,1.3227699849986083,-0.5508432605795225,-0.0091859017768325,-0.8675578163957611,-0.0997598170115719,0.8218294865338828,-2.2319266112047873,0.1427586046487109,-0.3992219451392041,-0.0057838922492209,0.5032796234537653,-0.1196223435152696,0.1222476950040777,0.0526624749088655,1.046570205349172,0.5340315527838321,-0.068762160905362,-1.2312507472350325,0.1660647247470418,0.6873645709860715,0.2208136993648008,0.7609095284435833,1.4659062872565023,0.589686536419545,0.6013477890242339,-0.2996463007197804,-2.8576287353967484,-0.5522086689922201,-0.4839859497341667,0.5702292277260824,0.0936635762397261,-0.3685845504512775,-1.671567294880704,-1.026170894537083,0.5671659676110801,1.497701551873134,0.3522494378870585,0.5520925211703096,1.1147378535983352,-0.7776349128693494,0.4534565324456518,-0.5991112119909966,0.555516444873591
1.3627675761546652,-0.7247093645352322,0.2064184860748767,-1.0010489440133727,0.7882763359870593,-1.1871345182445474,-0.5829135494282704,-0.5124164054008556,-0.1359290599441728,-0.797701876961482,0.141504797563253,-0.8175023083935602,-1.404761532825772,-0.254060905224602,-1.523843145053277,-0.1739410015523025,-0.7690304612729646,0.1671694850139676,-1.5328105502863512,0.0850527567640906,-0.4772407635400843,-0.6437482876660343,-1.8489597418457269,-0.5475212602829819,0.4406119684150683,-1.2918960882105757,-0.3954153202992875,1.6424056353830236,1.1797354436498708,1.810014968681057,0.3265800497335846,1.4660500711561435,-0.5996680028712146,-0.702299172638514,-2.886896864773431,1.160132836051139,1.3227699849986083,-0.5508432605795225,-0.0091859017768325,-0.8675578163957611,-0.0997598170115719,0.8218294865338828,-2.2319266112047873,0.1427586046487109,-0.3992219451392041,-0.0057838922492209,0.5032796234537653,-0.1196223435152696,0.1222476950040777,0.0526624749088655,1.046570205349172,0.5340315527838321,-0.068762160905362,-1.2312507472350325,0.1660647247470418,0.6873645709860715,0.2208136993648008,0.7609095284435833,1.4659062872565023,0.589686536419545,0.6013477890242339,-0.2996463007197804,-2.8576287353967484,-0.5522086689922201,-0.4839859497341667,0.5702292277260824,0.0936635762397261,-0.3685845504512775,-1.671567294880704,-1.026170894537083,0.5671659676110801,1.497701551873134,0.3522494378870585,0.5520925211703096,1.1147378535983352,-0.7776349128693494,0.4534565324456518,-0.5991112119909966,0.555516444873591
0.4524247092733439,-0.2950541240793092,-0.4486221255638425,1.18888769168452,-0.7255193721799775,0.1639997450636094,-0.5767483638980888,-0.6372646462277454,-1.010326521573356,-1.05718449971569,0.141504797563253,-0.8175023083935602,-1.404761532825772,-0.254060905224602,-1.523843145053277,-0.1739410015523025,-0.7690304612729646,0.1671694850139676,-1.5328105502863512,0.0850527567640906,-0.4772407635400843,-0.6437482876660343,-1.8489597418457269,-0.5475212602829819,0.4406119684150683,-1.2918960882105757,-0.3954153202992875,1.6424056353830236,1.1797354436498708,1.810014968681057,0.3265800497335846,1.4660500711561435,-0.5996680028712146,-0.702299172638514,-2.886896864773431,1.160132836051139,1.3227699849986083,-0.5508432605795225,-0.0091859017768325,-0.8675578163957611,-0.0997598170115719,0.8218294865338828,-2.2319266112047873,0.1427586046487109,-0.3992219451392041,-0.0057838922492209,0.5032796234537653,-0.1196223435152696,0.1222476950040777,0.0526624749088655,1.046570205349172,0.5340315527838321,-0.068762160905362,-1.2312507472350325,0.1660647247470418,0.6873645709860715,0.2208136993648008,0.7609095284435833,1.4659062872565023,0.589686536419545,0.6013477890242339,-0.2996463007197804,-2.8576287353967484,-0.5522086689922201,-0.4839859497341667,0.5702292277260824,0.0936635762397261,-0.3685845504512775,-1.671567294880704,-1.026170894537083,0.5671659676110801,1.497701551873134,0.3522494378870585,0.5520925211703096,1.1147378535983352,-0.7776349128693494,0.4534565324456518,-0.5991112119909966,0.555516444873591
1.653135559556465,-1.3169368581366396,-0.2002130047250045,0.9300617193917532,-0.7306277941422958,0.6066126933886989,-0.5852847746321864,-0.6286892115042823,-0.7559563509175936,-0.9702379165682724,0.141504797563253,-0.8175023083935602,-1.404761532825772,-0.254060905224602,-1.523843145053277,-0.1739410015523025,-0.7690304612729646,0.1671694850139676,-1.5328105502863512,0.0850527567640906,-0.4772407635400843,-0.6437482876660343,-1.8489597418457269,-0.5475212602829819,0.4406119684150683,-1.2918960882105757,-0.3954153202992875,1.6424056353830236,1.1797354436498708,1.810014968681057,0.3265800497335846,1.4660500711561435,-0.5996680028712146,-0.702299172638514,-2.886896864773431,1.160132836051139,1.3227699849986083,-0.5508432605795225,-0.0091859017768325,-0.8675578163957611,-0.0997598170115719,0.8218294865338828,-2.2319266112047873,0.1427586046487109,-0.3992219451392041,-0.0057838922492209,0.5032796234537653,-0.1196223435152696,0.1222476950040777,0.0526624749088655,1.046570205349172,0.5340315527838321,-0.068762160905362,-1.2312507472350325,0.1660647247470418,0.6873645709860715,0.2208136993648008,0.7609095284435833,1.4659062872565023,0.589686536419545,0.6013477890242339,-0.2996463007197804,-2.8576287353967484,-0.5522086689922201,-0.4839859497341667,0.5702292277260824,0.0936635762397261,-0.3685845504512775,-1.671567294880704,-1.026170894537083,0.5671659676110801,1.497701551873134,0.3522494378870585,0.5520925211703096,1.1147378535983352,-0.7776349128693494,0.4534565324456518,-0.5991112119909966,0.555516444873591
1.0959429427584158,-0.3821464025501045,-0.636906745817484,1.9628445763651636,-1.3070280722238954,0.7463852033860917,-0.5781710990204384,-0.6372646462277454,0.0071541610496934,-0.9999137534801902,0.141504797563253,-0.8175023083935602,-1.404761532825772,-0.254060905224602,-1.523843145053277,-0.1739410015523025,-0.7690304612729646,0.1671694850139676,-1.5328105502863512,0.0850527567640906,-0.4772407635400843,-0.6437482876660343,-1.8489597418457269,-0.5475212602829819,0.4406119684150683,-1.2918960882105757,-0.3954153202992875,1.6424056353830236,1.1797354436498708,1.810014968681057,0.3265800497335846,1.4660500711561435,-0.5996680028712146,-0.702299172638514,-2.886896864773431,1.160132836051139,1.3227699849986083,-0.5508432605795225,-0.0091859017768325,-0.8675578163957611,-0.0997598170115719,0.8218294865338828,-2.2319266112047873,0.1427586046487109,-0.3992219451392041,-0.0057838922492209,0.5032796234537653,-0.1196223435152696,0.1222476950040777,0.0526624749088655,1.046570205349172,0.5340315527838321,-0.068762160905362,-1.2312507472350325,0.1660647247470418,0.6873645709860715,0.2208136993648008,0.7609095284435833,1.4659062872565023,0.589686536419545,0.6013477890242339,-0.2996463007197804,-2.8576287353967484,-0.5522086689922201,-0.4839859497341667,0.5702292277260824,0.0936635762397261,-0.3685845504512775,-1.671567294880704,-1.026170894537083,0.5671659676110801,1.497701551873134,0.3522494378870585,0.5520925211703096,1.1147378535983352,-0.7776349128693494,0.4534565324456518,-0.5991112119909966,0.555516444873591
1.8022434429249563,-0.729063978458772,-0.4415021189155955,-0.2044027695538173,0.6324694661363465,0.1872951633965082,-0.5686861982047742,-0.5361249602245478,-0.2154197382740986,-0.7508357686676606,0.1438403961277955,-0.8142268824929418,-0.8576722508446248,1.321792173708197,0.4451507649921877,1.5536170098150683,0.4238193288887184,1.4930892816524317,-0.4829107122294891,0.425482623799598,-0.4319248697433807,0.0759253707594539,-1.482249642765572,0.3036732962427287,0.240950168560196,0.4681105235644739,-0.3036123718545782,-0.3836919171613796,-0.8007145686536383,0.2202547765326163,0.6406837298951747,-1.152544004003193,0.2082315673149342,0.4129403643696641,-0.886593211532443,-0.6762232518314361,0.1695962805023605,-1.0831038948933172,0.5374789922061181,-1.0004612835836626,0.5344031314679539,1.9964878440532037,-0.9420983906467164,0.2729321297259435,-0.988703105482256,0.8749678869393888,-1.179682733144255,0.8648549466928037,-0.5554326063111111,0.0599982724019078,-1.342965301684034,0.9086287937892006,-0.9920546578551902,0.6210767780983386,0.2107016922951504,-0.2155434481260912,0.3221616061954522,-0.5558715489396877,0.0207025349558131,1.18300133100944,-0.4814407919563321,1.250893591461374,1.243584179321953,-1.149530891307951,-1.7165834376052096,0.4670951391481272,-0.2938926302756089,1.4912155134604002,-0.0012371906625886,-0.8856362083745216,-0.765261059399046,0.881866284987223,-0.3355039130932173,0.2193924319883449,1.1184094926085049,-0.4851550774350122,0.0381322302617173,0.1353334659328648,0.3854875691954058
-1.5487600411985232,3.624098407106473,0.2436007430157218,0.517452783041919,-0.7902260503693445,0.23388600006231,-0.6080485365897803,-0.6362557715543967,1.6287639989801783,-0.2928507490087337,0.1438403961277955,-0.8142268824929418,-0.8576722508446248,1.321792173708197,0.4451507649921877,1.5536170098150683,0.4238193288887184,1.4930892816524317,-0.4829107122294891,0.425482623799598,-0.4319248697433807,0.0759253707594539,-1.482249642765572,0.3036732962427287,0.240950168560196,0.4681105235644739,-0.3036123718545782,-0.3836919171613796,-0.8007145686536383,0.2202547765326163,0.6406837298951747,-1.152544004003193,0.2082315673149342,0.4129403643696641,-0.886593211532443,-0.6762232518314361,0.1695962805023605,-1.0831038948933172,0.5374789922061181,-1.0004612835836626,0.5344031314679539,1.9964878440532037,-0.9420983906467164,0.2729321297259435,-0.988703105482256,0.8749678869393888,-1.179682733144255,0.8648549466928037,-0.5554326063111111,0.0599982724019078,-1.342965301684034,0.9086287937892006,-0.9920546578551902,0.6210767780983386,0.2107016922951504,-0.2155434481260912,0.3221616061954522,-0.5558715489396877,0.0207025349558131,1.18300133100944,-0.4814407919563321,1.250893591461374,1.243584179321953,-1.149530891307951,-1.7165834376052096,0.4670951391481272,-0.2938926302756089,1.4912155134604002,-0.0012371906625886,-0.8856362083745216,-0.765261059399046,0.881866284987223,-0.3355039130932173,0.2193924319883449,1.1184094926085049,-0.4851550774350122,0.0381322302617173,0.1353334659328648,0.3854875691954058
0.4367291426029763,-0.091838807647454,0.1280984129441602,0.6082099421575644,-0.7578727112746609,-0.1155452749311801,-0.6113682518752629,-0.6362557715543967,-0.0882346529462175,-0.9585666270510852,0.1438403961277955,-0.8142268824929418,-0.8576722508446248,1.321792173708197,0.4451507649921877,1.5536170098150683,0.4238193288887184,1.4930892816524317,-0.4829107122294891,0.425482623799598,-0.4319248697433807,0.0759253707594539,-1.482249642765572,0.3036732962427287,0.240950168560196,0.4681105235644739,-0.3036123718545782,-0.3836919171613796,-0.8007145686536383,0.2202547765326163,0.6406837298951747,-1.152544004003193,0.2082315673149342,0.4129403643696641,-0.886593211532443,-0.6762232518314361,0.1695962805023605,-1.0831038948933172,0.5374789922061181,-1.0004612835836626,0.5344031314679539,1.9964878440532037,-0.9420983906467164,0.2729321297259435,-0.988703105482256,0.8749678869393888,-1.179682733144255,0.8648549466928037,-0.5554326063111111,0.0599982724019078,-1.342965301684034,0.9086287937892006,-0.9920546578551902,0.6210767780983386,0.2107016922951504,-0.2155434481260912,0.3221616061954522,-0.5558715489396877,0.0207025349558131,1.18300133100944,-0.4814407919563321,1.250893591461374,1.243584179321953,-1.149530891307951,-1.7165834376052096,0.4670951391481272,-0.2938926302756089,1.4912155134604002,-0.0012371906625886,-0.8856362083745216,-0.765261059399046,0.881866284987223,-0.3355039130932173,0.2193924319883449,1.1184094926085049,-0.4851550774350122,0.0381322302617173,0.1353334659328648,0.3854875691954058
0.4131857925974257,-0.7189032126371793,0.4500809358148834,-0.4598673655830418,-0.0222599487008026,-0.2320223665956782,-0.6194304175685773,-0.6614776383881119,-0.7082619439196381,-1.091384092254425,0.1438403961277955,-0.8142268824929418,-0.8576722508446248,1.321792173708197,0.4451507649921877,1.5536170098150683,0.4238193288887184,1.4930892816524317,-0.4829107122294891,0.425482623799598,-0.4319248697433807,0.0759253707594539,-1.482249642765572,0.3036732962427287,0.240950168560196,0.4681105235644739,-0.3036123718545782,-0.3836919171613796,-0.8007145686536383,0.2202547765326163,0.6406837298951747,-1.152544004003193,0.2082315673149342,0.4129403643696641,-0.886593211532443,-0.6762232518314361,0.1695962805023605,-1.0831038948933172,0.5374789922061181,-1.0004612835836626,0.5344031314679539,1.9964878440532037,-0.9420983906467164,0.2729321297259435,-0.988703105482256,0.8749678869393888,-1.179682733144255,0.8648549466928037,-0.5554326063111111,0.0599982724019078,-1.342965301684034,0.9086287937892006,-0.9920546578551902,0.6210767780983386,0.2107016922951504,-0.2155434481260912,0.3221616061954522,-0.5558715489396877,0.0207025349558131,1.18300133100944,-0.4814407919563321,1.250893591461374,1.243584179321953,-1.149530891307951,-1.7165834376052096,0.4670951391481272,-0.2938926302756089,1.4912155134604002,-0.0012371906625886,-0.8856362083745216,-0.765261059399046,0.881866284987223,-0.3355039130932173,0.2193924319883449,1.1184094926085049,-0.4851550774350122,0.0381322302617173,0.1353334659328648,0.3854875691954058
-0.5834826909709163,-0.6245532442938175,1.3566951156916611,-0.1926379526314188,-1.268714907506507,-0.3717948765930751,-0.6151622122015286,-0.6698008544432379,-1.0580209285713116,-1.1705498157237175,0.1438403961277955,-0.8142268824929418,-0.8576722508446248,1.321792173708197,0.4451507649921877,1.5536170098150683,0.4238193288887184,1.4930892816524317,-0.4829107122294891,0.425482623799598,-0.4319248697433807,0.0759253707594539,-1.482249642765572,0.3036732962427287,0.240950168560196,0.4681105235644739,-0.3036123718545782,-0.3836919171613796,-0.8007145686536383,0.2202547765326163,0.6406837298951747,-1.152544004003193,0.2082315673149342,0.4129403643696641,-0.886593211532443,-0.6762232518314361,0.1695962805023605,-1.0831038948933172,0.5374789922061181,-1.0004612835836626,0.5344031314679539,1.9964878440532037,-0.9420983906467164,0.2729321297259435,-0.988703105482256,0.8749678869393888,-1.179682733144255,0.8648549466928037,-0.5554326063111111,0.0599982724019078,-1.342965301684034,0.9086287937892006,-0.9920546578551902,0.6210767780983386,0.2107016922951504,-0.2155434481260912,0.3221616061954522,-0.5558715489396877,0.0207025349558131,1.18300133100944,-0.4814407919563321,1.250893591461374,1.243584179321953,-1.149530891307951,-1.7165834376052096,0.4670951391481272,-0.2938926302756089,1.4912155134604002,-0.0012371906625886,-0.8856362083745216,-0.765261059399046,0.881866284987223,-0.3355039130932173,0.2193924319883449,1.1184094926085049,-0.4851550774350122,0.0381322302617173,0.1353334659328648,0.3854875691954058
1.370615359489848,-1.2704876429522154,-0.7753513195333969,0.4947634932630079,0.3293697630387848,-0.2786132032614758,-0.54734517136953,-0.4019446286691834,0.388709417033337,-0.4821246844347461,0.1812458047474606,-0.7312637520295145,-0.2715833595127237,1.4244249688017363,1.2900329949906826,1.4468162088394614,-0.428896533754224,-1.8231819371872509,1.3967096028024246,-0.1340593280170662,-0.7320026131219883,-1.4880307697359796,1.4625763203328708,-1.1147460264627025,0.3253410200132272,0.6087232239727908,0.0834461771668559,-0.2824844828031068,-1.6689792027244412,-0.6719337925469546,0.1425863672554709,-0.7489471323752827,0.3236118631155417,0.9832823536600146,0.7767022851126366,-1.3369826930823383,1.9006471863556371,0.6606019061363195,0.2191549282650198,0.8639438096653979,1.7487979614694988,-1.6610033308540009,-0.0127739000891686,-2.765863931980965,0.2154761333362157,0.2334991389404431,0.0170526722339389,-0.8060754311469394,-1.5917024251500869,0.678025411222162,1.6257853835747675,-0.4032060643450647,0.1228488678284779,-1.533238345679272,1.2480079068654288,-0.4641069516032401,-0.5159700794741213,-0.5545180125636723,-0.5402172076392334,-0.2020450925411213,-1.1451780756433123,-0.1947223635306944,-0.3148195009034853,-1.41038431590013,1.8333830624557,-0.8808664474680096,-0.414078073444204,-0.9275665448048404,1.6225666021866894,0.496677701342668,-0.5924786901442515,0.8979277115197509,0.7852714778011384,0.4694305404532102,-0.317605548490047,-0.7225856122313555,0.4242269127835506,-0.4008679444271874,1.4472842424738068
1.7473089595786706,-0.9061516113493888,-0.6558934302128092,0.4796373000770664,0.2161330762073919,0.1639997450636094,-0.5369117804722994,-0.5946396912787668,0.2138299247075002,-0.7788830535539242,0.1812458047474606,-0.7312637520295145,-0.2715833595127237,1.4244249688017363,1.2900329949906826,1.4468162088394614,-0.428896533754224,-1.8231819371872509,1.3967096028024246,-0.1340593280170662,-0.7320026131219883,-1.4880307697359796,1.4625763203328708,-1.1147460264627025,0.3253410200132272,0.6087232239727908,0.0834461771668559,-0.2824844828031068,-1.6689792027244412,-0.6719337925469546,0.1425863672554709,-0.7489471323752827,0.3236118631155417,0.9832823536600146,0.7767022851126366,-1.3369826930823383,1.9006471863556371,0.6606019061363195,0.2191549282650198,0.8639438096653979,1.7487979614694988,-1.6610033308540009,-0.0127739000891686,-2.765863931980965,0.2154761333362157,0.2334991389404431,0.0170526722339389,-0.8060754311469394,-1.5917024251500869,0.678025411222162,1.6257853835747675,-0.4032060643450647,0.1228488678284779,-1.533238345679272,1.2480079068654288,-0.4641069516032401,-0.5159700794741213,-0.5545180125636723,-0.5402172076392334,-0.2020450925411213,-1.1451780756433123,-0.1947223635306944,-0.3148195009034853,-1.41038431590013,1.8333830624557,-0.8808664474680096,-0.414078073444204,-0.9275665448048404,1.6225666021866894,0.496677701342668,-0.5924786901442515,0.8979277115197509,0.7852714778011384,0.4694305404532102,-0.317605548490047,-0.7225856122313555,0.4242269127835506,-0.4008679444271874,1.4472842424738068
0.530902542625182,-0.7914801113628419,-0.505582178749818,1.7107413565994816,-1.1929399817321165,0.932748550049286,-0.5905014700808018,-0.6536588596696602,-0.7877526222495639,-1.089936490453843,0.1812458047474606,-0.7312637520295145,-0.2715833595127237,1.4244249688017363,1.2900329949906826,1.4468162088394614,-0.428896533754224,-1.8231819371872509,1.3967096028024246,-0.1340593280170662,-0.7320026131219883,-1.4880307697359796,1.4625763203328708,-1.1147460264627025,0.3253410200132272,0.6087232239727908,0.0834461771668559,-0.2824844828031068,-1.6689792027244412,-0.6719337925469546,0.1425863672554709,-0.7489471323752827,0.3236118631155417,0.9832823536600146,0.7767022851126366,-1.3369826930823383,1.9006471863556371,0.6606019061363195,0.2191549282650198,0.8639438096653979,1.7487979614694988,-1.6610033308540009,-0.0127739000891686,-2.765863931980965,0.2154761333362157,0.2334991389404431,0.0170526722339389,-0.8060754311469394,-1.5917024251500869,0.678025411222162,1.6257853835747675,-0.4032060643450647,0.1228488678284779,-1.533238345679272,1.2480079068654288,-0.4641069516032401,-0.5159700794741213,-0.5545180125636723,-0.5402172076392334,-0.2020450925411213,-1.1451780756433123,-0.1947223635306944,-0.3148195009034853,-1.41038431590013,1.8333830624557,-0.8808664474680096,-0.414078073444204,-0.9275665448048404,1.6225666021866894,0.496677701342668,-0.5924786901442515,0.8979277115197509,0.7852714778011384,0.4694305404532102,-0.317605548490047,-0.7225856122313555,0.4242269127835506,-0.4008679444271874,1.4472842424738068
-0.230332440887646,-1.2893576366208876,-0.0823373391040273,1.3014937965131903,-1.2338073574306645,1.21229357004408,-0.5919242052031514,-0.6536588596696602,-0.5651787229257719,-1.052841694313946,0.1812458047474606,-0.7312637520295145,-0.2715833595127237,1.4244249688017363,1.2900329949906826,1.4468162088394614,-0.428896533754224,-1.8231819371872509,1.3967096028024246,-0.1340593280170662,-0.7320026131219883,-1.4880307697359796,1.4625763203328708,-1.1147460264627025,0.3253410200132272,0.6087232239727908,0.0834461771668559,-0.2824844828031068,-1.6689792027244412,-0.6719337925469546,0.1425863672554709,-0.7489471323752827,0.3236118631155417,0.9832823536600146,0.7767022851126366,-1.3369826930823383,1.9006471863556371,0.6606019061363195,0.2191549282650198,0.8639438096653979,1.7487979614694988,-1.6610033308540009,-0.0127739000891686,-2.765863931980965,0.2154761333362157,0.2334991389404431,0.0170526722339389,-0.8060754311469394,-1.5917024251500869,0.678025411222162,1.6257853835747675,-0.4032060643450647,0.1228488678284779,-1.533238345679272,1.2480079068654288,-0.4641069516032401,-0.5159700794741213,-0.5545180125636723,-0.5402172076392334,-0.2020450925411213,-1.1451780756433123,-0.1947223635306944,-0.3148195009034853,-1.41038431590013,1.8333830624557,-0.8808664474680096,-0.414078073444204,-0.9275665448048404,1.6225666021866894,0.496677701342668,-0.5924786901442515,0.8979277115197509,0.7852714778011384,0.4694305404532102,-0.317605548490047,-0.7225856122313555,0.4242269127835506,-0.4008679444271874,1.4472842424738068
-0.2852669242339318,-0.9598585164063792,0.0988272745013673,1.1023322528983024,-1.226996128147573,1.072521060046683,-0.5886044899176689,-0.6536588596696602,-1.010326521573356,-1.1653927343091464,0.1812458047474606,-0.7312637520295145,-0.2715833595127237,1.4244249688017363,1.2900329949906826,1.4468162088394614,-0.428896533754224,-1.8231819371872509,1.3967096028024246,-0.1340593280170662,-0.7320026131219883,-1.4880307697359796,1.4625763203328708,-1.1147460264627025,0.3253410200132272,0.6087232239727908,0.0834461771668559,-0.2824844828031068,-1.6689792027244412,-0.6719337925469546,0.1425863672554709,-0.7489471323752827,0.3236118631155417,0.9832823536600146,0.7767022851126366,-1.3369826930823383,1.9006471863556371,0.6606019061363195,0.2191549282650198,0.8639438096653979,1.7487979614694988,-1.6610033308540009,-0.0127739000891686,-2.765863931980965,0.2154761333362157,0.2334991389404431,0.0170526722339389,-0.8060754311469394,-1.5917024251500869,0.678025411222162,1.6257853835747675,-0.4032060643450647,0.1228488678284779,-1.533238345679272,1.2480079068654288,-0.4641069516032401,-0.5159700794741213,-0.5545180125636723,-0.5402172076392334,-0.2020450925411213,-1.1451780756433123,-0.1947223635306944,-0.3148195009034853,-1.41038431590013,1.8333830624557,-0.8808664474680096,-0.414078073444204,-0.9275665448048404,1.6225666021866894,0.496677701342668,-0.5924786901442515,0.8979277115197509,0.7852714778011384,0.4694305404532102,-0.317605548490047,-0.7225856122313555,0.4242269127835506,-0.4008679444271874,1.4472842424738068
-0.4814615076135277,0.3682987302732469,-0.151164070037081,0.0334146010918093,0.1250328845460459,-1.6530428849025336,-0.5482936614510964,-0.2142939394263429,1.7241528129760897,-0.3854972642459406,0.1426905643813897,-0.7524678412969862,0.6728053338366068,-1.1976987848717051,1.2467872960600008,0.3137856499095856,-0.2166054092657259,-1.9257581493538387,-0.9288413546847096,-2.6818645635540523,0.3180975644411038,-0.6430761133303616,0.0499691890186755,1.2620638494844023,-0.5351104269456628,0.7336792834564141,-0.9250331041166516,1.4979608790351482,-0.2716460881879055,-0.7030616687721072,0.5945342832302234,-0.3507674911210571,-0.716640401984022,-0.4906609246299239,-0.2200564827981438,1.321651948418732,-1.736373384024794,-0.0222388843310704,0.786407564613147,0.0222496900951154,0.7646964181233096,-0.3396408357417111,0.0467607391132037,0.333571266505712,0.093226683578355,-0.484163304571321,0.559061109902045,-0.8031236035084681,-0.3248318495940792,-0.2817524538031592,1.5035645738799002,-2.844269297990111,0.0840326837281271,0.0950317074136728,-1.5197652437541254,0.1625012800091639,0.6241961117136203,0.6961595519326226,-2.637440531136628,0.9851867129024916,-0.4312839910945718,0.8037887660905934,0.4772993015968781,-1.2053580150771184,0.5929654336367809,-0.3348925348085821,-1.7948340612683338,0.8957523529496552,-0.746864018819814,-0.9389802803059828,-0.1546907687824579,0.0774784485561256,0.41069975017208,0.8101337723135982,-1.416486155235892,-0.7162910712083393,-0.0323742432428874,2.077617843632274,-0.3612692952287145
1.9042646262823464,-0.7987378012354083,-0.5910222585287814,-0.2615461660340386,0.8972560045165199,-0.5814536415891663,-0.5582528073075437,-0.5293150561794447,-0.2631141452720541,-0.8828389578581729,0.1426905643813897,-0.7524678412969862,0.6728053338366068,-1.1976987848717051,1.2467872960600008,0.3137856499095856,-0.2166054092657259,-1.9257581493538387,-0.9288413546847096,-2.6818645635540523,0.3180975644411038,-0.6430761133303616,0.0499691890186755,1.2620638494844023,-0.5351104269456628,0.7336792834564141,-0.9250331041166516,1.4979608790351482,-0.2716460881879055,-0.7030616687721072,0.5945342832302234,-0.3507674911210571,-0.716640401984022,-0.4906609246299239,-0.2200564827981438,1.321651948418732,-1.736373384024794,-0.0222388843310704,0.786407564613147,0.0222496900951154,0.7646964181233096,-0.3396408357417111,0.0467607391132037,0.333571266505712,0.093226683578355,-0.484163304571321,0.559061109902045,-0.8031236035084681,-0.3248318495940792,-0.2817524538031592,1.5035645738799002,-2.844269297990111,0.0840326837281271,0.0950317074136728,-1.5197652437541254,0.1625012800091639,0.6241961117136203,0.6961595519326226,-2.637440531136628,0.9851867129024916,-0.4312839910945718,0.8037887660905934,0.4772993015968781,-1.2053580150771184,0.5929654336367809,-0.3348925348085821,-1.7948340612683338,0.8957523529496552,-0.746864018819814,-0.9389802803059828,-0.1546907687824579,0.0774784485561256,0.41069975017208,0.8101337723135982,-1.416486155235892,-0.7162910712083393,-0.0323742432428874,2.077617843632274,-0.3612692952287145
0.4681202759437115,0.3944264138144854,-0.5878578111295607,0.3493839698647981,0.2748799287740546,0.4435447650584033,-0.5748513837349559,-0.6037195633389043,-0.5969749942577421,-0.9949376222906918,0.1426905643813897,-0.7524678412969862,0.6728053338366068,-1.1976987848717051,1.2467872960600008,0.3137856499095856,-0.2166054092657259,-1.9257581493538387,-0.9288413546847096,-2.6818645635540523,0.3180975644411038,-0.6430761133303616,0.0499691890186755,1.2620638494844023,-0.5351104269456628,0.7336792834564141,-0.9250331041166516,1.4979608790351482,-0.2716460881879055,-0.7030616687721072,0.5945342832302234,-0.3507674911210571,-0.716640401984022,-0.4906609246299239,-0.2200564827981438,1.321651948418732,-1.736373384024794,-0.0222388843310704,0.786407564613147,0.0222496900951154,0.7646964181233096,-0.3396408357417111,0.0467607391132037,0.333571266505712,0.093226683578355,-0.484163304571321,0.559061109902045,-0.8031236035084681,-0.3248318495940792,-0.2817524538031592,1.5035645738799002,-2.844269297990111,0.0840326837281271,0.0950317074136728,-1.5197652437541254,0.1625012800091639,0.6241961117136203,0.6961595519326226,-2.637440531136628,0.9851867129024916,-0.4312839910945718,0.8037887660905934,0.4772993015968781,-1.2053580150771184,0.5929654336367809,-0.3348925348085821,-1.7948340612683338,0.8957523529496552,-0.746864018819814,-0.9389802803059828,-0.1546907687824579,0.0774784485561256,0.41069975017208,0.8101337723135982,-1.416486155235892,-0.7162910712083393,-0.0323742432428874,2.077617843632274,-0.3612692952287145
0.1463611592011764,0.5308709834187318,-0.5554222252875468,0.9737596108178044,-0.3926205409688911,0.5600218567228972,-0.5776968539796551,-0.6450834249461971,-0.7082619439196381,-1.033660970456243,0.1426905643813897,-0.7524678412969862,0.6728053338366068,-1.1976987848717051,1.2467872960600008,0.3137856499095856,-0.2166054092657259,-1.9257581493538387,-0.9288413546847096,-2.6818645635540523,0.3180975644411038,-0.6430761133303616,0.0499691890186755,1.2620638494844023,-0.5351104269456628,0.7336792834564141,-0.9250331041166516,1.4979608790351482,-0.2716460881879055,-0.7030616687721072,0.5945342832302234,-0.3507674911210571,-0.716640401984022,-0.4906609246299239,-0.2200564827981438,1.321651948418732,-1.736373384024794,-0.0222388843310704,0.786407564613147,0.0222496900951154,0.7646964181233096,-0.3396408357417111,0.0467607391132037,0.333571266505712,0.093226683578355,-0.484163304571321,0.559061109902045,-0.8031236035084681,-0.3248318495940792,-0.2817524538031592,1.5035645738799002,-2.844269297990111,0.0840326837281271,0.0950317074136728,-1.5197652437541254,0.1625012800091639,0.6241961117136203,0.6961595519326226,-2.637440531136628,0.9851867129024916,-0.4312839910945718,0.8037887660905934,0.4772993015968781,-1.2053580150771184,0.5929654336367809,-0.3348925348085821,-1.7948340612683338,0.8957523529496552,-0.746864018819814,-0.9389802803059828,-0.1546907687824579,0.0774784485561256,0.41069975017208,0.8101337723135982,-1.416486155235892,-0.7162910712083393,-0.0323742432428874,2.077617843632274,-0.3612692952287145
1.1037907260935986,-0.8858300797062031,-0.7666490891855395,0.7149336385250374,0.0969365637532946,0.6532035300544965,-0.5819650593467041,-0.6286892115042823,-0.8354470292475193,-1.1248598838928685,0.1426905643813897,-0.7524678412969862,0.6728053338366068,-1.1976987848717051,1.2467872960600008,0.3137856499095856,-0.2166054092657259,-1.9257581493538387,-0.9288413546847096,-2.6818645635540523,0.3180975644411038,-0.6430761133303616,0.0499691890186755,1.2620638494844023,-0.5351104269456628,0.7336792834564141,-0.9250331041166516,1.4979608790351482,-0.2716460881879055,-0.7030616687721072,0.5945342832302234,-0.3507674911210571,-0.716640401984022,-0.4906609246299239,-0.2200564827981438,1.321651948418732,-1.736373384024794,-0.0222388843310704,0.786407564613147,0.0222496900951154,0.7646964181233096,-0.3396408357417111,0.0467607391132037,0.333571266505712,0.093226683578355,-0.484163304571321,0.559061109902045,-0.8031236035084681,-0.3248318495940792,-0.2817524538031592,1.5035645738799002,-2.844269297990111,0.0840326837281271,0.0950317074136728,-1.5197652437541254,0.1625012800091639,0.6241961117136203,0.6961595519326226,-2.637440531136628,0.9851867129024916,-0.4312839910945718,0.8037887660905934,0.4772993015968781,-1.2053580150771184,0.5929654336367809,-0.3348925348085821,-1.7948340612683338,0.8957523529496552,-0.746864018819814,-0.9389802803059828,-0.1546907687824579,0.0774784485561256,0.41069975017208,0.8101337723135982,-1.416486155235892,-0.7162910712083393,-0.0323742432428874,2.077617843632274,-0.3612692952287145
1.0331606760769454,-0.9511492885592994,-0.2682486238082531,0.7544298096216608,-0.4794637143283049,0.8162714583847922,-0.5705831783679071,-0.4132944687443551,1.23131060733055,-0.5038387114434665,0.181173947539577,-0.580033814233414,0.3433003150931684,0.0816127170374032,-1.0864546035414837,-0.3233602256996407,1.48673321144886,-1.2520149700650414,-0.0736578196697353,-0.5415236640152103,-0.6193147883356049,-0.4536925167619657,-0.7516319647382319,2.547291374859858,0.9968278762280232,0.767711575806453,0.1663276060026135,-1.801442229687919,0.5230543706118278,1.2327317528050723,-0.7996086185593548,1.236941351140551,0.8224037109117031,2.4708433770495497,-0.5893976110864196,-1.203895273482249,-0.3518571409460688,1.2734458542300588,-1.434477929736698,-2.1022784673778583,-0.3731698318321447,-0.6962758102489999,0.3279433318874531,0.7018423775122911,-0.7605798987319988,-1.8919432156339728,2.050800077044975,-1.310532092860591,-0.7193016256615614,1.4553910685965068,-0.5710225249910601,0.0865185796877795,0.1601539127178357,1.1612729406702964,0.2244718421112648,1.2410495652462556,-1.780645916104789,0.8537890633696161,-0.9543428652183672,0.9922837616704674,0.6621032158398323,-0.4488366801497166,0.3981095570782861,0.4266900750766673,0.5726967522428456,-1.0864231949995315,-0.231460103490501,-0.0998405388778366,-0.0712718447618603,0.6974703219577553,-1.4772914873906016,0.1385603195731896,0.0728029305107263,-0.8143026331542409,-0.7571629883405308,-0.2436386411771602,-3.539259166279192,-0.5593408544531884,-1.075111962560631
2.2652626597008014,-1.070175402469386,-0.5134932972478702,0.5325789762278604,0.0092419867334942,0.932748550049286,-0.5667892180416414,-0.5873253498969895,-0.4379936375978907,-0.8867293876972353,0.181173947539577,-0.580033814233414,0.3433003150931684,0.0816127170374032,-1.0864546035414837,-0.3233602256996407,1.48673321144886,-1.2520149700650414,-0.0736578196697353,-0.5415236640152103,-0.6193147883356049,-0.4536925167619657,-0.7516319647382319,2.547291374859858,0.9968278762280232,0.767711575806453,0.1663276060026135,-1.801442229687919,0.5230543706118278,1.2327317528050723,-0.7996086185593548,1.236941351140551,0.8224037109117031,2.4708433770495497,-0.5893976110864196,-1.203895273482249,-0.3518571409460688,1.2734458542300588,-1.434477929736698,-2.1022784673778583,-0.3731698318321447,-0.6962758102489999,0.3279433318874531,0.7018423775122911,-0.7605798987319988,-1.8919432156339728,2.050800077044975,-1.310532092860591,-0.7193016256615614,1.4553910685965068,-0.5710225249910601,0.0865185796877795,0.1601539127178357,1.1612729406702964,0.2244718421112648,1.2410495652462556,-1.780645916104789,0.8537890633696161,-0.9543428652183672,0.9922837616704674,0.6621032158398323,-0.4488366801497166,0.3981095570782861,0.4266900750766673,0.5726967522428456,-1.0864231949995315,-0.231460103490501,-0.0998405388778366,-0.0712718447618603,0.6974703219577553,-1.4772914873906016,0.1385603195731896,0.0728029305107263,-0.8143026331542409,-0.7571629883405308,-0.2436386411771602,-3.539259166279192,-0.5593408544531884,-1.075111962560631
0.3817946592566906,-0.332794111416654,0.0917072678531202,0.6451850810565322,-0.7561699039538882,1.328770661708574,-0.58433628455062,-0.6367602088910711,-0.6764656725876679,-1.062522531355334,0.181173947539577,-0.580033814233414,0.3433003150931684,0.0816127170374032,-1.0864546035414837,-0.3233602256996407,1.48673321144886,-1.2520149700650414,-0.0736578196697353,-0.5415236640152103,-0.6193147883356049,-0.4536925167619657,-0.7516319647382319,2.547291374859858,0.9968278762280232,0.767711575806453,0.1663276060026135,-1.801442229687919,0.5230543706118278,1.2327317528050723,-0.7996086185593548,1.236941351140551,0.8224037109117031,2.4708433770495497,-0.5893976110864196,-1.203895273482249,-0.3518571409460688,1.2734458542300588,-1.434477929736698,-2.1022784673778583,-0.3731698318321447,-0.6962758102489999,0.3279433318874531,0.7018423775122911,-0.7605798987319988,-1.8919432156339728,2.050800077044975,-1.310532092860591,-0.7193016256615614,1.4553910685965068,-0.5710225249910601,0.0865185796877795,0.1601539127178357,1.1612729406702964,0.2244718421112648,1.2410495652462556,-1.780645916104789,0.8537890633696161,-0.9543428652183672,0.9922837616704674,0.6621032158398323,-0.4488366801497166,0.3981095570782861,0.4266900750766673,0.5726967522428456,-1.0864231949995315,-0.231460103490501,-0.0998405388778366,-0.0712718447618603,0.6974703219577553,-1.4772914873906016,0.1385603195731896,0.0728029305107263,-0.8143026331542409,-0.7571629883405308,-0.2436386411771602,-3.539259166279192,-0.5593408544531884,-1.075111962560631
1.1194862927639664,-0.6085863265741718,-0.3647642694844896,0.6611516183083584,-0.2810866614582712,1.305475243375675,-0.5781710990204384,-0.6203659954491563,5.158150116828881,-0.1688998448339551,0.181173947539577,-0.580033814233414,0.3433003150931684,0.0816127170374032,-1.0864546035414837,-0.3233602256996407,1.48673321144886,-1.2520149700650414,-0.0736578196697353,-0.5415236640152103,-0.6193147883356049,-0.4536925167619657,-0.7516319647382319,2.547291374859858,0.9968278762280232,0.767711575806453,0.1663276060026135,-1.801442229687919,0.5230543706118278,1.2327317528050723,-0.7996086185593548,1.236941351140551,0.8224037109117031,2.4708433770495497,-0.5893976110864196,-1.203895273482249,-0.3518571409460688,1.2734458542300588,-1.434477929736698,-2.1022784673778583,-0.3731698318321447,-0.6962758102489999,0.3279433318874531,0.7018423775122911,-0.7605798987319988,-1.8919432156339728,2.050800077044975,-1.310532092860591,-0.7193016256615614,1.4553910685965068,-0.5710225249910601,0.0865185796877795,0.1601539127178357,1.1612729406702964,0.2244718421112648,1.2410495652462556,-1.780645916104789,0.8537890633696161,-0.9543428652183672,0.9922837616704674,0.6621032158398323,-0.4488366801497166,0.3981095570782861,0.4266900750766673,0.5726967522428456,-1.0864231949995315,-0.231460103490501,-0.0998405388778366,-0.0712718447618603,0.6974703219577553,-1.4772914873906016,0.1385603195731896,0.0728029305107263,-0.8143026331542409,-0.7571629883405308,-0.2436386411771602,-3.539259166279192,-0.5593408544531884,-1.075111962560631
1.1901163427806214,-0.4982694405111649,0.7950057023299578,0.5586296422703145,-1.4253731810176065,1.7014973550349628,-0.5862332647137528,-0.6536588596696602,-0.9626321145754004,-1.1517309923161598,0.181173947539577,-0.580033814233414,0.3433003150931684,0.0816127170374032,-1.0864546035414837,-0.3233602256996407,1.48673321144886,-1.2520149700650414,-0.0736578196697353,-0.5415236640152103,-0.6193147883356049,-0.4536925167619657,-0.7516319647382319,2.547291374859858,0.9968278762280232,0.767711575806453,0.1663276060026135,-1.801442229687919,0.5230543706118278,1.2327317528050723,-0.7996086185593548,1.236941351140551,0.8224037109117031,2.4708433770495497,-0.5893976110864196,-1.203895273482249,-0.3518571409460688,1.2734458542300588,-1.434477929736698,-2.1022784673778583,-0.3731698318321447,-0.6962758102489999,0.3279433318874531,0.7018423775122911,-0.7605798987319988,-1.8919432156339728,2.050800077044975,-1.310532092860591,-0.7193016256615614,1.4553910685965068,-0.5710225249910601,0.0865185796877795,0.1601539127178357,1.1612729406702964,0.2244718421112648,1.2410495652462556,-1.780645916104789,0.8537890633696161,-0.9543428652183672,0.9922837616704674,0.6621032158398323,-0.4488366801497166,0.3981095570782861,0.4266900750766673,0.5726967522428456,-1.0864231949995315,-0.231460103490501,-0.0998405388778366,-0.0712718447618603,0.6974703219577553,-1.4772914873906016,0.1385603195731896,0.0728029305107263,-0.8143026331542409,-0.7571629883405308,-0.2436386411771602,-3.539259166279192,-0.5593408544531884,-1.075111962560631
0.5387503259603666,0.468454850514662,-0.315398890056644,-0.634658931287248,0.978650194449461,0.1872951633965082,0.9967966814205902,-0.0366361538230204,0.1343392463775747,1.472861547250376,-0.6670415086765913,0.0094569713409062,-0.8562046584733063,-1.1459477189066816,-1.0275622680270688,-0.7905682472759301,0.3885296113366862,-0.1255324489559327,0.2270387432033556,0.940059119843104,1.9329968214730175,-1.235315878938841,-0.2059402830631376,-0.76694762964287,0.7914977358453748,-1.51803612349307,-0.005482624591458,-0.8426830985358369,-0.6574476135929178,-1.31615200987242,-0.4482097068831194,1.3719860888167763,0.0960604830290191,0.914563025878148,1.471624930476006,0.2053219060010922,-0.5254622920740961,0.385201997049403,-0.2720234122570594,-0.6332597342239743,-1.8735383417716416,0.6294177160425752,-0.2478343712664024,-0.0944285779466014,-1.393705270601555,0.3004921490313371,-0.6884183179967284,-0.0511822299707451,0.986664581473899,1.1222091240062817,-0.1382584133807229,-1.495756835292461,2.3514948445761696,1.8342341913719895,1.5916511402910252,-0.7847785388473898,0.0814997856245814,-0.3535362125767817,0.999085854082424,-0.3467519705884694,-0.4889834018500712,-0.2625744219039229,0.8620637792829411,1.0785459960064392,1.540437949402705,0.9979835914790818,-0.0035643441676249,-2.8504230868256553,0.2403093244609813,-0.0691948418584958,0.2909103414369472,-0.1373147069825285,-1.431879160051276,0.8210779830292801,0.7610441569775189,0.5594529022218212,1.0368455216533108,0.7649749014877428,-0.638764844311426
-0.0105945075024995,1.1274530909436786,-0.3949847421470488,-0.4541530259350199,0.8814198964333326,0.6532035300544965,0.8450382683699642,0.345575007300425,-0.0246421102822769,1.3226728604400604,-0.6670415086765913,0.0094569713409062,-0.8562046584733063,-1.1459477189066816,-1.0275622680270688,-0.7905682472759301,0.3885296113366862,-0.1255324489559327,0.2270387432033556,0.940059119843104,1.9329968214730175,-1.235315878938841,-0.2059402830631376,-0.76694762964287,0.7914977358453748,-1.51803612349307,-0.005482624591458,-0.8426830985358369,-0.6574476135929178,-1.31615200987242,-0.4482097068831194,1.3719860888167763,0.0960604830290191,0.914563025878148,1.471624930476006,0.2053219060010922,-0.5254622920740961,0.385201997049403,-0.2720234122570594,-0.6332597342239743,-1.8735383417716416,0.6294177160425752,-0.2478343712664024,-0.0944285779466014,-1.393705270601555,0.3004921490313371,-0.6884183179967284,-0.0511822299707451,0.986664581473899,1.1222091240062817,-0.1382584133807229,-1.495756835292461,2.3514948445761696,1.8342341913719895,1.5916511402910252,-0.7847785388473898,0.0814997856245814,-0.3535362125767817,0.999085854082424,-0.3467519705884694,-0.4889834018500712,-0.2625744219039229,0.8620637792829411,1.0785459960064392,1.540437949402705,0.9979835914790818,-0.0035643441676249,-2.8504230868256553,0.2403093244609813,-0.0691948418584958,0.2909103414369472,-0.1373147069825285,-1.431879160051276,0.8210779830292801,0.7610441569775189,0.5594529022218212,1.0368455216533108,0.7649749014877428,-0.638764844311426
-1.030806341076394,0.8182755023723555,-0.4752825949022783,-0.2771765656595109,0.7885317570851752,0.7230897850531929,0.6458553512410176,0.9882463339676066,-0.0246421102822769,1.3054825890581567,-0.6670415086765913,0.0094569713409062,-0.8562046584733063,-1.1459477189066816,-1.0275622680270688,-0.7905682472759301,0.3885296113366862,-0.1255324489559327,0.2270387432033556,0.940059119843104,1.9329968214730175,-1.235315878938841,-0.2059402830631376,-0.76694762964287,0.7914977358453748,-1.51803612349307,-0.005482624591458,-0.8426830985358369,-0.6574476135929178,-1.31615200987242,-0.4482097068831194,1.3719860888167763,0.0960604830290191,0.914563025878148,1.471624930476006,0.2053219060010922,-0.5254622920740961,0.385201997049403,-0.2720234122570594,-0.6332597342239743,-1.8735383417716416,0.6294177160425752,-0.2478343712664024,-0.0944285779466014,-1.393705270601555,0.3004921490313371,-0.6884183179967284,-0.0511822299707451,0.986664581473899,1.1222091240062817,-0.1382584133807229,-1.495756835292461,2.3514948445761696,1.8342341913719895,1.5916511402910252,-0.7847785388473898,0.0814997856245814,-0.3535362125767817,0.999085854082424,-0.3467519705884694,-0.4889834018500712,-0.2625744219039229,0.8620637792829411,1.0785459960064392,1.540437949402705,0.9979835914790818,-0.0035643441676249,-2.8504230868256553,0.2403093244609813,-0.0691948418584958,0.2909103414369472,-0.1373147069825285,-1.431879160051276,0.8210779830292801,0.7610441569775189,0.5594529022218212,1.0368455216533108,0.7649749014877428,-0.638764844311426
-1.030806341076394,1.3117984137068612,-0.3313002382377289,-0.4648253955717668,0.8236947282591343,0.6997943667202942,0.7786439626603153,2.562312776819567,-0.1836234669421283,1.4520522713670192,-0.6670415086765913,0.0094569713409062,-0.8562046584733063,-1.1459477189066816,-1.0275622680270688,-0.7905682472759301,0.3885296113366862,-0.1255324489559327,0.2270387432033556,0.940059119843104,1.9329968214730175,-1.235315878938841,-0.2059402830631376,-0.76694762964287,0.7914977358453748,-1.51803612349307,-0.005482624591458,-0.8426830985358369,-0.6574476135929178,-1.31615200987242,-0.4482097068831194,1.3719860888167763,0.0960604830290191,0.914563025878148,1.471624930476006,0.2053219060010922,-0.5254622920740961,0.385201997049403,-0.2720234122570594,-0.6332597342239743,-1.8735383417716416,0.6294177160425752,-0.2478343712664024,-0.0944285779466014,-1.393705270601555,0.3004921490313371,-0.6884183179967284,-0.0511822299707451,0.986664581473899,1.1222091240062817,-0.1382584133807229,-1.495756835292461,2.3514948445761696,1.8342341913719895,1.5916511402910252,-0.7847785388473898,0.0814997856245814,-0.3535362125767817,0.999085854082424,-0.3467519705884694,-0.4889834018500712,-0.2625744219039229,0.8620637792829411,1.0785459960064392,1.540437949402705,0.9979835914790818,-0.0035643441676249,-2.8504230868256553,0.2403093244609813,-0.0691948418584958,0.2909103414369472,-0.1373147069825285,-1.431879160051276,0.8210779830292801,0.7610441569775189,0.5594529022218212,1.0368455216533108,0.7649749014877428,-0.638764844311426
-0.4814615076135277,1.3640537807893385,-0.3593055977208336,-0.1933942622907158,0.578831035532003,0.8861577133834886,0.6174006487940251,3.4158742208301733,-0.3426048236019797,1.269292544043623,-0.6670415086765913,0.0094569713409062,-0.8562046584733063,-1.1459477189066816,-1.0275622680270688,-0.7905682472759301,0.3885296113366862,-0.1255324489559327,0.2270387432033556,0.940059119843104,1.9329968214730175,-1.235315878938841,-0.2059402830631376,-0.76694762964287,0.7914977358453748,-1.51803612349307,-0.005482624591458,-0.8426830985358369,-0.6574476135929178,-1.31615200987242,-0.4482097068831194,1.3719860888167763,0.0960604830290191,0.914563025878148,1.471624930476006,0.2053219060010922,-0.5254622920740961,0.385201997049403,-0.2720234122570594,-0.6332597342239743,-1.8735383417716416,0.6294177160425752,-0.2478343712664024,-0.0944285779466014,-1.393705270601555,0.3004921490313371,-0.6884183179967284,-0.0511822299707451,0.986664581473899,1.1222091240062817,-0.1382584133807229,-1.495756835292461,2.3514948445761696,1.8342341913719895,1.5916511402910252,-0.7847785388473898,0.0814997856245814,-0.3535362125767817,0.999085854082424,-0.3467519705884694,-0.4889834018500712,-0.2625744219039229,0.8620637792829411,1.0785459960064392,1.540437949402705,0.9979835914790818,-0.0035643441676249,-2.8504230868256553,0.2403093244609813,-0.0691948418584958,0.2909103414369472,-0.1373147069825285,-1.431879160051276,0.8210779830292801,0.7610441569775189,0.5594529022218212,1.0368455216533108,0.7649749014877428,-0.638764844311426
-0.0105945075024995,0.3044310593946641,-0.2816975252549418,-0.2471762825073948,0.5497981707128263,0.3037722550610063,1.1627824456947125,-0.0827276021496247,0.7702646730169806,1.2186264810232752,-0.8353479187359902,0.0444523210257486,-0.0322176327834276,1.3233583575070245,0.0867122373270669,1.6462651952736862,-0.562939532736626,1.4086721118355647,-0.4027963483656416,0.9004069446367814,-2.2198910927177207,-1.9583212918445236,-0.2938083902027179,0.2878355079337927,-0.6858512791135545,-1.0737519879160082,0.2482685995652238,0.3288972828525455,-0.0338858605675812,0.936581425010624,-1.089907182308443,-0.2602780840649757,1.761830054517102,0.2035641546120229,-0.0508940706223804,2.3192937870163246,-1.2655416221818898,0.6871588294486736,1.72704863983753,-0.4645948279694107,0.344934724293129,-1.2187003345570733,-0.6876111695896092,0.1172265177276458,1.0090759164616592,0.9509140290780644,1.5873182405805095,0.0581338496633502,1.2648049203109493,-0.0840653920529976,0.9651119437405652,0.3379377587506669,0.1277535710129088,0.4905478338851258,-1.421168213420715,-1.115339369468772,0.2805259586777279,-1.4132364394463524,0.5972852081910597,0.3881255154922248,0.8921768805486534,-0.8618368785437713,1.1241824411231434,1.4816167742609805,0.0324949738759243,0.7104192398922061,0.4439334353061754,0.3542301037348727,-0.1433614071105053,-0.1025876216511694,0.9192389849271884,2.117190357760255,-1.5390501012047448,0.046422944855407,-1.240856388098313,1.3740146293242976,-0.5070655635216192,-1.31203655600114,0.3432028109716267
-0.3245058409098517,0.2826579897769655,-0.1211809309294634,-0.2682689185611233,0.3984185998961227,0.0009318167333137,1.0157664830519184,0.2138230370838107,0.6112833163571291,1.2141027253964587,-0.8353479187359902,0.0444523210257486,-0.0322176327834276,1.3233583575070245,0.0867122373270669,1.6462651952736862,-0.562939532736626,1.4086721118355647,-0.4027963483656416,0.9004069446367814,-2.2198910927177207,-1.9583212918445236,-0.2938083902027179,0.2878355079337927,-0.6858512791135545,-1.0737519879160082,0.2482685995652238,0.3288972828525455,-0.0338858605675812,0.936581425010624,-1.089907182308443,-0.2602780840649757,1.761830054517102,0.2035641546120229,-0.0508940706223804,2.3192937870163246,-1.2655416221818898,0.6871588294486736,1.72704863983753,-0.4645948279694107,0.344934724293129,-1.2187003345570733,-0.6876111695896092,0.1172265177276458,1.0090759164616592,0.9509140290780644,1.5873182405805095,0.0581338496633502,1.2648049203109493,-0.0840653920529976,0.9651119437405652,0.3379377587506669,0.1277535710129088,0.4905478338851258,-1.421168213420715,-1.115339369468772,0.2805259586777279,-1.4132364394463524,0.5972852081910597,0.3881255154922248,0.8921768805486534,-0.8618368785437713,1.1241824411231434,1.4816167742609805,0.0324949738759243,0.7104192398922061,0.4439334353061754,0.3542301037348727,-0.1433614071105053,-0.1025876216511694,0.9192389849271884,2.117190357760255,-1.5390501012047448,0.046422944855407,-1.240856388098313,1.3740146293242976,-0.5070655635216192,-1.31203655600114,0.3432028109716267
-0.952328507724556,0.6092540340424474,-0.4804248219260122,0.2403913445194345,0.2696863664456975,0.7230897850531929,0.8782354212247886,0.941720060656789,-0.0246421102822769,1.192388698387738,-0.8353479187359902,0.0444523210257486,-0.0322176327834276,1.3233583575070245,0.0867122373270669,1.6462651952736862,-0.562939532736626,1.4086721118355647,-0.4027963483656416,0.9004069446367814,-2.2198910927177207,-1.9583212918445236,-0.2938083902027179,0.2878355079337927,-0.6858512791135545,-1.0737519879160082,0.2482685995652238,0.3288972828525455,-0.0338858605675812,0.936581425010624,-1.089907182308443,-0.2602780840649757,1.761830054517102,0.2035641546120229,-0.0508940706223804,2.3192937870163246,-1.2655416221818898,0.6871588294486736,1.72704863983753,-0.4645948279694107,0.344934724293129,-1.2187003345570733,-0.6876111695896092,0.1172265177276458,1.0090759164616592,0.9509140290780644,1.5873182405805095,0.0581338496633502,1.2648049203109493,-0.0840653920529976,0.9651119437405652,0.3379377587506669,0.1277535710129088,0.4905478338851258,-1.421168213420715,-1.115339369468772,0.2805259586777279,-1.4132364394463524,0.5972852081910597,0.3881255154922248,0.8921768805486534,-0.8618368785437713,1.1241824411231434,1.4816167742609805,0.0324949738759243,0.7104192398922061,0.4439334353061754,0.3542301037348727,-0.1433614071105053,-0.1025876216511694,0.9192389849271884,2.117190357760255,-1.5390501012047448,0.046422944855407,-1.240856388098313,1.3740146293242976,-0.5070655635216192,-1.31203655600114,0.3432028109716267
-0.2460280075580136,0.9939115972884592,-0.4793172653362849,0.617453726882306,-0.1135304210942257,0.4435447650584033,0.968341978973598,2.5040462289349916,-0.1836234669421283,1.069342545338323,-0.8353479187359902,0.0444523210257486,-0.0322176327834276,1.3233583575070245,0.0867122373270669,1.6462651952736862,-0.562939532736626,1.4086721118355647,-0.4027963483656416,0.9004069446367814,-2.2198910927177207,-1.9583212918445236,-0.2938083902027179,0.2878355079337927,-0.6858512791135545,-1.0737519879160082,0.2482685995652238,0.3288972828525455,-0.0338858605675812,0.936581425010624,-1.089907182308443,-0.2602780840649757,1.761830054517102,0.2035641546120229,-0.0508940706223804,2.3192937870163246,-1.2655416221818898,0.6871588294486736,1.72704863983753,-0.4645948279694107,0.344934724293129,-1.2187003345570733,-0.6876111695896092,0.1172265177276458,1.0090759164616592,0.9509140290780644,1.5873182405805095,0.0581338496633502,1.2648049203109493,-0.0840653920529976,0.9651119437405652,0.3379377587506669,0.1277535710129088,0.4905478338851258,-1.421168213420715,-1.115339369468772,0.2805259586777279,-1.4132364394463524,0.5972852081910597,0.3881255154922248,0.8921768805486534,-0.8618368785437713,1.1241824411231434,1.4816167742609805,0.0324949738759243,0.7104192398922061,0.4439334353061754,0.3542301037348727,-0.1433614071105053,-0.1025876216511694,0.9192389849271884,2.117190357760255,-1.5390501012047448,0.046422944855407,-1.240856388098313,1.3740146293242976,-0.5070655635216192,-1.31203655600114,0.3432028109716267
-1.1877620077800684,1.059230806141556,-0.4766274850469472,0.2165255730482833,0.2897794928308165,0.583317275055796,0.9161750244874453,3.2819481256924927,-0.5015861802618313,1.464718787122106,-0.8353479187359902,0.0444523210257486,-0.0322176327834276,1.3233583575070245,0.0867122373270669,1.6462651952736862,-0.562939532736626,1.4086721118355647,-0.4027963483656416,0.9004069446367814,-2.2198910927177207,-1.9583212918445236,-0.2938083902027179,0.2878355079337927,-0.6858512791135545,-1.0737519879160082,0.2482685995652238,0.3288972828525455,-0.0338858605675812,0.936581425010624,-1.089907182308443,-0.2602780840649757,1.761830054517102,0.2035641546120229,-0.0508940706223804,2.3192937870163246,-1.2655416221818898,0.6871588294486736,1.72704863983753,-0.4645948279694107,0.344934724293129,-1.2187003345570733,-0.6876111695896092,0.1172265177276458,1.0090759164616592,0.9509140290780644,1.5873182405805095,0.0581338496633502,1.2648049203109493,-0.0840653920529976,0.9651119437405652,0.3379377587506669,0.1277535710129088,0.4905478338851258,-1.421168213420715,-1.115339369468772,0.2805259586777279,-1.4132364394463524,0.5972852081910597,0.3881255154922248,0.8921768805486534,-0.8618368785437713,1.1241824411231434,1.4816167742609805,0.0324949738759243,0.7104192398922061,0.4439334353061754,0.3542301037348727,-0.1433614071105053,-0.1025876216511694,0.9192389849271884,2.117190357760255,-1.5390501012047448,0.046422944855407,-1.240856388098313,1.3740146293242976,-0.5070655635216192,-1.31203655600114,0.3432028109716267
0.4602724926085286,1.070843109937662,-0.3398442462156252,-1.269118701030882,1.6477683311471407,-0.5814536415891663,2.4100469029545453,-0.1296887004446555,0.2933206030374261,1.4764805517518294,-1.4090054435182369,0.2887302740655089,1.279663020899381,0.2332071707951032,0.29480168853214,0.8043335105298789,0.65484328423319,-0.1494163177677831,-1.4222657306946254,0.983311866695501,0.5583426324242806,1.91208436407997,0.970299374532682,-0.4318830115736626,0.1882633377109306,0.4056115177350456,0.8456446195434493,0.6982894077406937,0.0433386145287869,-1.1214261267064909,-0.9313068170404134,0.4519993960933949,0.4618723479076427,-1.2798084342318865,-0.131796854888234,0.5857068215349552,-1.0470813554919638,0.9702087940833756,-0.121057556470235,1.0218178412800971,-0.953862080220808,-1.2619001047126683,-0.3533212223244726,-0.3836834505389012,-0.5456630980396829,-0.3185572083364507,0.3812447925389676,-0.094563887297551,0.1552547566292074,-1.5393074715850954,0.3557192357044205,0.0625595289521863,1.1445057190957555,-0.894517490303857,-1.6847181691569069,0.4372942858065042,0.5051995662367769,-0.7843358992148075,-1.5953568797331477,1.1915224718559378,2.243019721414495,-2.1207736431537003,-0.7366690640685224,1.1376485953930926,-0.6477985550470206,-0.4575249138112831,-0.0332434506764429,-1.0487124999658586,-1.6028621301121122,1.0063521437022378,-1.3361851768463904,0.0529186561109459,1.7811719578974667,-1.5321428217849562,-0.9579206380057405,1.0347841954522494,0.620572913997165,-0.4741159039189505,0.8716153014808555
-0.6384171743172038,0.9808477555178394,-0.5292364230589941,-0.8078538432662717,1.3842588982575463,-0.4416811315917715,2.457471407032866,0.2564358855367091,0.1343392463775747,1.3832911858394046,-1.4090054435182369,0.2887302740655089,1.279663020899381,0.2332071707951032,0.29480168853214,0.8043335105298789,0.65484328423319,-0.1494163177677831,-1.4222657306946254,0.983311866695501,0.5583426324242806,1.91208436407997,0.970299374532682,-0.4318830115736626,0.1882633377109306,0.4056115177350456,0.8456446195434493,0.6982894077406937,0.0433386145287869,-1.1214261267064909,-0.9313068170404134,0.4519993960933949,0.4618723479076427,-1.2798084342318865,-0.131796854888234,0.5857068215349552,-1.0470813554919638,0.9702087940833756,-0.121057556470235,1.0218178412800971,-0.953862080220808,-1.2619001047126683,-0.3533212223244726,-0.3836834505389012,-0.5456630980396829,-0.3185572083364507,0.3812447925389676,-0.094563887297551,0.1552547566292074,-1.5393074715850954,0.3557192357044205,0.0625595289521863,1.1445057190957555,-0.894517490303857,-1.6847181691569069,0.4372942858065042,0.5051995662367769,-0.7843358992148075,-1.5953568797331477,1.1915224718559378,2.243019721414495,-2.1207736431537003,-0.7366690640685224,1.1376485953930926,-0.6477985550470206,-0.4575249138112831,-0.0332434506764429,-1.0487124999658586,-1.6028621301121122,1.0063521437022378,-1.3361851768463904,0.0529186561109459,1.7811719578974667,-1.5321428217849562,-0.9579206380057405,1.0347841954522494,0.620572913997165,-0.4741159039189505,0.8716153014808555
0.4602724926085286,2.493350324960649,-0.4301101082784004,-0.3375132695900978,0.8010473908928559,0.956043968382185,2.2630309403117517,0.7995322908190566,-0.0246421102822769,1.423100235355392,-1.4090054435182369,0.2887302740655089,1.279663020899381,0.2332071707951032,0.29480168853214,0.8043335105298789,0.65484328423319,-0.1494163177677831,-1.4222657306946254,0.983311866695501,0.5583426324242806,1.91208436407997,0.970299374532682,-0.4318830115736626,0.1882633377109306,0.4056115177350456,0.8456446195434493,0.6982894077406937,0.0433386145287869,-1.1214261267064909,-0.9313068170404134,0.4519993960933949,0.4618723479076427,-1.2798084342318865,-0.131796854888234,0.5857068215349552,-1.0470813554919638,0.9702087940833756,-0.121057556470235,1.0218178412800971,-0.953862080220808,-1.2619001047126683,-0.3533212223244726,-0.3836834505389012,-0.5456630980396829,-0.3185572083364507,0.3812447925389676,-0.094563887297551,0.1552547566292074,-1.5393074715850954,0.3557192357044205,0.0625595289521863,1.1445057190957555,-0.894517490303857,-1.6847181691569069,0.4372942858065042,0.5051995662367769,-0.7843358992148075,-1.5953568797331477,1.1915224718559378,2.243019721414495,-2.1207736431537003,-0.7366690640685224,1.1376485953930926,-0.6477985550470206,-0.4575249138112831,-0.0332434506764429,-1.0487124999658586,-1.6028621301121122,1.0063521437022378,-1.3361851768463904,0.0529186561109459,1.7811719578974667,-1.5321428217849562,-0.9579206380057405,1.0347841954522494,0.620572913997165,-0.4741159039189505,0.8716153014808555
-2.2079738413539625,2.059340470581186,-0.4771812633418108,-0.7012982157119767,1.220278553267124,0.6532035300544965,2.12075742807679,2.585793325967082,-0.0246421102822769,1.345291638574144,-1.4090054435182369,0.2887302740655089,1.279663020899381,0.2332071707951032,0.29480168853214,0.8043335105298789,0.65484328423319,-0.1494163177677831,-1.4222657306946254,0.983311866695501,0.5583426324242806,1.91208436407997,0.970299374532682,-0.4318830115736626,0.1882633377109306,0.4056115177350456,0.8456446195434493,0.6982894077406937,0.0433386145287869,-1.1214261267064909,-0.9313068170404134,0.4519993960933949,0.4618723479076427,-1.2798084342318865,-0.131796854888234,0.5857068215349552,-1.0470813554919638,0.9702087940833756,-0.121057556470235,1.0218178412800971,-0.953862080220808,-1.2619001047126683,-0.3533212223244726,-0.3836834505389012,-0.5456630980396829,-0.3185572083364507,0.3812447925389676,-0.094563887297551,0.1552547566292074,-1.5393074715850954,0.3557192357044205,0.0625595289521863,1.1445057190957555,-0.894517490303857,-1.6847181691569069,0.4372942858065042,0.5051995662367769,-0.7843358992148075,-1.5953568797331477,1.1915224718559378,2.243019721414495,-2.1207736431537003,-0.7366690640685224,1.1376485953930926,-0.6477985550470206,-0.4575249138112831,-0.0332434506764429,-1.0487124999658586,-1.6028621301121122,1.0063521437022378,-1.3361851768463904,0.0529186561109459,1.7811719578974667,-1.5321428217849562,-0.9579206380057405,1.0347841954522494,0.620572913997165,-0.4741159039189505,0.8716153014808555
-2.0510181746502867,2.2611042490385285,-0.53619820733728,-0.3402023706009314,0.9179451134639098,1.2821798250427765,2.1966366346021027,3.1919393539603504,-0.3426048236019797,1.2882923176762533,-1.4090054435182369,0.2887302740655089,1.279663020899381,0.2332071707951032,0.29480168853214,0.8043335105298789,0.65484328423319,-0.1494163177677831,-1.4222657306946254,0.983311866695501,0.5583426324242806,1.91208436407997,0.970299374532682,-0.4318830115736626,0.1882633377109306,0.4056115177350456,0.8456446195434493,0.6982894077406937,0.0433386145287869,-1.1214261267064909,-0.9313068170404134,0.4519993960933949,0.4618723479076427,-1.2798084342318865,-0.131796854888234,0.5857068215349552,-1.0470813554919638,0.9702087940833756,-0.121057556470235,1.0218178412800971,-0.953862080220808,-1.2619001047126683,-0.3533212223244726,-0.3836834505389012,-0.5456630980396829,-0.3185572083364507,0.3812447925389676,-0.094563887297551,0.1552547566292074,-1.5393074715850954,0.3557192357044205,0.0625595289521863,1.1445057190957555,-0.894517490303857,-1.6847181691569069,0.4372942858065042,0.5051995662367769,-0.7843358992148075,-1.5953568797331477,1.1915224718559378,2.243019721414495,-2.1207736431537003,-0.7366690640685224,1.1376485953930926,-0.6477985550470206,-0.4575249138112831,-0.0332434506764429,-1.0487124999658586,-1.6028621301121122,1.0063521437022378,-1.3361851768463904,0.0529186561109459,1.7811719578974667,-1.5321428217849562,-0.9579206380057405,1.0347841954522494,0.620572913997165,-0.4741159039189505,0.8716153014808555
0.2248389925530145,0.3044310593946641,0.1152032897923352,-0.6720542422191575,0.5531186449883334,-0.7212261515865632,2.7941853859889427,-0.2462217962138062,0.6112833163571291,1.1697699202536544,-1.4698745783205684,-0.1975414401558368,0.934724804432167,-1.0054825591667882,0.5908845466551844,-1.3454845061469876,1.28700214707029,0.0471491902289737,-1.295921110785908,-0.7092468672162654,0.2252797537900058,0.6106793333565016,0.2514975735474142,-0.8753550295124963,-1.0924848395575508,0.3674221209359444,1.3370184149151698,-1.2319045366526509,1.771894286326933,0.4344883695856223,-0.0337478655792532,-0.3074337420519134,-1.2573404311065683,1.3722192309204857,-0.94354340104185,-0.874920477632882,0.8399178568650973,-1.7706814134967332,-1.1585470582461004,-0.1764897334064563,-0.1830802733711563,0.2018139975474363,-0.124697258660947,2.3555546407094554,-0.3353331755150865,-0.3325958481889363,-0.7226245283143905,0.3398116234010035,0.7551363685927511,1.5617012093327856,-1.890111372932825,-0.0829688327839336,0.1286490484043378,0.6567362601706234,0.6646177683703033,0.3698801629872654,-0.5588318127101781,1.5931863943225233,0.7471944394775153,-2.2862621106372845,-0.8505610236912151,-0.7934573202634805,0.4134235135533945,-1.5816115741887449,-0.4894574723283253,0.6452865179539473,0.1800770678494203,0.1235748561648444,-1.0145631081108433,0.5394691469528723,-0.3271272899450519,-0.5096839337041711,0.8390435268817341,0.2888062292696376,0.0893146070531263,-0.7236698322134382,-0.217074579034183,0.1543580471151091,-1.542827777299823
-0.2460280075580136,1.1898692238477486,0.2155162723476367,-0.8987790711950945,0.67486936842359,1.0492256417137842,2.6471694233461487,0.1377286648464923,0.2933206030374261,1.2041504630174615,-1.4698745783205684,-0.1975414401558368,0.934724804432167,-1.0054825591667882,0.5908845466551844,-1.3454845061469876,1.28700214707029,0.0471491902289737,-1.295921110785908,-0.7092468672162654,0.2252797537900058,0.6106793333565016,0.2514975735474142,-0.8753550295124963,-1.0924848395575508,0.3674221209359444,1.3370184149151698,-1.2319045366526509,1.771894286326933,0.4344883695856223,-0.0337478655792532,-0.3074337420519134,-1.2573404311065683,1.3722192309204857,-0.94354340104185,-0.874920477632882,0.8399178568650973,-1.7706814134967332,-1.1585470582461004,-0.1764897334064563,-0.1830802733711563,0.2018139975474363,-0.124697258660947,2.3555546407094554,-0.3353331755150865,-0.3325958481889363,-0.7226245283143905,0.3398116234010035,0.7551363685927511,1.5617012093327856,-1.890111372932825,-0.0829688327839336,0.1286490484043378,0.6567362601706234,0.6646177683703033,0.3698801629872654,-0.5588318127101781,1.5931863943225233,0.7471944394775153,-2.2862621106372845,-0.8505610236912151,-0.7934573202634805,0.4134235135533945,-1.5816115741887449,-0.4894574723283253,0.6452865179539473,0.1800770678494203,0.1235748561648444,-1.0145631081108433,0.5394691469528723,-0.3271272899450519,-0.5096839337041711,0.8390435268817341,0.2888062292696376,0.0893146070531263,-0.7236698322134382,-0.217074579034183,0.1543580471151091,-1.542827777299823
-0.0105945075024995,1.1956753757458014,-0.2793241897055262,0.0192127863783428,0.2773489993891748,1.3520660800414728,2.685109026608805,0.7069145691816349,-0.0246421102822769,1.0675330430875962,-1.4698745783205684,-0.1975414401558368,0.934724804432167,-1.0054825591667882,0.5908845466551844,-1.3454845061469876,1.28700214707029,0.0471491902289737,-1.295921110785908,-0.7092468672162654,0.2252797537900058,0.6106793333565016,0.2514975735474142,-0.8753550295124963,-1.0924848395575508,0.3674221209359444,1.3370184149151698,-1.2319045366526509,1.771894286326933,0.4344883695856223,-0.0337478655792532,-0.3074337420519134,-1.2573404311065683,1.3722192309204857,-0.94354340104185,-0.874920477632882,0.8399178568650973,-1.7706814134967332,-1.1585470582461004,-0.1764897334064563,-0.1830802733711563,0.2018139975474363,-0.124697258660947,2.3555546407094554,-0.3353331755150865,-0.3325958481889363,-0.7226245283143905,0.3398116234010035,0.7551363685927511,1.5617012093327856,-1.890111372932825,-0.0829688327839336,0.1286490484043378,0.6567362601706234,0.6646177683703033,0.3698801629872654,-0.5588318127101781,1.5931863943225233,0.7471944394775153,-2.2862621106372845,-0.8505610236912151,-0.7934573202634805,0.4134235135533945,-1.5816115741887449,-0.4894574723283253,0.6452865179539473,0.1800770678494203,0.1235748561648444,-1.0145631081108433,0.5394691469528723,-0.3271272899450519,-0.5096839337041711,0.8390435268817341,0.2888062292696376,0.0893146070531263,-0.7236698322134382,-0.217074579034183,0.1543580471151091,-1.542827777299823
-0.0890723408543376,0.7761809011114713,-0.2820139699948639,0.2939212615163477,0.0019199152541712,1.5384294267046672,2.4242742541780418,2.3040267361968967,-0.1836234669421283,1.0331525003237891,-1.4698745783205684,-0.1975414401558368,0.934724804432167,-1.0054825591667882,0.5908845466551844,-1.3454845061469876,1.28700214707029,0.0471491902289737,-1.295921110785908,-0.7092468672162654,0.2252797537900058,0.6106793333565016,0.2514975735474142,-0.8753550295124963,-1.0924848395575508,0.3674221209359444,1.3370184149151698,-1.2319045366526509,1.771894286326933,0.4344883695856223,-0.0337478655792532,-0.3074337420519134,-1.2573404311065683,1.3722192309204857,-0.94354340104185,-0.874920477632882,0.8399178568650973,-1.7706814134967332,-1.1585470582461004,-0.1764897334064563,-0.1830802733711563,0.2018139975474363,-0.124697258660947,2.3555546407094554,-0.3353331755150865,-0.3325958481889363,-0.7226245283143905,0.3398116234010035,0.7551363685927511,1.5617012093327856,-1.890111372932825,-0.0829688327839336,0.1286490484043378,0.6567362601706234,0.6646177683703033,0.3698801629872654,-0.5588318127101781,1.5931863943225233,0.7471944394775153,-2.2862621106372845,-0.8505610236912151,-0.7934573202634805,0.4134235135533945,-1.5816115741887449,-0.4894574723283253,0.6452865179539473,0.1800770678494203,0.1235748561648444,-1.0145631081108433,0.5394691469528723,-0.3271272899450519,-0.5096839337041711,0.8390435268817341,0.2888062292696376,0.0893146070531263,-0.7236698322134382,-0.217074579034183,0.1543580471151091,-1.542827777299823
-1.6586290078910964,1.6108152364565915,-0.0889826786423911,0.3629135093255559,-0.2757228183978369,1.2588844067098774,2.429016704585874,3.102365407212422,-0.3426048236019797,1.0241049890701557,-1.4698745783205684,-0.1975414401558368,0.934724804432167,-1.0054825591667882,0.5908845466551844,-1.3454845061469876,1.28700214707029,0.0471491902289737,-1.295921110785908,-0.7092468672162654,0.2252797537900058,0.6106793333565016,0.2514975735474142,-0.8753550295124963,-1.0924848395575508,0.3674221209359444,1.3370184149151698,-1.2319045366526509,1.771894286326933,0.4344883695856223,-0.0337478655792532,-0.3074337420519134,-1.2573404311065683,1.3722192309204857,-0.94354340104185,-0.874920477632882,0.8399178568650973,-1.7706814134967332,-1.1585470582461004,-0.1764897334064563,-0.1830802733711563,0.2018139975474363,-0.124697258660947,2.3555546407094554,-0.3353331755150865,-0.3325958481889363,-0.7226245283143905,0.3398116234010035,0.7551363685927511,1.5617012093327856,-1.890111372932825,-0.0829688327839336,0.1286490484043378,0.6567362601706234,0.6646177683703033,0.3698801629872654,-0.5588318127101781,1.5931863943225233,0.7471944394775153,-2.2862621106372845,-0.8505610236912151,-0.7934573202634805,0.4134235135533945,-1.5816115741887449,-0.4894574723283253,0.6452865179539473,0.1800770678494203,0.1235748561648444,-1.0145631081108433,0.5394691469528723,-0.3271272899450519,-0.5096839337041711,0.8390435268817341,0.2888062292696376,0.0893146070531263,-0.7236698322134382,-0.217074579034183,0.1543580471151091,-1.542827777299823
-0.8738506743727179,0.1592772619433388,-0.3180886703459817,-1.533827081784848,1.8925468835082335,-0.2320223665956782,1.6322850360700871,-0.1431682749552663,0.929246029676832,1.672811545955676,-1.1287744663696182,-0.0454328930341893,-0.5907892868755228,-0.9067906290383392,-1.0281347730543775,-0.6493891139084711,0.6313309686657371,1.8046424140474413,1.066451453776,-1.3853942615775074,0.1763772838363334,1.201497388989754,0.4578357008575884,-0.5120006154299067,2.764936930402597,-1.2321296764841314,-1.6913805797809076,0.0055232272880448,2.323254378887553,-0.6987132822339165,-0.2679080307251056,1.363819464654029,0.1033550585960557,-0.3085940208211595,0.3839111651780294,0.2143923008026086,0.8738272476139187,1.1412602437857469,0.4986245950778524,0.1145678448755736,-0.2568951160108438,0.2060713240418595,0.3973219467905919,-0.2850489694068718,1.5304371828884866,1.326151509683325,-1.4161751283367976,0.1721685886062361,-0.3931081562395056,-0.0507074802850635,0.3686358010808955,0.7667016448454782,-0.359230312959271,-1.8840038767082388,-0.5931218930816657,0.6854311293278643,-2.3374150263410423,1.2499657366940211,0.3094033223927825,0.924599799471159,0.2387904290081292,-1.728207764824853,0.1627870885288569,0.7784466627863386,0.8814652988517327,-0.6582734856274547,0.3306932459673558,-0.5490865552254671,-0.7875785162288095,0.9072425447041392,-0.8065947484854804,-1.0696359145984702,-1.1091912150044587,-1.5778582273597748,0.2245296865465489,0.9885117449767404,-0.101684723445437,-1.375492750876813,0.5322089908057918
-1.109284174428232,0.4278117872282908,-0.4407110070657903,-1.392649278716066,1.88147863592321,0.210590581729407,1.4425870197568045,0.5612481994701963,0.7702646730169806,1.6664782880781326,-1.1287744663696182,-0.0454328930341893,-0.5907892868755228,-0.9067906290383392,-1.0281347730543775,-0.6493891139084711,0.6313309686657371,1.8046424140474413,1.066451453776,-1.3853942615775074,0.1763772838363334,1.201497388989754,0.4578357008575884,-0.5120006154299067,2.764936930402597,-1.2321296764841314,-1.6913805797809076,0.0055232272880448,2.323254378887553,-0.6987132822339165,-0.2679080307251056,1.363819464654029,0.1033550585960557,-0.3085940208211595,0.3839111651780294,0.2143923008026086,0.8738272476139187,1.1412602437857469,0.4986245950778524,0.1145678448755736,-0.2568951160108438,0.2060713240418595,0.3973219467905919,-0.2850489694068718,1.5304371828884866,1.326151509683325,-1.4161751283367976,0.1721685886062361,-0.3931081562395056,-0.0507074802850635,0.3686358010808955,0.7667016448454782,-0.359230312959271,-1.8840038767082388,-0.5931218930816657,0.6854311293278643,-2.3374150263410423,1.2499657366940211,0.3094033223927825,0.924599799471159,0.2387904290081292,-1.728207764824853,0.1627870885288569,0.7784466627863386,0.8814652988517327,-0.6582734856274547,0.3306932459673558,-0.5490865552254671,-0.7875785162288095,0.9072425447041392,-0.8065947484854804,-1.0696359145984702,-1.1091912150044587,-1.5778582273597748,0.2245296865465489,0.9885117449767404,-0.101684723445437,-1.375492750876813,0.5322089908057918
-1.5016733411874204,0.7544078314937727,-0.4628621388603364,-1.3455900110264718,1.8576393334323904,0.3270676733939052,1.352480462007995,0.7656159420504233,0.1343392463775747,1.511765845641,-1.1287744663696182,-0.0454328930341893,-0.5907892868755228,-0.9067906290383392,-1.0281347730543775,-0.6493891139084711,0.6313309686657371,1.8046424140474413,1.066451453776,-1.3853942615775074,0.1763772838363334,1.201497388989754,0.4578357008575884,-0.5120006154299067,2.764936930402597,-1.2321296764841314,-1.6913805797809076,0.0055232272880448,2.323254378887553,-0.6987132822339165,-0.2679080307251056,1.363819464654029,0.1033550585960557,-0.3085940208211595,0.3839111651780294,0.2143923008026086,0.8738272476139187,1.1412602437857469,0.4986245950778524,0.1145678448755736,-0.2568951160108438,0.2060713240418595,0.3973219467905919,-0.2850489694068718,1.5304371828884866,1.326151509683325,-1.4161751283367976,0.1721685886062361,-0.3931081562395056,-0.0507074802850635,0.3686358010808955,0.7667016448454782,-0.359230312959271,-1.8840038767082388,-0.5931218930816657,0.6854311293278643,-2.3374150263410423,1.2499657366940211,0.3094033223927825,0.924599799471159,0.2387904290081292,-1.728207764824853,0.1627870885288569,0.7784466627863386,0.8814652988517327,-0.6582734856274547,0.3306932459673558,-0.5490865552254671,-0.7875785162288095,0.9072425447041392,-0.8065947484854804,-1.0696359145984702,-1.1091912150044587,-1.5778582273597748,0.2245296865465489,0.9885117449767404,-0.101684723445437,-1.375492750876813,0.5322089908057918
-1.6586290078910964,0.8516608757861609,-0.4873866062042981,-1.2808835179532805,1.8184747650546156,0.6764989483873953,1.3097984083375065,1.7439721565302326,-0.0246421102822769,1.5063373388888197,-1.1287744663696182,-0.0454328930341893,-0.5907892868755228,-0.9067906290383392,-1.0281347730543775,-0.6493891139084711,0.6313309686657371,1.8046424140474413,1.066451453776,-1.3853942615775074,0.1763772838363334,1.201497388989754,0.4578357008575884,-0.5120006154299067,2.764936930402597,-1.2321296764841314,-1.6913805797809076,0.0055232272880448,2.323254378887553,-0.6987132822339165,-0.2679080307251056,1.363819464654029,0.1033550585960557,-0.3085940208211595,0.3839111651780294,0.2143923008026086,0.8738272476139187,1.1412602437857469,0.4986245950778524,0.1145678448755736,-0.2568951160108438,0.2060713240418595,0.3973219467905919,-0.2850489694068718,1.5304371828884866,1.326151509683325,-1.4161751283367976,0.1721685886062361,-0.3931081562395056,-0.0507074802850635,0.3686358010808955,0.7667016448454782,-0.359230312959271,-1.8840038767082388,-0.5931218930816657,0.6854311293278643,-2.3374150263410423,1.2499657366940211,0.3094033223927825,0.924599799471159,0.2387904290081292,-1.728207764824853,0.1627870885288569,0.7784466627863386,0.8814652988517327,-0.6582734856274547,0.3306932459673558,-0.5490865552254671,-0.7875785162288095,0.9072425447041392,-0.8065947484854804,-1.0696359145984702,-1.1091912150044587,-1.5778582273597748,0.2245296865465489,0.9885117449767404,-0.101684723445437,-1.375492750876813,0.5322089908057918
-2.2079738413539625,1.1027769453769531,-0.5395999882914424,-1.0489485557688525,1.6396799963734694,0.8628622950505898,1.048963635906743,2.848427616431884,-0.0246421102822769,1.459290280369926,-1.1287744663696182,-0.0454328930341893,-0.5907892868755228,-0.9067906290383392,-1.0281347730543775,-0.6493891139084711,0.6313309686657371,1.8046424140474413,1.066451453776,-1.3853942615775074,0.1763772838363334,1.201497388989754,0.4578357008575884,-0.5120006154299067,2.764936930402597,-1.2321296764841314,-1.6913805797809076,0.0055232272880448,2.323254378887553,-0.6987132822339165,-0.2679080307251056,1.363819464654029,0.1033550585960557,-0.3085940208211595,0.3839111651780294,0.2143923008026086,0.8738272476139187,1.1412602437857469,0.4986245950778524,0.1145678448755736,-0.2568951160108438,0.2060713240418595,0.3973219467905919,-0.2850489694068718,1.5304371828884866,1.326151509683325,-1.4161751283367976,0.1721685886062361,-0.3931081562395056,-0.0507074802850635,0.3686358010808955,0.7667016448454782,-0.359230312959271,-1.8840038767082388,-0.5931218930816657,0.6854311293278643,-2.3374150263410423,1.2499657366940211,0.3094033223927825,0.924599799471159,0.2387904290081292,-1.728207764824853,0.1627870885288569,0.7784466627863386,0.8814652988517327,-0.6582734856274547,0.3306932459673558,-0.5490865552254671,-0.7875785162288095,0.9072425447041392,-0.8065947484854804,-1.0696359145984702,-1.1091912150044587,-1.5778582273597748,0.2245296865465489,0.9885117449767404,-0.101684723445437,-1.375492750876813,0.5322089908057918
