delta,lat,lon,depth_top_cm,depth_bot_cm,soc,ph,clay,silt,sand,source
Chao Phraya,13.625277777777775,100.7388888888889,0.0,30.0,9.3,5.0,67.0,32.0,2.0,WoSIS
Chao Phraya,13.625277777777775,100.7388888888889,30.0,57.0,3.3,5.0,67.0,32.0,2.0,WoSIS
Chao Phraya,13.625277777777775,100.7388888888889,57.0,93.0,4.7,6.9,76.0,22.0,2.0,WoSIS
Chao Phraya,13.625277777777775,100.7388888888889,93.0,125.0,4.5,6.5,73.0,25.0,2.0,WoSIS
Chao Phraya,13.563333333333333,99.96805555555557,0.0,25.0,15.4,7.7,60.0,37.0,3.0,WoSIS
Chao Phraya,13.563333333333333,99.96805555555557,25.0,49.0,10.5,7.8,66.0,33.0,2.0,WoSIS
Chao Phraya,13.563333333333333,99.96805555555557,49.0,65.0,2.6,7.7,66.0,28.0,7.0,WoSIS
Chao Phraya,13.563333333333333,99.96805555555557,65.0,120.0,1.7,8.0,58.0,38.0,4.0,WoSIS
Sacramento,37.997776,-121.607498199999,0.0,5.0,56.9,7.9,9.4,10.9,79.7,WoSIS
Sacramento,37.997776,-121.607498199999,5.0,20.0,17.7,8.45,10.3,12.7,77.0,WoSIS
Sacramento,37.997776,-121.607498199999,20.0,66.0,3.0,8.75,10.2,5.8,84.0,WoSIS
Sacramento,37.997776,-121.607498199999,66.0,112.0,2.1,8.65,7.0,5.3,87.7,WoSIS
Sacramento,37.6546325999999,-121.7174225,0.0,23.0,11.7,6.45,12.7,34.5,52.8,WoSIS
Sacramento,37.6546325999999,-121.7174225,25.0,55.0,7.0,6.65,14.3,34.2,51.5,WoSIS
Sacramento,37.6546325999999,-121.7174225,55.0,99.0,3.7,7.15,25.0,27.8,47.2,WoSIS
Sacramento,37.8121337999999,-121.2560196,0.0,20.0,5.3,8.25,4.5,32.2,63.3,WoSIS
Sacramento,37.8121337999999,-121.2560196,20.0,38.0,2.8,8.55,5.3,29.9,64.8,WoSIS
Sacramento,37.8121337999999,-121.2560196,38.0,75.0,1.0,8.55,5.7,35.7,58.6,WoSIS
Sacramento,37.8121337999999,-121.2560196,75.0,100.0,0.9,8.233334,4.9,35.7,59.4,WoSIS
Sacramento,38.1105536999999,-121.3930588,0.0,10.0,16.6,6.2,11.3,26.5,62.2,WoSIS
Sacramento,38.1105536999999,-121.3930588,10.0,38.0,9.9,6.2,12.1,26.6,61.3,WoSIS
Sacramento,38.1105536999999,-121.3930588,38.0,53.0,5.8,7.0,13.1,27.7,59.2,WoSIS
Sacramento,38.1105536999999,-121.3930588,53.0,69.0,1.7,7.5,13.6,27.5,58.9,WoSIS
Sacramento,38.1105536999999,-121.3930588,69.0,119.0,0.1,8.7,7.1,35.5,57.4,WoSIS
Amazon,-1.75,-52.2167,35.0,50.0,4.5,4.9,27.0,15.0,58.0,WoSIS
Amazon,-1.75,-52.2167,20.0,35.0,11.2,4.7,26.0,15.0,59.0,WoSIS
Amazon,-1.75,-52.2167,0.0,20.0,16.6,4.7,19.0,15.0,66.0,WoSIS
Amazon,-1.75,-52.2167,80.0,140.0,1.1,5.3,29.0,15.0,56.0,WoSIS
Amazon,-1.75,-52.2167,50.0,80.0,1.9,5.0,27.0,15.0,58.0,WoSIS
Sacramento,38.2223930358886,-122.354110717773,0.0,10.0,10.7,6.0,16.2,54.5,29.3,WoSIS
Sacramento,38.2223930358886,-122.354110717773,10.0,28.0,6.7,6.0,18.8,53.0,28.2,WoSIS
Sacramento,38.2223930358886,-122.354110717773,28.0,41.0,4.8,6.1,20.3,53.3,26.4,WoSIS
Sacramento,38.2223930358886,-122.354110717773,41.0,69.0,4.3,6.5,39.8,42.2,18.0,WoSIS
Sacramento,38.2223930358886,-122.354110717773,69.0,91.0,2.8,6.6,31.4,38.3,30.3,WoSIS
Sacramento,38.2223930358886,-122.354110717773,91.0,114.0,0.4,6.45,26.4,46.3,27.3,WoSIS
Sacramento,38.2210044860839,-122.354667663574,0.0,13.0,31.8,6.2,25.7,62.3,12.0,WoSIS
Sacramento,38.2210044860839,-122.354667663574,13.0,36.0,11.7,5.9,20.1,54.8,25.1,WoSIS
Sacramento,38.2210044860839,-122.354667663574,36.0,53.0,8.0,6.0,21.0,56.9,22.1,WoSIS
Sacramento,38.2210044860839,-122.354667663574,53.0,104.0,5.0,5.35,37.7,48.2,14.1,WoSIS
Limpopo,-25.191111,33.441111,0.0,16.0,6.4,6.2,7.0,3.0,90.0,WoSIS
Limpopo,-25.191111,33.441111,16.0,30.0,2.3,6.4,7.0,2.0,91.0,WoSIS
Limpopo,-25.191111,33.441111,30.0,70.0,1.7,6.1,12.0,5.0,83.0,WoSIS
Limpopo,-25.191111,33.441111,70.0,107.0,1.7,5.5,18.0,6.0,76.0,WoSIS
Limpopo,-24.875833,33.456111,0.0,10.0,4.1,5.8,2.5,1.1,96.4,WoSIS
Limpopo,-24.875833,33.456111,10.0,44.0,2.3,5.4,2.5,0.9,96.6,WoSIS
Limpopo,-24.875833,33.456111,44.0,78.0,1.2,4.9,3.0,1.5,95.5,WoSIS
Limpopo,-24.875833,33.456111,78.0,127.0,0.6,5.0,1.8,1.1,97.1,WoSIS
Limpopo,-24.995278,33.494722,0.0,15.0,4.6,6.3,5.1,2.2,92.7,WoSIS
Limpopo,-24.995278,33.494722,15.0,50.0,1.7,6.1,6.4,2.6,91.0,WoSIS
Limpopo,-24.995278,33.494722,50.0,104.0,0.6,6.3,6.8,2.1,91.1,WoSIS
Limpopo,-24.859167,33.500278,0.0,19.0,0.6,4.7,9.2,0.0,90.8,WoSIS
Limpopo,-24.859167,33.500278,19.0,46.0,1.2,5.6,7.5,0.8,91.7,WoSIS
Limpopo,-24.859167,33.500278,46.0,80.0,0.6,6.1,5.5,0.5,94.0,WoSIS
Limpopo,-24.859167,33.500278,80.0,96.0,1.2,5.9,4.5,1.5,94.0,WoSIS
Limpopo,-24.859167,33.500278,96.0,132.0,1.7,6.1,5.0,0.6,94.4,WoSIS
Niger,5.060833,5.8475,0.0,3.0,3.0,5.6,18.2,52.6,29.2,WoSIS
Niger,5.060833,5.8475,3.0,13.0,6.0,5.4,16.4,59.8,23.7,WoSIS
Niger,5.060833,5.8475,13.0,25.0,6.1,5.3,27.1,56.3,16.6,WoSIS
Niger,5.060833,5.8475,25.0,41.0,24.2,5.0,50.7,44.8,4.6,WoSIS
Niger,5.060833,5.8475,82.0,140.0,1.6,6.3,12.3,30.3,57.3,WoSIS
Limpopo,-25.16,33.363,0.0,9.0,7.5,5.6,3.0,2.0,95.0,WoSIS
Limpopo,-25.16,33.363,9.0,48.0,3.5,5.4,2.0,3.0,96.0,WoSIS
Limpopo,-25.16,33.363,48.0,88.0,3.5,5.3,3.0,4.0,93.0,WoSIS
Limpopo,-25.16,33.363,88.0,117.0,1.2,5.2,4.0,1.0,95.0,WoSIS
Limpopo,-24.91361,33.6775,0.0,33.0,29.0,7.1,73.0,21.0,6.0,WoSIS
Limpopo,-24.91361,33.6775,33.0,45.0,18.0,7.7,85.0,14.0,1.0,WoSIS
Limpopo,-24.91361,33.6775,45.0,100.0,8.7,7.5,83.0,16.0,1.0,WoSIS
Limpopo,-25.10833,33.72917,0.0,25.0,3.0,6.8,1.0,2.0,97.0,WoSIS
Limpopo,-25.10833,33.72917,25.0,75.0,1.0,7.0,1.0,4.0,95.0,WoSIS
Sacramento,37.6502762,-121.6961136,0.0,20.0,10.7,6.25,16.0,53.2,30.8,WoSIS
Sacramento,37.6502762,-121.6961136,20.0,28.0,5.4,6.3,16.4,53.4,30.2,WoSIS
Sacramento,37.6502762,-121.6961136,28.0,51.0,5.6,6.7,53.0,29.9,17.1,WoSIS
Sacramento,37.6502762,-121.6961136,51.0,74.0,3.4,7.95,42.7,34.4,22.9,WoSIS
Sacramento,37.6502762,-121.6961136,74.0,99.0,0.4,8.45,26.9,34.9,38.2,WoSIS
Sacramento,37.6502762,-121.6961136,99.0,137.0,0.3,8.45,23.4,29.7,46.9,WoSIS
Sacramento,38.0297203,-121.6308365,10.0,25.0,27.9,8.3,17.8,8.9,73.3,WoSIS
Sacramento,38.0297203,-121.6308365,25.0,61.0,4.0,8.6,14.5,5.7,79.8,WoSIS
Sacramento,38.0297203,-121.6308365,61.0,97.0,2.2,8.75,10.8,16.6,72.6,WoSIS
Sacramento,38.0297203,-121.6308365,97.0,102.0,0.8,8.75,5.9,3.7,90.4,WoSIS
Sacramento,37.9299048999999,-121.693252599999,0.0,16.0,14.0,7.633333,32.3,43.2,24.5,WoSIS
Sacramento,37.9299048999999,-121.693252599999,16.0,46.0,7.3,7.5,35.6,34.5,29.9,WoSIS
Sacramento,37.9299048999999,-121.693252599999,46.0,97.0,4.5,7.5333333,33.3,44.5,22.2,WoSIS
Sacramento,37.9299048999999,-121.693252599999,97.0,127.0,2.9,7.5333333,25.7,43.6,30.7,WoSIS
Mississippi,30.2727776,-90.7780532999999,10.0,80.0,33.4,4.7,66.5,33.0,0.5,WoSIS
Mississippi,30.2727776,-90.7780532999999,80.0,120.0,10.6,4.8,45.5,54.2,0.3,WoSIS
Mississippi,30.1039715,-90.9355010999999,0.0,14.0,16.2,6.5,67.6,31.2,1.2,WoSIS
Mississippi,30.1039715,-90.9355010999999,14.0,31.0,11.3,7.5,70.3,28.6,1.1,WoSIS
Mississippi,30.1039715,-90.9355010999999,31.0,41.0,5.8,7.8,81.9,17.3,0.8,WoSIS
Mississippi,30.1039715,-90.9355010999999,41.0,57.0,4.8,7.8,75.7,23.6,0.7,WoSIS
Mississippi,30.1039715,-90.9355010999999,57.0,76.0,4.4,7.9,46.1,52.4,1.5,WoSIS
Mississippi,30.1039715,-90.9355010999999,76.0,99.0,4.2,8.2,20.7,74.0,5.3,WoSIS
Mississippi,30.1039715,-90.9355010999999,99.0,131.0,4.2,8.2,23.6,72.9,3.5,WoSIS
Mississippi,30.4156951999999,-91.1177749999999,0.0,11.0,18.8,4.8,12.0,85.3,2.7,WoSIS
Mississippi,30.4156951999999,-91.1177749999999,11.0,26.0,4.0,4.9,14.1,83.6,2.3,WoSIS
Mississippi,30.4156951999999,-91.1177749999999,26.0,40.0,2.7,5.4,18.7,79.4,1.9,WoSIS
Mississippi,30.4156951999999,-91.1177749999999,40.0,58.0,2.0,6.4,24.3,73.4,2.3,WoSIS
Mississippi,30.4156951999999,-91.1177749999999,58.0,77.0,1.6,7.3,30.5,66.5,3.0,WoSIS
Mississippi,30.4156951999999,-91.1177749999999,77.0,97.0,1.0,8.05,23.8,73.2,3.0,WoSIS
Mississippi,30.4156951999999,-91.1177749999999,97.0,118.0,0.8,8.2,19.3,77.7,3.0,WoSIS
Limpopo,-24.945278,33.436667,0.0,16.0,7.5,6.7,5.6,0.6,93.8,WoSIS
Limpopo,-24.945278,33.436667,16.0,33.0,4.1,6.6,4.4,5.3,90.3,WoSIS
Limpopo,-24.945278,33.436667,33.0,85.0,1.2,6.6,5.0,2.6,92.4,WoSIS
Limpopo,-24.945278,33.436667,85.0,130.0,0.6,6.7,4.2,0.6,95.2,WoSIS
Limpopo,-24.875556,33.454722,0.0,20.0,9.8,5.6,5.0,5.1,89.9,WoSIS
Limpopo,-24.875556,33.454722,20.0,45.0,9.3,5.3,6.2,3.5,90.3,WoSIS
Limpopo,-24.875556,33.454722,45.0,68.0,1.2,5.4,2.5,1.9,95.6,WoSIS
Limpopo,-24.875556,33.454722,68.0,90.0,0.6,5.7,1.0,4.1,95.9,WoSIS
Limpopo,-24.875556,33.454722,90.0,115.0,0.6,5.8,4.0,1.8,94.2,WoSIS
Limpopo,-25.176667,33.495833,0.0,25.0,25.4,5.7,25.9,15.1,59.0,WoSIS
Limpopo,-25.176667,33.495833,25.0,50.0,26.0,5.0,8.2,7.0,84.8,WoSIS
Limpopo,-25.176667,33.495833,50.0,100.0,12.7,3.4,1.2,0.8,98.0,WoSIS
Indus,24.8500003999999,68.3166655999999,0.0,3.0,10.1,7.3,13.7,66.1,20.2,WoSIS
Indus,24.8500003999999,68.3166655999999,3.0,24.0,5.9,7.65,26.5,61.9,11.6,WoSIS
Indus,24.8500003999999,68.3166655999999,24.0,41.0,3.6,7.75,16.4,68.8,14.8,WoSIS
Indus,24.8500003999999,68.3166655999999,41.0,56.0,3.0,7.75,11.9,76.2,11.9,WoSIS
Indus,24.8500003999999,68.3166655999999,56.0,71.0,4.4,7.8,14.3,80.8,4.9,WoSIS
Indus,24.8500003999999,68.3166655999999,71.0,80.0,2.8,7.9,23.7,71.9,4.4,WoSIS
Indus,24.8500003999999,68.3166655999999,80.0,84.0,1.9,7.95,7.4,51.9,40.7,WoSIS
Indus,24.8500003999999,68.3166655999999,84.0,112.0,2.8,7.95,18.0,79.3,2.7,WoSIS
Limpopo,-25.073,33.685,0.0,10.0,9.9,5.8,3.0,4.0,93.0,WoSIS
Limpopo,-25.073,33.685,10.0,23.0,6.4,5.7,4.0,4.0,92.0,WoSIS
Limpopo,-25.073,33.685,23.0,50.0,1.2,5.9,1.0,6.0,93.0,WoSIS
Limpopo,-25.073,33.685,50.0,80.0,0.6,6.1,1.0,7.0,93.0,WoSIS
Limpopo,-25.073,33.685,80.0,139.0,0.6,6.2,3.0,5.0,92.0,WoSIS
Limpopo,-25.109,33.728,0.0,22.0,2.9,5.9,1.0,1.0,98.0,WoSIS
Limpopo,-25.109,33.728,22.0,62.0,1.2,5.9,1.0,4.0,95.0,WoSIS
Yellow River,37.70536804199219,118.70471954345705,0.0,13.0,2.7,8.1,6.0,35.0,60.0,WoSIS
Yellow River,37.70536804199219,118.70471954345705,13.0,40.0,2.8,8.1,6.0,35.0,59.0,WoSIS
Yellow River,37.70536804199219,118.70471954345705,40.0,48.0,2.9,8.2,9.0,42.0,48.0,WoSIS
Yellow River,37.70536804199219,118.70471954345705,48.0,80.0,1.2,7.9,5.0,29.0,66.0,WoSIS
Yellow River,37.70536804199219,118.70471954345705,80.0,150.0,2.2,7.9,7.0,35.0,57.0,WoSIS
Chao Phraya,13.165555555555557,100.93194444444444,0.0,25.0,3.6,5.0,1.0,17.0,82.0,WoSIS
Chao Phraya,13.165555555555557,100.93194444444444,25.0,58.0,1.4,5.4,6.0,13.0,81.0,WoSIS
Chao Phraya,13.165555555555557,100.93194444444444,58.0,120.0,2.0,5.5,3.0,16.0,81.0,WoSIS
Indus,24.8500003999999,68.3166655999999,23.0,41.0,3.6,7.9,16.0,69.0,15.0,WoSIS
Indus,24.8500003999999,68.3166655999999,81.0,84.0,1.9,8.1,7.0,52.0,41.0,WoSIS
Chao Phraya,13.645277777777778,99.95472222222222,0.0,21.0,23.4,5.9,40.0,44.0,15.0,WoSIS
Chao Phraya,13.645277777777778,99.95472222222222,21.0,43.0,3.6,7.7,37.0,51.0,12.0,WoSIS
Chao Phraya,13.645277777777778,99.95472222222222,43.0,67.0,1.6,7.7,27.0,44.0,30.0,WoSIS
Chao Phraya,13.645277777777778,99.95472222222222,67.0,101.0,0.6,7.7,23.0,28.0,49.0,WoSIS
Sacramento,38.3258324,-121.8255539,0.0,15.0,11.3,5.75,12.5,45.9,41.6,WoSIS
Sacramento,38.3258324,-121.8255539,15.0,36.0,4.1,7.7,21.3,41.8,36.9,WoSIS
Sacramento,38.3258324,-121.8255539,36.0,66.0,1.5,8.75,24.0,40.6,35.4,WoSIS
Sacramento,38.3258324,-121.8255539,66.0,100.0,1.1,8.9,34.7,41.5,23.8,WoSIS
Sacramento,38.2443389999999,-122.005210899999,0.0,18.0,12.3,6.0,15.3,47.1,37.6,WoSIS
Sacramento,38.2443389999999,-122.005210899999,18.0,30.0,6.4,6.45,15.6,46.6,37.8,WoSIS
Sacramento,38.2443389999999,-122.005210899999,30.0,38.0,3.5,7.3,15.9,46.7,37.4,WoSIS
Sacramento,38.2443389999999,-122.005210899999,38.0,66.0,3.0,8.066667,37.0,33.6,29.4,WoSIS
Sacramento,38.2443389999999,-122.005210899999,66.0,84.0,1.5,8.433333,33.1,36.8,30.1,WoSIS
Sacramento,38.2443389999999,-122.005210899999,84.0,112.0,1.4,8.733334,36.2,42.3,21.5,WoSIS
Amazon,-0.1167,-51.3,65.0,80.0,4.4,4.7,39.0,16.0,45.0,WoSIS
Amazon,-0.1167,-51.3,0.0,30.0,11.3,4.5,26.0,20.0,54.0,WoSIS
Amazon,-0.1167,-51.3,50.0,65.0,4.9,4.6,34.0,19.0,47.0,WoSIS
Amazon,-0.1167,-51.3,30.0,50.0,9.1,4.6,33.0,18.0,49.0,WoSIS
Amazon,-0.1167,-51.3,80.0,100.0,3.0,4.7,55.0,19.0,26.0,WoSIS
Sacramento,38.2527771,-122.3719406,0.0,10.0,30.9,6.0,21.2,26.7,52.1,WoSIS
Sacramento,38.2527771,-122.3719406,10.0,24.0,19.5,5.6,22.2,27.7,50.1,WoSIS
Sacramento,38.2527771,-122.3719406,24.0,50.0,3.1,5.6,22.7,20.9,56.4,WoSIS
Sacramento,38.2527771,-122.3719406,50.0,75.0,1.3,6.2,17.1,21.7,61.2,WoSIS
Sacramento,38.2527771,-122.3719406,75.0,100.0,1.2,6.4,18.7,22.9,58.4,WoSIS
Mississippi,30.0063324,-91.7636641999999,0.0,15.0,15.3,5.7,31.3,64.6,4.1,WoSIS
Mississippi,30.0063324,-91.7636641999999,15.0,27.0,9.4,7.1,30.3,65.6,4.1,WoSIS
Mississippi,30.0063324,-91.7636641999999,27.0,43.0,4.3,7.7,41.4,55.7,2.9,WoSIS
Mississippi,30.0063324,-91.7636641999999,43.0,67.0,2.9,7.7,41.6,55.5,2.9,WoSIS
Mississippi,30.0063324,-91.7636641999999,67.0,94.0,2.3,7.6,36.1,62.0,1.9,WoSIS
Mississippi,30.0063324,-91.7636641999999,94.0,117.0,2.3,7.4,37.6,60.1,2.3,WoSIS
Limpopo,-25.133,33.536,0.0,10.0,21.5,7.4,63.0,25.0,12.0,WoSIS
Limpopo,-25.133,33.536,10.0,100.0,10.4,7.2,70.0,27.0,4.0,WoSIS
Limpopo,-25.072,33.792,0.0,35.0,5.8,6.2,5.0,5.0,91.0,WoSIS
Limpopo,-25.072,33.792,35.0,55.0,3.5,6.3,5.0,5.0,90.0,WoSIS
Limpopo,-25.072,33.792,55.0,75.0,1.7,6.5,7.0,3.0,90.0,WoSIS
Limpopo,-25.072,33.792,95.0,125.0,1.2,6.6,6.0,5.0,89.0,WoSIS
Danube,45.4,29.299722222222226,0.0,16.0,15.0,8.0,24.0,56.0,20.0,WoSIS
Danube,45.4,29.299722222222226,16.0,29.0,16.0,8.0,29.0,62.0,9.0,WoSIS
Danube,45.4,29.299722222222226,29.0,45.0,10.0,8.0,24.0,60.0,16.0,WoSIS
Danube,45.4,29.299722222222226,45.0,74.0,3.0,8.3,10.0,53.0,37.0,WoSIS
Danube,45.4,29.299722222222226,74.0,92.0,4.0,8.3,14.0,68.0,18.0,WoSIS
Rhine-Meuse,52.30638888888889,4.522777777777778,0.0,7.0,11.6,3.8,2.0,1.0,97.0,WoSIS
Rhine-Meuse,52.30638888888889,4.522777777777778,7.0,15.0,2.5,4.2,2.0,1.0,97.0,WoSIS
Mackenzie,68.41666666666667,-133.86666666666667,0.0,11.0,40.0,7.9,17.0,80.0,3.0,WoSIS
Mackenzie,68.41666666666667,-133.86666666666667,11.0,71.0,35.0,7.9,15.0,80.0,5.0,WoSIS
Mackenzie,68.41666666666667,-133.86666666666667,71.0,110.0,39.0,7.9,19.0,73.0,8.0,WoSIS
Sacramento,37.9677773,-121.640831,0.0,15.0,18.5,7.1,41.3,36.5,22.2,WoSIS
Sacramento,37.9677773,-121.640831,15.0,33.0,10.0,8.25,56.2,28.0,15.8,WoSIS
Sacramento,37.9677773,-121.640831,33.0,61.0,3.4,8.25,53.7,28.8,17.5,WoSIS
Sacramento,37.9677773,-121.640831,61.0,79.0,4.0,8.7,46.2,25.7,28.1,WoSIS
Sacramento,37.9677773,-121.640831,79.0,119.0,2.5,8.6,36.4,22.4,41.2,WoSIS
Sacramento,37.7244452999999,-121.8183365,0.0,15.0,13.7,6.4,45.9,42.0,12.1,WoSIS
Sacramento,37.7244452999999,-121.8183365,15.0,38.0,9.2,7.4,47.4,41.5,11.1,WoSIS
Sacramento,37.7244452999999,-121.8183365,38.0,66.0,7.1,7.6,47.0,43.7,9.3,WoSIS
Sacramento,37.7244452999999,-121.8183365,66.0,81.0,6.4,7.7,48.1,43.1,8.8,WoSIS
Sacramento,37.7244452999999,-121.8183365,81.0,107.0,4.1,7.8,43.9,48.3,7.8,WoSIS
Mississippi,30.1258334999999,-90.7677764999999,0.0,15.0,289.0,6.0,76.9,22.6,0.5,WoSIS
Mississippi,30.1258334999999,-90.7677764999999,30.0,101.0,50.1,6.1,92.9,7.0,0.1,WoSIS
Sacramento,38.2282294999999,-121.9518814,0.0,10.0,15.0,5.8,13.7,48.6,37.7,WoSIS
Sacramento,38.2282294999999,-121.9518814,10.0,23.0,7.4,5.8,13.5,48.2,38.3,WoSIS
Sacramento,38.2282294999999,-121.9518814,23.0,53.0,2.8,7.633333,33.9,35.0,31.1,WoSIS
Sacramento,38.2282294999999,-121.9518814,53.0,82.0,1.2,8.566667,26.7,30.3,43.0,WoSIS
Sacramento,38.2282294999999,-121.9518814,82.0,122.0,0.8,8.566667,34.1,44.9,21.0,WoSIS
Amazon,-1.1,-51.3667,0.0,30.0,5.5,5.2,32.0,66.0,2.0,WoSIS
Mississippi,29.8846111,-91.6634166999999,0.0,23.0,17.5,8.2,22.3,76.2,1.5,WoSIS
Mississippi,29.8846111,-91.6634166999999,23.0,35.0,17.5,8.0,28.1,70.8,1.1,WoSIS
Mississippi,29.8846111,-91.6634166999999,35.0,50.0,11.3,8.2,26.2,70.5,3.3,WoSIS
Mississippi,29.8846111,-91.6634166999999,50.0,62.0,6.1,8.2,19.7,76.9,3.4,WoSIS
Mississippi,29.8846111,-91.6634166999999,62.0,77.0,3.3,8.5,17.6,74.8,7.6,WoSIS
Mississippi,29.8846111,-91.6634166999999,77.0,104.0,1.7,8.3,20.1,78.4,1.5,WoSIS
Limpopo,-24.875278,33.515,0.0,15.0,2.9,5.1,5.6,2.2,92.2,WoSIS
Limpopo,-24.875278,33.515,15.0,80.0,1.7,4.9,5.6,3.7,90.7,WoSIS
Limpopo,-24.875278,33.515,80.0,135.0,0.6,5.0,3.0,2.1,94.9,WoSIS
Niger,5.044444,5.890278,0.0,4.0,57.5,4.9,82.0,15.8,2.2,WoSIS
Niger,5.044444,5.890278,4.0,15.0,31.1,5.0,86.4,13.0,1.1,WoSIS
Niger,5.044444,5.890278,15.0,35.0,21.5,5.2,78.7,17.6,3.7,WoSIS
Niger,5.044444,5.890278,35.0,50.0,27.7,5.2,74.8,19.6,5.5,WoSIS
Pearl,23.216666666666665,113.46666666666668,0.0,5.0,15.3,4.9,31.3,11.7,56.9,WoSIS
Pearl,23.216666666666665,113.46666666666668,5.0,19.0,5.8,5.2,41.1,11.1,47.8,WoSIS
Pearl,23.216666666666665,113.46666666666668,19.0,48.0,2.8,5.2,39.8,13.2,47.1,WoSIS
Pearl,23.216666666666665,113.46666666666668,48.0,60.0,1.6,5.2,39.1,14.6,46.3,WoSIS
Pearl,23.216666666666665,113.46666666666668,60.0,83.0,3.7,5.2,39.2,16.1,44.8,WoSIS
Pearl,23.216666666666665,113.46666666666668,83.0,115.0,1.9,5.2,33.5,23.4,43.1,WoSIS
Danube,45.29972222222222,29.579722222222223,0.0,4.0,17.0,8.4,5.0,18.0,77.0,WoSIS
Chao Phraya,13.75,100.16666666666669,0.0,10.0,14.0,5.4,58.0,27.0,15.0,WoSIS
Chao Phraya,13.75,100.16666666666669,10.0,17.0,8.2,6.1,57.0,28.0,15.0,WoSIS
Chao Phraya,13.173333333333334,100.94944444444444,0.0,17.0,6.5,5.3,14.0,18.0,69.0,WoSIS
Chao Phraya,13.173333333333334,100.94944444444444,17.0,33.0,3.7,5.7,10.0,22.0,69.0,WoSIS
Chao Phraya,13.173333333333334,100.94944444444444,33.0,59.0,2.4,5.8,14.0,19.0,66.0,WoSIS
Chao Phraya,13.173333333333334,100.94944444444444,59.0,80.0,2.7,5.4,26.0,22.0,52.0,WoSIS
Chao Phraya,13.173333333333334,100.94944444444444,80.0,123.0,2.9,5.2,32.0,22.0,46.0,WoSIS
Chao Phraya,13.379722222222222,99.99166666666666,0.0,14.0,1.8,4.7,37.0,51.0,12.0,WoSIS
Chao Phraya,13.379722222222222,99.99166666666666,14.0,58.0,5.4,4.6,46.0,45.0,9.0,WoSIS
Chao Phraya,13.379722222222222,99.99166666666666,58.0,93.0,2.0,4.3,44.0,48.0,8.0,WoSIS
Chao Phraya,13.379722222222222,99.99166666666666,93.0,110.0,1.6,4.3,47.0,33.0,20.0,WoSIS
Chao Phraya,13.828888888888889,100.80277777777778,0.0,23.0,13.6,4.2,54.0,44.0,2.0,WoSIS
Chao Phraya,13.828888888888889,100.80277777777778,23.0,54.0,5.0,4.2,62.0,36.0,3.0,WoSIS
Chao Phraya,13.828888888888889,100.80277777777778,54.0,96.0,4.0,4.0,60.0,27.0,14.0,WoSIS
Chao Phraya,13.828888888888889,100.80277777777778,96.0,114.0,4.0,4.5,58.0,39.0,2.0,WoSIS
Pearl,23.216666666666665,113.46666666666668,23.0,50.0,2.8,5.2,40.0,13.0,47.0,WoSIS
Pearl,23.216666666666665,113.46666666666668,50.0,60.0,1.6,5.2,39.0,15.0,46.0,WoSIS
Pearl,23.216666666666665,113.46666666666668,80.0,120.0,1.9,5.2,34.0,23.0,43.0,WoSIS
Sacramento,38.3288878999999,-121.8150024,0.0,10.0,21.3,6.3,32.4,58.4,9.2,WoSIS
Sacramento,38.3288878999999,-121.8150024,10.0,36.0,5.4,9.1,39.2,41.5,19.3,WoSIS
Sacramento,38.3288878999999,-121.8150024,36.0,56.0,2.4,9.15,41.0,40.9,18.1,WoSIS
Sacramento,38.3288878999999,-121.8150024,56.0,86.0,1.2,9.0,39.6,40.4,20.0,WoSIS
Sacramento,38.3288878999999,-121.8150024,86.0,119.0,0.7,9.05,34.9,42.1,23.0,WoSIS
Sacramento,38.2158317999999,-122.4161148,0.0,18.0,50.1,4.2,58.9,39.7,1.4,WoSIS
Sacramento,38.2158317999999,-122.4161148,18.0,36.0,50.4,4.1,60.7,37.9,1.4,WoSIS
Sacramento,38.2158317999999,-122.4161148,36.0,56.0,26.3,3.7,59.0,40.2,0.8,WoSIS
Sacramento,38.2158317999999,-122.4161148,56.0,79.0,22.9,3.7,60.7,38.5,0.8,WoSIS
Sacramento,38.2158317999999,-122.4161148,79.0,130.0,19.6,3.6,58.1,41.2,0.7,WoSIS
Mississippi,30.1113892,-90.6230544999999,13.0,26.0,344.0,6.0,74.5,24.3,1.2,WoSIS
Mississippi,30.1113892,-90.6230544999999,77.0,102.0,18.0,7.6,82.6,17.3,0.1,WoSIS
Mississippi,30.4677277,-88.5069809,0.0,8.0,30.6,4.5,9.7,71.2,19.1,WoSIS
Mississippi,30.4677277,-88.5069809,8.0,13.0,16.6,4.5,14.2,67.7,18.1,WoSIS
Mississippi,30.4677277,-88.5069809,13.0,18.0,9.5,4.5,20.5,63.8,15.7,WoSIS
Mississippi,30.4677277,-88.5069809,18.0,183.0,2.1,4.5,44.9,49.7,5.4,WoSIS
Amazon,0.2167,-50.9167,0.0,10.0,34.9,4.6,25.0,73.0,2.0,WoSIS
Amazon,0.2167,-50.9167,10.0,50.0,2.0,5.4,29.0,69.0,2.0,WoSIS
Amazon,0.3667,-51.0833,25.0,80.0,2.3,4.9,38.0,12.0,50.0,WoSIS
Amazon,0.3667,-51.0833,0.0,10.0,9.6,5.7,27.0,12.0,61.0,WoSIS
Amazon,0.3667,-51.0833,10.0,25.0,6.8,5.0,30.0,10.0,60.0,WoSIS
Amazon,0.3667,-51.0833,80.0,120.0,2.2,5.3,50.0,6.0,44.0,WoSIS
Mackenzie,68.36666666666666,-133.7,3.0,5.0,12.2,5.0,14.0,34.0,52.0,WoSIS
Mackenzie,68.36666666666666,-133.7,5.0,6.0,8.1,5.2,14.0,13.0,74.0,WoSIS
Mackenzie,68.36666666666666,-133.7,6.0,8.0,10.4,5.4,12.0,14.0,74.0,WoSIS
Mackenzie,68.36666666666666,-133.7,8.0,20.0,13.9,6.7,13.0,25.0,62.0,WoSIS
Mackenzie,68.36666666666666,-133.7,20.0,30.0,10.4,7.5,12.0,20.0,68.0,WoSIS
Limpopo,-25.156111,33.362222,0.0,8.0,9.8,5.6,1.7,1.3,97.0,WoSIS
Limpopo,-25.156111,33.362222,8.0,30.0,4.6,5.1,1.9,3.2,94.9,WoSIS
Limpopo,-25.156111,33.362222,30.0,59.0,1.7,5.2,1.0,2.5,96.5,WoSIS
Limpopo,-25.156111,33.362222,59.0,95.0,1.7,5.2,1.3,3.3,95.4,WoSIS
Limpopo,-25.156111,33.362222,95.0,155.0,1.7,5.2,2.3,2.7,95.0,WoSIS
Limpopo,-25.085556,33.468056,0.0,30.0,289.0,4.9,4.7,26.1,69.2,WoSIS
Limpopo,-25.085556,33.468056,30.0,64.0,387.3,4.2,1.0,17.9,81.1,WoSIS
Limpopo,-25.085556,33.468056,64.0,94.0,391.3,4.1,4.2,16.6,79.2,WoSIS
Niger,5.038611,5.840556,0.0,8.0,91.0,4.6,85.1,9.8,5.1,WoSIS
Niger,5.038611,5.840556,8.0,29.0,111.0,4.5,73.4,23.0,3.6,WoSIS
Niger,5.038611,5.840556,29.0,45.0,49.6,5.0,87.5,12.0,0.4,WoSIS
Niger,5.057222,5.853611,0.0,10.0,64.8,4.6,79.7,18.3,2.0,WoSIS
Niger,5.057222,5.853611,10.0,35.0,24.6,5.1,88.1,11.5,0.4,WoSIS
Niger,5.057222,5.853611,35.0,130.0,8.4,5.3,86.6,13.2,0.2,WoSIS
Niger,5.039722,5.877222,0.0,5.0,30.3,4.9,81.4,18.2,0.5,WoSIS
Niger,5.039722,5.877222,5.0,24.0,14.2,5.1,52.7,45.7,1.6,WoSIS
Niger,5.039722,5.877222,24.0,50.0,6.8,5.4,41.5,57.8,0.6,WoSIS
Chao Phraya,13.313333333333333,101.12305555555557,0.0,20.0,5.3,5.2,5.0,14.0,82.0,WoSIS
Chao Phraya,13.313333333333333,101.12305555555557,20.0,42.0,1.8,6.0,2.0,16.0,83.0,WoSIS
Chao Phraya,13.313333333333333,101.12305555555557,42.0,95.0,1.0,6.5,2.0,12.0,86.0,WoSIS
Chao Phraya,13.313333333333333,101.12305555555557,95.0,130.0,9.8,6.4,2.0,90.0,8.0,WoSIS
Chao Phraya,13.854444444444445,100.02805555555555,0.0,30.0,32.2,7.1,18.0,40.0,42.0,WoSIS
Chao Phraya,13.854444444444445,100.02805555555555,30.0,65.0,20.2,6.3,28.0,50.0,22.0,WoSIS
Chao Phraya,13.854444444444445,100.02805555555555,65.0,90.0,14.2,7.5,16.0,56.0,28.0,WoSIS
Chao Phraya,13.854444444444445,100.02805555555555,90.0,130.0,8.2,8.4,12.0,28.0,60.0,WoSIS
Mississippi,30.3780556,-91.0447235,0.0,15.0,9.6,6.4,10.8,85.1,4.1,WoSIS
Mississippi,30.3780556,-91.0447235,15.0,30.0,2.2,6.2,9.8,86.8,3.4,WoSIS
Mississippi,30.3780556,-91.0447235,30.0,53.0,1.4,4.6,17.3,80.2,2.5,WoSIS
Mississippi,30.3780556,-91.0447235,53.0,86.0,1.4,4.4,30.2,67.7,2.1,WoSIS
Mississippi,30.3780556,-91.0447235,86.0,119.0,1.1,4.6,25.1,73.0,1.9,WoSIS
Sacramento,38.2444458,-122.0013885,0.0,13.0,13.5,6.0,15.4,45.4,39.2,WoSIS
Sacramento,38.2444458,-122.0013885,13.0,36.0,5.4,6.3,17.1,43.1,39.8,WoSIS
Sacramento,38.2444458,-122.0013885,36.0,48.0,2.8,6.65,15.7,42.5,41.8,WoSIS
Sacramento,38.2444458,-122.0013885,48.0,86.0,2.8,6.65,40.3,39.5,20.2,WoSIS
Sacramento,38.2444458,-122.0013885,86.0,94.0,1.0,7.95,36.2,44.7,19.1,WoSIS
Sacramento,38.2444458,-122.0013885,94.0,117.0,0.9,8.5,32.9,47.5,19.6,WoSIS
Mississippi,29.9186115,-90.6233368,23.0,53.0,267.0,6.3,82.6,17.2,0.2,WoSIS
Mississippi,29.9186115,-90.6233368,53.0,84.0,293.0,5.7,87.5,12.2,0.3,WoSIS
Mississippi,30.4896716999999,-88.5244826999999,0.0,5.0,48.3,4.3,17.9,63.4,18.7,WoSIS
Mississippi,30.4896716999999,-88.5244826999999,5.0,15.0,25.4,4.2,20.0,58.9,21.1,WoSIS
Mississippi,30.4896716999999,-88.5244826999999,15.0,30.0,7.2,4.5,46.9,46.4,6.7,WoSIS
Mississippi,30.4896716999999,-88.5244826999999,30.0,183.0,3.1,4.1,54.5,40.3,5.2,WoSIS
Sacramento,38.2207374999999,-121.305190999999,0.0,15.0,8.4,6.3,13.4,56.3,30.3,WoSIS
Sacramento,38.2207374999999,-121.305190999999,15.0,25.0,5.7,5.75,13.1,56.0,30.9,WoSIS
Sacramento,38.2207374999999,-121.305190999999,25.0,41.0,2.9,5.85,15.8,52.3,31.9,WoSIS
Sacramento,38.2207374999999,-121.305190999999,41.0,53.0,2.1,6.05,37.8,33.8,28.4,WoSIS
Sacramento,38.2207374999999,-121.305190999999,53.0,66.0,1.9,6.35,36.7,31.6,31.7,WoSIS
Sacramento,38.2207374999999,-121.305190999999,66.0,74.0,0.6,7.5,11.3,42.4,46.3,WoSIS
Sacramento,38.2207374999999,-121.305190999999,74.0,122.0,0.5,7.75,16.3,37.3,46.4,WoSIS
Parana-Plata,-33.7905273,-58.0515823,0.0,6.0,35.7,5.5,24.4,47.5,28.1,WoSIS
Parana-Plata,-33.7905273,-58.0515823,6.0,26.0,20.3,6.1,26.9,47.3,25.8,WoSIS
Parana-Plata,-33.7905273,-58.0515823,26.0,45.0,10.2,6.8,48.8,33.3,17.9,WoSIS
Parana-Plata,-33.7905273,-58.0515823,45.0,72.0,7.6,7.2,47.5,33.7,18.8,WoSIS
Parana-Plata,-33.7905273,-58.0515823,72.0,94.0,3.2,7.2,42.0,40.4,17.6,WoSIS
Parana-Plata,-33.7905273,-58.0515823,94.0,128.0,1.3,7.5,39.3,45.4,15.3,WoSIS
Parana-Plata,-33.7905273,-58.0515823,87.0,113.0,1.8,7.7,41.1,44.8,14.1,WoSIS
Limpopo,-25.090556,33.350278,0.0,18.0,18.5,5.4,3.8,4.8,91.4,WoSIS
Limpopo,-25.090556,33.350278,18.0,43.0,91.3,4.5,8.0,10.0,82.0,WoSIS
Limpopo,-25.090556,33.350278,43.0,67.0,255.5,4.6,1.2,6.5,92.3,WoSIS
Limpopo,-25.090556,33.350278,67.0,143.0,282.7,4.8,2.1,5.0,92.9,WoSIS
Limpopo,-25.161944,33.361944,0.0,8.0,5.2,5.6,3.0,1.7,95.3,WoSIS
Limpopo,-25.161944,33.361944,8.0,18.0,3.5,5.6,1.7,3.2,95.1,WoSIS
Limpopo,-25.161944,33.361944,18.0,44.0,3.5,5.7,0.7,3.4,95.9,WoSIS
Limpopo,-25.161944,33.361944,44.0,75.0,2.3,5.7,3.0,1.7,95.3,WoSIS
Limpopo,-25.161944,33.361944,75.0,160.0,0.6,5.2,2.5,2.5,95.0,WoSIS
Limpopo,-25.192778,33.441667,0.0,27.0,8.1,5.8,6.0,3.0,91.0,WoSIS
Limpopo,-25.192778,33.441667,27.0,50.0,2.9,5.9,7.0,1.0,92.0,WoSIS
Limpopo,-25.192778,33.441667,50.0,79.0,1.2,6.0,7.0,1.0,91.0,WoSIS
Limpopo,-25.192778,33.441667,79.0,109.0,0.6,6.0,9.0,2.0,90.0,WoSIS
Limpopo,-25.185833,33.47,0.0,15.0,3.5,6.2,4.4,1.0,94.6,WoSIS
Limpopo,-25.185833,33.47,15.0,67.0,1.2,6.4,2.2,1.8,96.0,WoSIS
Limpopo,-25.185833,33.47,67.0,112.0,1.2,5.0,3.9,0.6,95.5,WoSIS
Limpopo,-24.924167,33.771667,0.0,14.0,5.2,5.3,1.2,9.2,89.6,WoSIS
Limpopo,-24.924167,33.771667,14.0,34.0,3.5,5.1,4.4,7.9,87.7,WoSIS
Limpopo,-24.924167,33.771667,34.0,64.0,1.7,5.0,6.0,8.0,86.0,WoSIS
Limpopo,-24.924167,33.771667,64.0,102.0,1.7,4.8,8.7,6.8,84.5,WoSIS
Niger,5.038056,5.881389,0.0,3.0,15.4,4.7,11.5,50.4,38.1,WoSIS
Niger,5.038056,5.881389,3.0,26.0,6.7,5.1,18.3,52.5,29.3,WoSIS
Niger,5.038056,5.881389,26.0,37.0,3.9,5.4,20.6,46.8,32.6,WoSIS
Niger,5.038056,5.881389,37.0,55.0,3.4,5.5,20.1,41.7,38.2,WoSIS
Niger,5.038056,5.881389,55.0,75.0,3.6,5.4,23.5,50.2,26.3,WoSIS
Niger,5.038056,5.881389,75.0,140.0,2.5,5.7,14.1,34.3,51.9,WoSIS
Indus,24.9833336,67.0999984999999,0.0,7.0,2.2,8.3,7.9,26.1,66.0,WoSIS
Indus,24.9833336,67.0999984999999,7.0,23.0,1.9,8.0,10.6,26.8,62.6,WoSIS
Indus,24.9833336,67.0999984999999,23.0,53.0,1.5,8.5,9.8,22.4,67.8,WoSIS
Indus,24.9833336,67.0999984999999,53.0,80.0,0.9,8.7,7.7,17.8,74.5,WoSIS
Indus,24.9833336,67.0999984999999,80.0,113.0,0.8,8.05,9.7,47.4,42.9,WoSIS
Senegal,16.203889,-16.403333,0.0,49.0,4.1,7.4,7.0,4.0,89.0,WoSIS
Senegal,16.203889,-16.403333,49.0,88.0,1.2,7.8,6.0,1.0,93.0,WoSIS
Senegal,16.203889,-16.403333,88.0,126.0,0.5,8.2,6.0,1.0,93.0,WoSIS
Chao Phraya,13.75,100.61666666666666,0.0,17.0,18.6,4.8,61.0,33.0,6.0,WoSIS
Chao Phraya,13.75,100.61666666666666,17.0,34.0,13.3,4.4,66.0,32.0,2.0,WoSIS
Chao Phraya,13.75,100.61666666666666,34.0,57.0,7.2,4.2,60.0,37.0,3.0,WoSIS
Indus,24.9833336,67.0999984999999,8.0,23.0,1.9,8.0,11.0,27.0,62.0,WoSIS
Indus,24.9833336,67.0999984999999,81.0,114.0,0.8,8.3,10.0,47.0,43.0,WoSIS
Senegal,16.203889,-16.403333,0.0,49.0,2.6,7.4,7.0,4.0,89.0,WoSIS
Senegal,16.203889,-16.403333,49.0,88.0,0.6,8.2,6.0,1.0,93.0,WoSIS
Senegal,16.203889,-16.403333,88.0,126.0,0.4,7.9,6.0,1.0,93.0,WoSIS
Sacramento,37.644165,-121.968612699999,0.0,18.0,14.3,6.3,22.8,65.9,11.3,WoSIS
Sacramento,37.644165,-121.968612699999,18.0,36.0,6.4,6.15,26.9,63.1,10.0,WoSIS
Sacramento,37.644165,-121.968612699999,36.0,56.0,5.3,6.15,26.9,63.3,9.8,WoSIS
Sacramento,37.7491684,-121.8177795,0.0,18.0,21.6,6.4,38.9,42.7,18.4,WoSIS
Sacramento,37.7491684,-121.8177795,18.0,43.0,10.4,6.9,39.9,42.1,18.0,WoSIS
Sacramento,37.7491684,-121.8177795,43.0,71.0,7.4,7.6,40.1,48.5,11.4,WoSIS
Sacramento,37.7491684,-121.8177795,71.0,94.0,5.4,7.7,38.6,48.8,12.6,WoSIS
Sacramento,37.7491684,-121.8177795,94.0,122.0,3.7,7.8,24.6,50.7,24.7,WoSIS
Sacramento,38.218505859375,-122.356613159179,0.0,18.0,30.1,5.2,17.5,38.8,43.7,WoSIS
Sacramento,38.218505859375,-122.356613159179,18.0,43.0,10.6,5.9,19.0,39.3,41.7,WoSIS
Sacramento,38.218505859375,-122.356613159179,43.0,66.0,2.6,6.1,16.2,38.7,45.1,WoSIS
Sacramento,38.218505859375,-122.356613159179,66.0,89.0,0.8,5.6,17.5,40.2,42.3,WoSIS
Sacramento,38.218505859375,-122.356613159179,89.0,132.0,0.9,5.0,29.3,30.9,39.8,WoSIS
Mackenzie,68.71666666666667,-134.06666666666666,2.0,3.0,95.7,5.5,43.0,42.0,15.0,WoSIS
Mackenzie,68.71666666666667,-134.06666666666666,3.0,9.0,28.6,5.3,39.0,40.0,21.0,WoSIS
Mackenzie,68.71666666666667,-134.06666666666666,9.0,16.0,30.2,6.0,43.0,39.0,18.0,WoSIS
Mackenzie,68.71666666666667,-134.06666666666666,16.0,23.0,61.5,5.8,49.0,33.0,19.0,WoSIS
Mackenzie,68.71666666666667,-134.06666666666666,23.0,27.0,46.9,6.0,46.0,36.0,18.0,WoSIS
Mackenzie,68.38333333333334,-133.73333333333332,0.0,20.0,20.0,4.3,48.0,49.0,3.0,WoSIS
Mackenzie,68.38333333333334,-133.73333333333332,20.0,70.0,12.0,4.2,53.0,45.0,2.0,WoSIS
Mackenzie,68.38333333333334,-133.73333333333332,70.0,130.0,23.0,4.2,50.0,47.0,3.0,WoSIS
Limpopo,-24.824444,33.463056,0.0,21.0,2.9,6.3,8.0,5.0,87.0,WoSIS
Limpopo,-24.824444,33.463056,21.0,37.0,2.3,6.5,8.0,5.0,87.0,WoSIS
Limpopo,-24.824444,33.463056,37.0,73.0,9.9,6.8,43.0,30.0,27.0,WoSIS
Limpopo,-24.824444,33.463056,73.0,117.0,12.8,6.9,48.0,31.0,20.0,WoSIS
Chao Phraya,13.7333336,100.083335899999,0.0,10.0,13.7,5.8,51.6,46.1,2.3,WoSIS
Chao Phraya,13.7333336,100.083335899999,10.0,28.0,9.9,6.7,54.4,43.4,2.2,WoSIS
Chao Phraya,13.7333336,100.083335899999,28.0,46.0,8.3,7.2,57.5,40.8,1.7,WoSIS
Chao Phraya,13.7333336,100.083335899999,46.0,74.0,7.5,7.15,60.0,38.0,2.0,WoSIS
Chao Phraya,13.7333336,100.083335899999,74.0,116.0,3.9,7.1,51.9,42.8,5.3,WoSIS
Senegal,15.64472,-15.99233,6.0,17.0,1.8,7.7,6.0,4.0,90.0,WoSIS
Senegal,15.64472,-15.99233,17.0,59.0,1.4,7.5,7.0,4.0,88.0,WoSIS
Senegal,15.64472,-15.99233,59.0,90.0,1.2,7.7,8.0,4.0,88.0,WoSIS
Pearl,23.058333333333337,113.19166666666666,0.0,10.0,26.5,5.6,36.8,53.5,9.7,WoSIS
Pearl,23.058333333333337,113.19166666666666,10.0,25.0,17.1,6.5,20.3,28.9,50.9,WoSIS
Pearl,23.058333333333337,113.19166666666666,25.0,45.0,12.1,6.3,36.7,55.6,7.8,WoSIS
Pearl,23.058333333333337,113.19166666666666,45.0,68.0,22.0,3.1,25.0,52.2,22.8,WoSIS
Mississippi,30.3786105999999,-91.0913924999999,0.0,15.0,6.6,5.0,9.3,86.8,3.9,WoSIS
Mississippi,30.3786105999999,-91.0913924999999,15.0,33.0,1.8,5.0,16.8,80.5,2.7,WoSIS
Mississippi,30.3786105999999,-91.0913924999999,33.0,56.0,1.6,4.8,31.9,64.6,3.5,WoSIS
Mississippi,30.3786105999999,-91.0913924999999,56.0,81.0,1.0,5.1,28.6,67.6,3.8,WoSIS
Mississippi,30.3786105999999,-91.0913924999999,81.0,112.0,0.9,5.5,23.7,73.0,3.3,WoSIS
Sacramento,37.6555557,-121.7491684,0.0,15.0,17.9,6.55,12.1,38.9,49.0,WoSIS
Sacramento,37.6555557,-121.7491684,15.0,43.0,8.5,6.65,15.6,36.8,47.6,WoSIS
Sacramento,37.6555557,-121.7491684,43.0,79.0,5.0,7.0,15.4,37.4,47.2,WoSIS
Sacramento,37.6555557,-121.7491684,79.0,109.0,4.6,7.3,17.9,39.1,43.0,WoSIS
Sacramento,37.6699982,-121.7491684,0.0,13.0,8.8,8.25,12.9,38.9,48.2,WoSIS
Sacramento,37.6699982,-121.7491684,13.0,33.0,8.0,7.7,14.6,37.3,48.1,WoSIS
Sacramento,37.6699982,-121.7491684,33.0,58.0,6.7,7.25,17.9,30.2,51.9,WoSIS
Sacramento,37.6699982,-121.7491684,58.0,76.0,3.2,7.3,13.9,15.7,70.4,WoSIS
Sacramento,37.6699982,-121.7491684,76.0,97.0,2.1,7.2,8.5,8.7,82.8,WoSIS
Sacramento,37.6699982,-121.7491684,97.0,152.0,1.2,7.15,6.9,7.4,85.7,WoSIS
Mississippi,29.9027786,-90.6138916,76.0,152.0,285.0,5.3,53.1,43.0,3.9,WoSIS
Sacramento,38.1172218,-121.231941199999,0.0,5.0,13.15,6.5,6.8,25.25,67.95,WoSIS
Sacramento,38.1172218,-121.231941199999,5.0,10.0,15.95,6.25,7.25,24.5,68.25,WoSIS
Sacramento,38.1172218,-121.231941199999,10.0,30.0,8.2,6.8,7.2,24.95,67.85,WoSIS
Sacramento,38.1172218,-121.231941199999,30.0,48.0,3.1,6.4,7.9,28.1,64.0,WoSIS
Sacramento,38.1172218,-121.231941199999,48.0,77.0,2.8,6.5,7.5,28.3,64.2,WoSIS
Sacramento,38.1172218,-121.231941199999,77.0,111.0,2.2,6.7,7.3,28.0,64.7,WoSIS
Sacramento,38.209446,-121.286392199999,0.0,20.0,6.0,5.8,18.4,48.7,32.9,WoSIS
Sacramento,38.209446,-121.286392199999,20.0,63.0,5.6,5.5,18.9,48.2,32.9,WoSIS
Sacramento,38.209446,-121.286392199999,63.0,116.0,6.2,5.3,15.3,47.0,37.7,WoSIS
Mississippi,29.8453197,-91.6541672,0.0,20.0,11.2,5.5,17.1,76.3,6.6,WoSIS
Mississippi,29.8453197,-91.6541672,20.0,44.0,5.5,5.7,32.7,64.2,3.1,WoSIS
Mississippi,29.8453197,-91.6541672,44.0,65.0,2.8,6.3,23.4,72.1,4.5,WoSIS
Mississippi,29.8453197,-91.6541672,65.0,90.0,1.6,6.6,15.5,73.8,10.7,WoSIS
Mississippi,29.8453197,-91.6541672,90.0,114.0,0.9,6.9,15.6,77.9,6.5,WoSIS
Limpopo,-24.903611,33.686667,0.0,10.0,35.8,5.6,78.6,11.4,10.0,WoSIS
Limpopo,-24.903611,33.686667,10.0,30.0,13.3,5.4,90.1,7.1,2.8,WoSIS
Limpopo,-24.903611,33.686667,30.0,77.0,5.8,5.4,81.1,15.8,3.1,WoSIS
Limpopo,-24.973611,33.745278,0.0,12.0,3.5,5.3,2.4,6.8,90.8,WoSIS
Limpopo,-24.973611,33.745278,12.0,31.0,3.5,5.3,1.6,8.6,89.8,WoSIS
Limpopo,-24.973611,33.745278,31.0,63.0,1.7,5.0,2.4,6.9,90.7,WoSIS
Limpopo,-24.973611,33.745278,63.0,104.0,0.6,4.9,1.0,6.2,92.8,WoSIS
Limpopo,-24.84278,33.47139,0.0,20.0,2.3,5.6,3.0,1.0,97.0,WoSIS
Limpopo,-24.84278,33.47139,20.0,48.0,1.7,5.5,4.0,1.0,95.0,WoSIS
Limpopo,-24.84278,33.47139,48.0,65.0,1.7,5.3,6.0,1.0,93.0,WoSIS
Limpopo,-24.84278,33.47139,65.0,97.0,2.3,5.7,25.0,1.0,74.0,WoSIS
Limpopo,-24.84278,33.47139,97.0,140.0,2.3,5.6,13.0,1.0,86.0,WoSIS
Limpopo,-24.80528,33.51861,0.0,20.0,12.2,6.9,23.0,33.0,45.0,WoSIS
Limpopo,-24.80528,33.51861,20.0,45.0,6.4,6.9,25.0,31.0,44.0,WoSIS
Limpopo,-24.80528,33.51861,45.0,68.0,2.9,7.1,19.0,19.0,62.0,WoSIS
Limpopo,-24.80528,33.51861,68.0,90.0,2.9,7.3,21.0,22.0,57.0,WoSIS
Limpopo,-24.80528,33.51861,90.0,115.0,2.9,7.4,20.0,23.0,57.0,WoSIS
Chao Phraya,13.35,101.08333333333331,0.0,22.0,13.6,7.8,15.8,25.6,58.6,WoSIS
Chao Phraya,13.35,101.08333333333331,22.0,39.0,5.9,7.8,16.6,26.2,57.2,WoSIS
Chao Phraya,13.35,101.08333333333331,39.0,85.0,1.5,7.7,22.7,23.5,53.8,WoSIS
Pearl,23.097536087036133,113.11810302734376,0.0,17.0,20.1,7.1,14.0,22.0,64.0,WoSIS
Pearl,23.097536087036133,113.11810302734376,17.0,28.0,14.1,7.5,27.0,25.0,48.0,WoSIS
Pearl,23.097536087036133,113.11810302734376,28.0,75.0,5.5,7.2,35.0,21.0,44.0,WoSIS
Pearl,23.097536087036133,113.11810302734376,75.0,100.0,7.0,7.1,16.0,14.0,70.0,WoSIS
Chao Phraya,13.666666666666666,100.91666666666669,0.0,10.0,7.8,6.5,64.0,28.0,8.0,WoSIS
Chao Phraya,13.666666666666666,100.91666666666669,10.0,27.0,4.6,6.2,65.0,26.0,9.0,WoSIS
Chao Phraya,13.091111111111111,100.88722222222222,0.0,20.0,8.0,5.9,2.0,16.0,82.0,WoSIS
Chao Phraya,13.091111111111111,100.88722222222222,20.0,45.0,8.0,5.1,1.0,25.0,74.0,WoSIS
Chao Phraya,13.091111111111111,100.88722222222222,45.0,150.0,8.0,5.5,1.0,18.0,81.0,WoSIS
Limpopo,-24.84278,33.47139,0.0,20.0,2.0,5.6,3.0,1.0,96.0,WoSIS
Limpopo,-24.84278,33.47139,20.0,48.0,2.0,5.5,4.0,1.0,95.0,WoSIS
Limpopo,-24.84278,33.47139,48.0,65.0,2.0,5.3,6.0,1.0,93.0,WoSIS
Limpopo,-24.84278,33.47139,65.0,97.0,2.0,5.7,25.0,1.0,74.0,WoSIS
Limpopo,-24.84278,33.47139,97.0,140.0,2.0,5.6,13.0,1.0,86.0,WoSIS
Limpopo,-24.80528,33.51861,0.0,20.0,12.0,6.9,23.0,33.0,44.0,WoSIS
Limpopo,-24.80528,33.51861,20.0,45.0,6.0,6.9,25.0,31.0,44.0,WoSIS
Limpopo,-24.80528,33.51861,45.0,68.0,3.0,7.1,19.0,19.0,62.0,WoSIS
Limpopo,-24.80528,33.51861,68.0,90.0,3.0,7.3,21.0,22.0,57.0,WoSIS
Limpopo,-24.80528,33.51861,90.0,115.0,3.0,7.4,20.0,23.0,57.0,WoSIS
Sacramento,38.4291649,-121.8877792,0.0,18.0,6.9,6.5,10.4,33.8,55.8,WoSIS
Sacramento,38.4291649,-121.8877792,18.0,36.0,3.6,6.0,11.5,32.4,56.1,WoSIS
Sacramento,38.4291649,-121.8877792,36.0,71.0,3.2,6.9,37.2,24.2,38.6,WoSIS
Sacramento,38.4291649,-121.8877792,71.0,100.0,1.4,7.35,30.6,22.3,47.1,WoSIS
Sacramento,37.7486115,-121.7088852,0.0,18.0,8.4,6.4,50.4,30.7,18.9,WoSIS
Sacramento,37.7486115,-121.7088852,18.0,46.0,6.8,6.9,50.6,30.8,18.6,WoSIS
Sacramento,37.7486115,-121.7088852,46.0,66.0,4.7,8.0,47.7,31.5,20.8,WoSIS
Sacramento,37.7486115,-121.7088852,66.0,94.0,3.1,8.0,42.0,37.7,20.3,WoSIS
Sacramento,37.7486115,-121.7088852,94.0,119.0,1.8,8.0,41.8,34.9,23.3,WoSIS
Rhine-Meuse,52.242761944444446,4.525038055555555,0.0,55.0,6.6,7.1,1.0,2.9,96.1,WoSIS
Rhine-Meuse,52.242761944444446,4.525038055555555,55.0,65.0,0.9,7.6,0.9,2.2,96.9,WoSIS
Rhine-Meuse,52.242761944444446,4.525038055555555,65.0,68.0,140.7,7.2,20.2,30.1,49.7,WoSIS
Rhine-Meuse,52.242761944444446,4.525038055555555,68.0,90.0,1.2,7.8,23.2,32.8,44.0,WoSIS
Rhine-Meuse,52.242761944444446,4.525038055555555,90.0,110.0,115.7,7.3,22.7,32.6,44.7,WoSIS
Rhine-Meuse,52.56465111111111,4.918731944444445,0.0,30.0,42.8,7.0,34.7,44.9,20.4,WoSIS
Rhine-Meuse,52.56465111111111,4.918731944444445,30.0,65.0,12.8,7.8,40.9,50.4,8.7,WoSIS
Rhine-Meuse,52.56465111111111,4.918731944444445,65.0,120.0,7.9,7.9,34.0,46.3,19.7,WoSIS
Limpopo,-24.988889,33.550278,0.0,22.0,4.6,6.1,6.5,1.5,92.0,WoSIS
Limpopo,-24.988889,33.550278,22.0,50.0,2.9,5.2,7.0,1.8,91.2,WoSIS
Limpopo,-24.988889,33.550278,50.0,102.0,1.2,5.5,7.2,0.6,92.2,WoSIS
Limpopo,-24.980556,33.579167,0.0,10.0,38.3,5.6,60.0,22.0,18.0,WoSIS
Limpopo,-24.980556,33.579167,10.0,45.0,15.1,6.6,79.0,18.0,3.0,WoSIS
Limpopo,-24.980556,33.579167,45.0,75.0,10.4,7.7,85.0,14.0,1.0,WoSIS
Limpopo,-24.980556,33.579167,75.0,150.0,5.8,7.5,87.0,12.0,1.0,WoSIS
Danube,45.58,29.329722222222223,0.0,27.0,16.8,7.0,32.0,62.0,6.0,WoSIS
Danube,45.58,29.329722222222223,27.0,40.0,13.3,7.2,33.0,60.0,7.0,WoSIS
Danube,45.58,29.329722222222223,40.0,57.0,7.5,7.4,31.0,58.0,11.0,WoSIS
Danube,45.58,29.329722222222223,57.0,110.0,3.0,7.5,33.0,63.0,4.0,WoSIS
Chao Phraya,13.75,100.46861111111112,0.0,34.0,6.3,6.3,67.0,30.0,3.0,WoSIS
Chao Phraya,13.75,100.46861111111112,34.0,64.0,7.0,5.0,65.0,33.0,2.0,WoSIS
Chao Phraya,13.75,100.46861111111112,64.0,80.0,6.7,5.2,70.0,28.0,2.0,WoSIS
Chao Phraya,13.75,100.46861111111112,80.0,170.0,3.4,6.7,72.0,26.0,2.0,WoSIS
Chao Phraya,13.507222222222222,100.83333333333331,0.0,10.0,34.1,5.0,63.0,35.0,2.0,WoSIS
Chao Phraya,13.507222222222222,100.83333333333331,10.0,30.0,38.5,5.4,67.0,31.0,2.0,WoSIS
Chao Phraya,13.507222222222222,100.83333333333331,30.0,50.0,31.3,5.2,46.0,52.0,2.0,WoSIS
Chao Phraya,13.507222222222222,100.83333333333331,50.0,150.0,31.0,6.5,59.0,39.0,2.0,WoSIS
Limpopo,-24.85361,33.59583,0.0,15.0,16.0,7.0,38.0,20.0,42.0,WoSIS
Limpopo,-24.85361,33.59583,15.0,45.0,12.0,7.4,38.0,20.0,42.0,WoSIS
Limpopo,-24.85361,33.59583,45.0,90.0,12.0,7.6,38.0,21.0,41.0,WoSIS
Limpopo,-24.85361,33.59583,90.0,125.0,7.0,7.7,41.0,22.0,37.0,WoSIS
Danube,45.58,29.329722222222223,0.0,27.0,17.0,7.0,32.0,62.0,6.0,WoSIS
Danube,45.58,29.329722222222223,27.0,40.0,13.0,7.2,33.0,60.0,7.0,WoSIS
Danube,45.58,29.329722222222223,40.0,57.0,8.0,7.4,31.0,58.0,11.0,WoSIS
Sacramento,38.2191657999999,-121.9538879,0.0,10.0,22.5,5.8,14.9,53.3,31.8,WoSIS
Sacramento,38.2191657999999,-121.9538879,10.0,23.0,9.0,6.05,15.9,52.7,31.4,WoSIS
Sacramento,38.2191657999999,-121.9538879,23.0,53.0,3.9,7.2,30.7,43.3,26.0,WoSIS
Sacramento,38.2191657999999,-121.9538879,53.0,81.0,1.4,8.6,31.0,32.6,36.4,WoSIS
Sacramento,38.2191657999999,-121.9538879,81.0,122.0,0.7,9.25,32.2,44.1,23.7,WoSIS
Sacramento,38.3485068999999,-121.6993713,0.0,40.0,6.3,8.166667,59.5,33.9,6.6,WoSIS
Sacramento,38.3485068999999,-121.6993713,40.0,58.0,4.7,8.2,56.9,36.1,7.0,WoSIS
Sacramento,38.3485068999999,-121.6993713,58.0,98.0,3.9,8.233334,56.3,36.4,7.3,WoSIS
Sacramento,38.3485068999999,-121.6993713,98.0,115.0,1.5,8.5,37.8,39.5,22.7,WoSIS
Sacramento,38.3485068999999,-121.6993713,0.0,25.0,10.1,7.766667,58.9,34.7,6.4,WoSIS
Sacramento,38.3485068999999,-121.6993713,25.0,45.0,7.4,8.166667,58.4,35.6,6.0,WoSIS
Mississippi,29.9815273,-91.7201919999999,0.0,17.0,16.0,7.0,54.1,36.0,9.9,WoSIS
Mississippi,29.9815273,-91.7201919999999,17.0,37.0,11.1,7.6,60.0,33.7,6.3,WoSIS
Mississippi,29.9815273,-91.7201919999999,37.0,54.0,6.9,7.5,71.8,24.7,3.5,WoSIS
Mississippi,29.9815273,-91.7201919999999,54.0,76.0,5.3,7.4,70.6,23.8,5.6,WoSIS
Mississippi,29.9815273,-91.7201919999999,76.0,100.0,4.1,7.2,61.9,31.8,6.3,WoSIS
Limpopo,-25.191667,33.441667,0.0,27.0,5.8,6.2,6.2,1.5,92.3,WoSIS
Limpopo,-25.191667,33.441667,27.0,52.0,1.7,6.6,5.8,2.1,92.1,WoSIS
Limpopo,-25.191667,33.441667,52.0,76.0,2.3,6.8,8.2,2.8,89.0,WoSIS
Limpopo,-25.191667,33.441667,76.0,99.0,0.6,6.8,10.8,4.2,85.0,WoSIS
Limpopo,-25.191667,33.441667,99.0,146.0,0.6,5.2,13.8,2.3,83.9,WoSIS
Limpopo,-25.0675,33.486389,0.0,10.0,155.5,4.5,33.1,22.4,44.5,WoSIS
Limpopo,-25.0675,33.486389,10.0,25.0,33.5,4.4,48.2,23.2,28.6,WoSIS
Limpopo,-25.0675,33.486389,25.0,45.0,19.1,4.3,82.8,14.6,2.6,WoSIS
Limpopo,-25.0675,33.486389,45.0,63.0,14.5,4.8,78.7,17.2,4.1,WoSIS
Limpopo,-25.0675,33.486389,63.0,90.0,4.6,4.8,38.2,20.6,41.2,WoSIS
Limpopo,-24.901667,33.689444,0.0,20.0,343.4,5.6,3.0,15.0,82.0,WoSIS
Limpopo,-24.901667,33.689444,20.0,50.0,276.1,5.1,13.0,14.0,73.0,WoSIS
Limpopo,-24.901667,33.689444,50.0,80.0,266.2,5.4,18.0,19.0,63.0,WoSIS
Limpopo,-24.901667,33.689444,80.0,100.0,199.5,5.7,41.0,23.0,36.0,WoSIS
Senegal,15.624722,-16.213611,0.0,8.0,2.3,7.8,6.0,4.0,91.0,WoSIS
Senegal,15.624722,-16.213611,8.0,42.0,2.9,7.2,10.0,4.0,86.0,WoSIS
Senegal,15.624722,-16.213611,42.0,93.0,0.6,7.3,9.0,3.0,89.0,WoSIS
Senegal,15.624722,-16.213611,93.0,120.0,0.5,7.7,8.0,5.0,87.0,WoSIS
Chao Phraya,13.764444444444443,100.20277777777778,0.0,10.0,13.7,5.7,52.0,46.0,2.0,WoSIS
Chao Phraya,13.764444444444443,100.20277777777778,10.0,28.0,9.9,6.7,54.0,43.0,2.0,WoSIS
Chao Phraya,13.764444444444443,100.20277777777778,28.0,46.0,8.3,7.2,58.0,41.0,2.0,WoSIS
Chao Phraya,13.764444444444443,100.20277777777778,46.0,74.0,7.5,7.1,60.0,38.0,2.0,WoSIS
Chao Phraya,13.764444444444443,100.20277777777778,74.0,116.0,3.9,7.0,52.0,43.0,5.0,WoSIS
Rhine-Meuse,52.87166666666667,4.787222222222223,0.0,25.0,7.0,7.3,2.0,4.0,94.0,WoSIS
Rhine-Meuse,52.87166666666667,4.787222222222223,25.0,43.0,9.1,7.2,2.0,4.0,94.0,WoSIS
Chao Phraya,13.34027777777778,99.88694444444444,0.0,12.0,2.3,6.8,66.0,30.0,4.0,WoSIS
Chao Phraya,13.34027777777778,99.88694444444444,12.0,25.0,4.3,7.6,62.0,36.0,2.0,WoSIS
Chao Phraya,13.34027777777778,99.88694444444444,25.0,84.0,7.8,7.9,44.0,52.0,4.0,WoSIS
Chao Phraya,13.34027777777778,99.88694444444444,84.0,115.0,16.0,7.7,43.0,54.0,2.0,WoSIS
Parana-Plata,-33.75,-58.166666666666664,0.0,15.0,25.7,7.2,20.0,18.0,62.0,WoSIS
Parana-Plata,-33.75,-58.166666666666664,15.0,26.0,20.6,7.0,24.0,18.0,58.0,WoSIS
Parana-Plata,-33.75,-58.166666666666664,26.0,36.0,18.6,7.0,31.0,16.0,53.0,WoSIS
Parana-Plata,-33.75,-58.166666666666664,36.0,57.0,13.4,7.1,40.0,12.0,48.0,WoSIS
Parana-Plata,-33.75,-58.166666666666664,57.0,67.0,6.7,7.2,34.0,15.0,51.0,WoSIS
Parana-Plata,-33.75,-58.166666666666664,67.0,85.0,4.5,8.0,22.0,22.0,56.0,WoSIS
Chao Phraya,13.925555555555556,100.62972222222224,0.0,10.0,11.8,4.5,28.0,52.0,20.0,WoSIS
Chao Phraya,13.925555555555556,100.62972222222224,10.0,18.0,11.0,4.6,26.0,55.0,19.0,WoSIS
Chao Phraya,13.925555555555556,100.62972222222224,18.0,27.0,3.0,4.6,28.0,48.0,24.0,WoSIS
Chao Phraya,13.925555555555556,100.62972222222224,27.0,71.0,1.8,4.6,18.0,46.0,36.0,WoSIS
Chao Phraya,13.925555555555556,100.62972222222224,71.0,90.0,1.0,4.3,19.0,36.0,45.0,WoSIS
Chao Phraya,13.925555555555556,100.62972222222224,90.0,170.0,1.6,4.1,62.0,33.0,5.0,WoSIS
Chao Phraya,13.536111111111111,100.24055555555556,0.0,40.0,22.6,6.8,42.0,52.0,6.0,WoSIS
Chao Phraya,13.536111111111111,100.24055555555556,40.0,50.0,25.2,7.0,42.0,52.0,5.0,WoSIS
Chao Phraya,13.536111111111111,100.24055555555556,50.0,100.0,29.3,6.3,38.0,54.0,8.0,WoSIS
Chao Phraya,14.026388888888889,100.73138888888889,0.0,7.0,30.7,4.1,64.0,35.0,1.0,WoSIS
Chao Phraya,14.026388888888889,100.73138888888889,7.0,22.0,23.6,3.9,64.0,34.0,1.0,WoSIS
Chao Phraya,14.026388888888889,100.73138888888889,22.0,40.0,6.3,3.6,63.0,36.0,2.0,WoSIS
Chao Phraya,14.026388888888889,100.73138888888889,40.0,90.0,3.3,3.4,63.0,32.0,5.0,WoSIS
Chao Phraya,14.026388888888889,100.73138888888889,90.0,135.0,10.1,3.4,64.0,34.0,1.0,WoSIS
Mississippi,30.3775005,-91.0916672,0.0,13.0,9.1,5.1,8.9,87.4,3.7,WoSIS
Mississippi,30.3775005,-91.0916672,13.0,41.0,2.9,5.0,16.3,81.7,2.0,WoSIS
Mississippi,30.3775005,-91.0916672,41.0,79.0,1.1,4.7,27.9,69.7,2.4,WoSIS
Mississippi,30.3775005,-91.0916672,79.0,104.0,0.6,5.2,23.6,72.9,3.5,WoSIS
Mississippi,30.3755549999999,-91.0466689999999,0.0,13.0,12.3,6.5,10.6,86.3,3.1,WoSIS
Mississippi,30.3755549999999,-91.0466689999999,13.0,23.0,3.6,6.4,12.7,84.3,3.0,WoSIS
Mississippi,30.3755549999999,-91.0466689999999,23.0,28.0,2.4,5.3,18.3,79.5,2.2,WoSIS
Mississippi,30.3755549999999,-91.0466689999999,28.0,56.0,2.1,4.8,25.9,72.5,1.6,WoSIS
Mississippi,30.3755549999999,-91.0466689999999,56.0,83.0,1.3,5.0,21.6,76.6,1.8,WoSIS
Mississippi,30.3755549999999,-91.0466689999999,83.0,105.0,1.0,4.7,19.8,77.8,2.4,WoSIS
Sacramento,37.6880568999999,-122.0138855,0.0,15.0,17.7,6.25,26.4,67.4,6.2,WoSIS
Sacramento,37.6880568999999,-122.0138855,15.0,33.0,7.9,6.3,32.3,62.2,5.5,WoSIS
Sacramento,37.6880568999999,-122.0138855,33.0,51.0,6.2,6.45,33.0,61.0,6.0,WoSIS
Mississippi,30.2416668,-90.4072189,51.0,76.0,365.0,5.8,76.1,21.4,2.5,WoSIS
Mississippi,30.2416668,-90.4072189,20.0,51.0,309.0,5.9,72.1,19.2,8.7,WoSIS
Sacramento,38.5332259999999,-121.7843781,5.0,20.0,13.4,7.2,24.5,56.1,19.4,WoSIS
Sacramento,38.5332259999999,-121.7843781,66.0,84.0,8.5,7.45,22.7,57.4,19.9,WoSIS
Sacramento,38.2566680999999,-122.3713913,0.0,7.0,22.3,5.9,20.9,39.3,39.8,WoSIS
Sacramento,38.2566680999999,-122.3713913,7.0,26.0,16.2,5.1,20.7,39.7,39.6,WoSIS
Sacramento,38.2566680999999,-122.3713913,26.0,47.0,12.9,5.5,21.7,37.4,40.9,WoSIS
Sacramento,38.2566680999999,-122.3713913,47.0,74.0,16.3,5.5,28.1,46.0,25.9,WoSIS
Sacramento,38.2566680999999,-122.3713913,74.0,106.0,10.9,5.5,25.2,43.6,31.2,WoSIS
Sacramento,38.2212829589843,-122.356056213378,0.0,15.0,15.1,5.9,23.8,53.7,22.5,WoSIS
Sacramento,38.2212829589843,-122.356056213378,15.0,38.0,9.2,6.0,27.0,52.3,20.7,WoSIS
Sacramento,38.2212829589843,-122.356056213378,38.0,84.0,7.0,5.8,53.4,30.8,15.8,WoSIS
Sacramento,38.2212829589843,-122.356056213378,84.0,152.0,2.1,5.6,22.4,40.1,37.5,WoSIS
Mississippi,30.3786105999999,-91.0116653,0.0,14.0,14.9,6.0,15.9,81.6,2.5,WoSIS
Mississippi,30.3786105999999,-91.0116653,14.0,28.0,9.1,6.6,16.1,81.6,2.3,WoSIS
Mississippi,30.3786105999999,-91.0116653,28.0,46.0,8.9,7.0,24.3,70.7,5.0,WoSIS
Mississippi,30.3786105999999,-91.0116653,46.0,60.0,4.9,7.5,29.8,66.8,3.4,WoSIS
Mississippi,30.3786105999999,-91.0116653,60.0,81.0,2.9,8.0,29.5,68.1,2.4,WoSIS
Mississippi,30.3786105999999,-91.0116653,81.0,107.0,2.1,7.3,27.8,69.8,2.4,WoSIS
Sacramento,38.1118506999999,-121.4354553,3.0,18.0,11.6,6.6,12.8,20.8,66.4,WoSIS
Limpopo,-25.090833,33.351667,0.0,11.0,5.8,6.3,1.5,2.8,95.7,WoSIS
Limpopo,-25.090833,33.351667,11.0,30.0,3.5,4.8,2.0,2.5,95.5,WoSIS
Limpopo,-25.090833,33.351667,30.0,64.0,2.3,4.7,1.5,2.5,96.0,WoSIS
Limpopo,-25.090833,33.351667,64.0,111.0,1.7,4.9,3.3,1.3,95.4,WoSIS
Niger,5.063611,5.920278,0.0,10.0,64.8,5.0,67.8,31.5,0.8,WoSIS
Niger,5.063611,5.920278,10.0,25.0,14.5,5.2,66.1,32.6,1.2,WoSIS
Niger,5.063611,5.920278,25.0,45.0,7.6,5.4,75.4,23.6,0.9,WoSIS
Niger,5.063611,5.920278,45.0,75.0,5.2,5.8,55.7,42.1,2.1,WoSIS
Niger,5.063611,5.920278,75.0,130.0,4.0,5.9,54.5,43.9,1.6,WoSIS
Senegal,15.51447,-16.28253,5.0,20.0,2.8,7.9,7.0,10.0,83.0,WoSIS
Senegal,15.51447,-16.28253,25.0,54.0,3.2,7.8,11.0,8.0,82.0,WoSIS
Rhine-Meuse,52.32611111111111,4.941388888888889,0.0,8.0,17.1,3.3,2.0,4.0,94.0,WoSIS
Rhine-Meuse,52.32611111111111,4.941388888888889,8.0,16.0,65.9,3.6,2.0,4.0,94.0,WoSIS
Rhine-Meuse,52.32611111111111,4.941388888888889,16.0,25.0,5.0,4.1,3.0,3.0,94.0,WoSIS
Chao Phraya,13.733333333333333,100.33333333333331,0.0,10.0,12.2,5.5,70.0,26.0,4.0,WoSIS
Chao Phraya,13.733333333333333,100.33333333333331,10.0,22.0,5.0,6.4,71.0,27.0,2.0,WoSIS
Chao Phraya,13.47222222222222,101.06583333333332,0.0,10.0,8.3,4.9,27.0,64.0,9.0,WoSIS
Chao Phraya,13.47222222222222,101.06583333333332,10.0,20.0,5.5,6.3,33.0,59.0,8.0,WoSIS
Chao Phraya,13.47222222222222,101.06583333333332,20.0,40.0,0.7,7.0,26.0,69.0,5.0,WoSIS
Chao Phraya,13.47222222222222,101.06583333333332,40.0,70.0,0.5,7.0,24.0,50.0,26.0,WoSIS
Chao Phraya,13.47222222222222,101.06583333333332,70.0,140.0,0.4,7.8,21.0,51.0,28.0,WoSIS
Sacramento,37.7463874999999,-121.691665599999,0.0,18.0,12.3,6.5,50.7,34.2,15.1,WoSIS
Sacramento,37.7463874999999,-121.691665599999,18.0,48.0,7.9,6.8,50.4,35.4,14.2,WoSIS
Sacramento,37.7463874999999,-121.691665599999,48.0,71.0,6.3,7.8,49.4,36.6,14.0,WoSIS
Sacramento,37.7463874999999,-121.691665599999,71.0,94.0,5.0,7.8,47.6,39.4,13.0,WoSIS
Sacramento,37.7463874999999,-121.691665599999,94.0,127.0,3.4,8.0,46.8,41.8,11.4,WoSIS
Sacramento,38.2826766967773,-121.534645080566,5.0,48.0,51.0,5.9,54.7,38.4,6.9,WoSIS
Sacramento,38.2826766967773,-121.534645080566,48.0,69.0,56.9,7.5,51.5,43.7,4.8,WoSIS
Sacramento,38.2826766967773,-121.534645080566,79.0,91.0,76.1,6.3,52.3,42.6,5.1,WoSIS
Sacramento,38.2826766967773,-121.534645080566,91.0,104.0,145.3,5.6,49.8,38.4,11.8,WoSIS
Sacramento,38.1657333374023,-121.66047668457,41.0,66.0,6.1,7.5,23.4,62.5,14.1,WoSIS
Sacramento,38.1657333374023,-121.66047668457,66.0,84.0,128.0,5.9,40.2,50.1,9.7,WoSIS
Sacramento,38.1657333374023,-121.66047668457,84.0,135.0,156.0,5.1,36.5,45.3,18.2,WoSIS
Sacramento,38.0147209,-121.212776199999,0.0,10.0,14.5,7.35,30.1,53.2,16.7,WoSIS
Sacramento,38.0147209,-121.212776199999,10.0,35.0,14.0,6.8,28.9,54.4,16.7,WoSIS
Sacramento,38.0147209,-121.212776199999,35.0,61.0,8.2,7.15,31.9,52.0,16.1,WoSIS
Sacramento,38.0147209,-121.212776199999,61.0,76.0,4.3,7.55,30.9,52.6,16.5,WoSIS
Sacramento,38.0147209,-121.212776199999,76.0,81.0,4.2,8.05,25.7,48.1,26.2,WoSIS
Mackenzie,68.71666666666667,-134.05,0.0,5.0,28.6,4.7,52.0,41.0,7.0,WoSIS
Mackenzie,68.71666666666667,-134.05,5.0,9.0,28.0,4.7,55.0,39.0,6.0,WoSIS
Mackenzie,68.71666666666667,-134.05,9.0,23.0,24.5,5.3,47.0,45.0,8.0,WoSIS
Mackenzie,68.71666666666667,-134.05,23.0,28.0,180.9,5.2,57.0,37.0,5.0,WoSIS
Mackenzie,68.41666666666667,-133.86666666666667,10.0,45.0,13.0,7.7,14.0,77.0,9.0,WoSIS
Mackenzie,68.41666666666667,-133.86666666666667,45.0,115.0,10.7,7.6,18.0,66.0,16.0,WoSIS
Rhine-Meuse,52.242761944444446,4.525038055555555,0.0,20.0,9.8,7.2,1.3,3.4,95.3,WoSIS
Rhine-Meuse,52.242761944444446,4.525038055555555,0.0,55.0,9.6,7.2,1.6,2.7,95.7,WoSIS
Limpopo,-25.215556,33.374444,0.0,10.0,0.6,5.7,2.2,1.5,96.3,WoSIS
Limpopo,-25.215556,33.374444,10.0,71.0,0.6,5.2,2.0,0.5,97.5,WoSIS
Limpopo,-24.876944,33.536667,0.0,8.0,12.1,6.0,28.2,19.0,52.8,WoSIS
Limpopo,-24.876944,33.536667,8.0,45.0,11.6,6.6,40.0,15.7,44.3,WoSIS
Limpopo,-24.876944,33.536667,45.0,65.0,5.8,8.0,40.0,16.2,43.8,WoSIS
Limpopo,-24.876944,33.536667,65.0,100.0,2.9,8.7,43.4,11.5,45.1,WoSIS
Limpopo,-25.149,33.501,0.0,13.0,24.4,7.3,65.0,26.0,10.0,WoSIS
Limpopo,-25.149,33.501,13.0,38.0,26.1,7.4,67.0,26.0,7.0,WoSIS
Limpopo,-25.149,33.501,50.0,120.0,2.8,7.4,62.0,27.0,11.0,WoSIS
Pearl,22.3581485748291,113.55696105957033,0.0,12.0,12.7,4.6,24.0,19.0,57.0,WoSIS
Pearl,22.3581485748291,113.55696105957033,12.0,53.0,3.8,5.1,43.0,21.0,36.0,WoSIS
Pearl,22.3581485748291,113.55696105957033,53.0,85.0,2.3,5.3,37.0,21.0,42.0,WoSIS
Danube,45.25,29.329722222222223,0.0,24.0,176.0,6.5,64.0,32.0,4.0,WoSIS
Danube,45.25,29.329722222222223,24.0,35.0,35.0,6.5,48.0,46.0,6.0,WoSIS
Danube,45.25,29.329722222222223,35.0,56.0,9.0,7.6,25.0,60.0,15.0,WoSIS
Danube,45.25,29.329722222222223,56.0,96.0,9.0,7.8,24.0,61.0,15.0,WoSIS
Danube,45.25,29.329722222222223,96.0,113.0,6.0,7.9,20.0,60.0,20.0,WoSIS
Chao Phraya,13.75,100.08333333333331,0.0,6.0,18.5,5.2,58.0,24.0,18.0,WoSIS
Chao Phraya,13.75,100.08333333333331,6.0,16.0,8.3,5.6,61.0,25.0,14.0,WoSIS
Chao Phraya,14.0,100.83333333333331,0.0,17.0,17.0,4.4,57.0,39.0,4.0,WoSIS
Chao Phraya,14.0,100.83333333333331,17.0,26.0,12.4,4.2,76.0,20.0,4.0,WoSIS
Chao Phraya,13.733611111111111,100.24916666666668,0.0,15.0,7.7,4.7,51.0,45.0,4.0,WoSIS
Chao Phraya,13.733611111111111,100.24916666666668,15.0,36.0,5.1,4.4,42.0,52.0,5.0,WoSIS
Chao Phraya,13.733611111111111,100.24916666666668,36.0,68.0,3.2,4.2,50.0,42.0,8.0,WoSIS
Chao Phraya,13.733611111111111,100.24916666666668,68.0,88.0,4.1,4.3,60.0,30.0,10.0,WoSIS
Chao Phraya,13.733611111111111,100.24916666666668,88.0,126.0,4.3,4.2,55.0,32.0,14.0,WoSIS
Chao Phraya,13.631944444444445,101.06944444444444,0.0,22.0,11.0,4.7,64.0,36.0,1.0,WoSIS
Chao Phraya,13.631944444444445,101.06944444444444,22.0,42.0,3.3,4.6,70.0,28.0,1.0,WoSIS
Chao Phraya,13.631944444444445,101.06944444444444,42.0,70.0,2.0,4.8,57.0,40.0,3.0,WoSIS
Chao Phraya,13.631944444444445,101.06944444444444,70.0,125.0,1.8,5.3,48.0,45.0,6.0,WoSIS
Sacramento,37.8711127999999,-121.6080551,0.0,13.0,3.7,8.35,41.4,52.7,5.9,WoSIS
Sacramento,37.8711127999999,-121.6080551,13.0,33.0,8.2,7.95,34.6,46.4,19.0,WoSIS
Sacramento,37.8711127999999,-121.6080551,33.0,51.0,5.0,8.1,30.5,47.7,21.8,WoSIS
Sacramento,37.8711127999999,-121.6080551,51.0,71.0,3.9,8.5,27.6,47.6,24.8,WoSIS
Sacramento,37.8711127999999,-121.6080551,71.0,112.0,3.9,8.65,31.1,50.4,18.5,WoSIS
Mississippi,29.6380558,-90.6305542,61.0,79.0,143.0,5.1,95.1,4.7,0.2,WoSIS
Mississippi,29.6380558,-90.6305542,79.0,114.0,45.9,5.8,94.3,5.6,0.1,WoSIS
Mississippi,29.6880549999999,-90.6286087,0.0,10.0,163.0,3.8,90.8,8.5,0.7,WoSIS
Mississippi,29.6880549999999,-90.6286087,10.0,30.0,24.9,4.4,94.2,5.3,0.5,WoSIS
Mississippi,29.6880549999999,-90.6286087,30.0,51.0,17.5,5.5,89.0,10.7,0.3,WoSIS
Mississippi,29.6880549999999,-90.6286087,51.0,76.0,59.3,5.2,81.7,18.0,0.3,WoSIS
Mississippi,29.6880549999999,-90.6286087,76.0,109.0,11.6,7.3,37.4,56.4,6.2,WoSIS
Mississippi,29.8202782,-91.6663894999999,0.0,10.0,16.5,6.2,26.6,60.7,12.7,WoSIS
Mississippi,29.8202782,-91.6663894999999,10.0,25.0,16.6,6.4,29.0,62.0,9.0,WoSIS
Mississippi,29.8202782,-91.6663894999999,25.0,56.0,10.6,7.6,40.8,49.3,9.9,WoSIS
Mississippi,29.8202782,-91.6663894999999,56.0,71.0,6.9,7.9,39.8,47.3,12.9,WoSIS
Mississippi,29.8202782,-91.6663894999999,71.0,112.0,2.9,7.6,33.0,56.9,10.1,WoSIS
Sacramento,38.5373917,-121.7718811,0.0,12.0,14.1,7.05,26.6,61.2,12.2,WoSIS
Sacramento,38.5373917,-121.7718811,12.0,55.0,10.4,7.25,27.0,61.0,12.0,WoSIS
Sacramento,38.5373917,-121.7718811,55.0,70.0,8.0,7.4,22.6,63.9,13.5,WoSIS
Sacramento,38.5373917,-121.7718811,70.0,85.0,6.6,7.5,20.0,64.9,15.1,WoSIS
Sacramento,38.5373917,-121.7718811,85.0,115.0,5.8,7.9,18.6,53.9,27.5,WoSIS
Sacramento,38.1222228999999,-121.4858322,0.0,5.0,132.5,5.2,29.3,45.8,24.9,WoSIS
Sacramento,38.1222228999999,-121.4858322,5.0,25.0,125.7,5.3,27.6,47.9,24.5,WoSIS
Sacramento,38.1222228999999,-121.4858322,25.0,58.0,196.5,5.4,32.3,51.1,16.5,WoSIS
Sacramento,38.1222228999999,-121.4858322,58.0,94.0,280.1,5.5,34.7,54.3,11.0,WoSIS
Sacramento,38.1222228999999,-121.4858322,94.0,122.0,219.2,5.3,35.6,52.3,12.1,WoSIS
Limpopo,-24.81389,33.5,0.0,20.0,16.8,6.8,45.0,46.0,8.0,WoSIS
Limpopo,-24.81389,33.5,20.0,43.0,8.7,7.0,50.0,42.0,8.0,WoSIS
Limpopo,-24.81389,33.5,43.0,90.0,13.9,7.5,62.0,34.0,5.0,WoSIS
Senegal,15.55744,-16.27855,6.0,28.0,1.8,6.3,6.0,5.0,88.0,WoSIS
Chao Phraya,13.5,100.9575,0.0,19.0,15.1,3.2,64.0,32.0,4.0,WoSIS
Chao Phraya,13.5,100.9575,19.0,46.0,14.0,3.6,64.0,28.0,8.0,WoSIS
Chao Phraya,13.5,100.9575,46.0,90.0,10.6,3.5,81.0,15.0,4.0,WoSIS
Chao Phraya,13.5,100.9575,90.0,120.0,9.1,3.5,81.0,13.0,6.0,WoSIS
Chao Phraya,13.766666666666667,100.56666666666666,0.0,10.0,13.3,5.0,66.0,27.0,7.0,WoSIS
Chao Phraya,13.766666666666667,100.56666666666666,10.0,28.0,9.3,5.1,66.0,27.0,7.0,WoSIS
Mississippi,30.4611111,-91.038887,0.0,10.0,15.0,5.7,7.5,85.9,6.6,WoSIS
Mississippi,30.4611111,-91.038887,10.0,15.0,7.0,6.8,11.4,82.7,5.9,WoSIS
Mississippi,30.4611111,-91.038887,15.0,28.0,7.1,7.5,31.0,66.1,2.9,WoSIS
Mississippi,30.4611111,-91.038887,25.0,48.0,2.8,8.2,32.7,65.6,1.7,WoSIS
Mississippi,30.4611111,-91.038887,48.0,89.0,1.0,8.1,26.7,71.6,1.7,WoSIS
Mississippi,30.4611111,-91.038887,89.0,122.0,0.5,8.0,24.0,74.0,2.0,WoSIS
Sacramento,37.6624984999999,-121.6966629,0.0,23.0,20.2,6.45,13.1,29.0,57.9,WoSIS
Sacramento,37.6624984999999,-121.6966629,23.0,53.0,9.6,6.9,14.2,29.9,55.9,WoSIS
Sacramento,37.6624984999999,-121.6966629,53.0,81.0,4.5,7.2,16.9,27.2,55.9,WoSIS
Sacramento,37.6624984999999,-121.6966629,81.0,122.0,2.3,7.5,19.9,26.3,53.8,WoSIS
Sacramento,37.6255568999999,-121.7852783,0.0,20.0,11.5,6.4,13.9,43.4,42.7,WoSIS
Sacramento,37.6255568999999,-121.7852783,20.0,28.0,5.0,6.3,16.7,44.3,39.0,WoSIS
Sacramento,37.6255568999999,-121.7852783,28.0,46.0,5.6,6.35,49.9,27.7,22.4,WoSIS
Sacramento,37.6255568999999,-121.7852783,46.0,61.0,3.7,7.05,42.0,29.5,28.5,WoSIS
Sacramento,37.6255568999999,-121.7852783,61.0,89.0,0.8,8.0,21.0,33.9,45.1,WoSIS
Sacramento,37.6255568999999,-121.7852783,89.0,127.0,0.3,8.4,27.5,23.1,49.4,WoSIS
Mississippi,30.2666666999999,-91.0875,0.0,14.0,19.4,6.7,13.8,65.8,20.4,WoSIS
Mississippi,30.2666666999999,-91.0875,14.0,28.0,10.1,7.1,14.4,66.3,19.3,WoSIS
Mississippi,30.2666666999999,-91.0875,28.0,51.0,5.3,7.65,23.5,64.9,11.6,WoSIS
Mississippi,30.2666666999999,-91.0875,51.0,78.0,3.0,7.55,15.9,66.5,17.6,WoSIS
Mississippi,30.2666666999999,-91.0875,78.0,116.0,3.3,7.7,20.1,69.7,10.2,WoSIS
Amazon,-0.1167,-51.3,0.0,15.0,9.8,4.1,20.0,22.0,58.0,WoSIS
Amazon,-0.1167,-51.3,15.0,30.0,6.5,4.4,22.0,24.0,54.0,WoSIS
Amazon,-0.1167,-51.3,90.0,130.0,2.6,4.7,46.0,20.0,34.0,WoSIS
Amazon,-0.1167,-51.3,30.0,90.0,5.0,4.4,36.0,20.0,44.0,WoSIS
Parana-Plata,-34.3423615,-57.8090285999999,0.0,20.0,24.3,5.5,29.1,59.7,11.2,WoSIS
Parana-Plata,-34.3423615,-57.8090285999999,20.0,45.0,11.0,6.4,45.5,47.2,7.3,WoSIS
Parana-Plata,-34.3423615,-57.8090285999999,45.0,64.0,6.3,7.0,44.2,49.0,6.8,WoSIS
Parana-Plata,-34.3423615,-57.8090285999999,64.0,87.0,2.8,7.3,40.3,53.2,6.5,WoSIS
Parana-Plata,-34.3423615,-57.8090285999999,87.0,118.0,1.2,7.1,39.5,54.2,6.3,WoSIS
Mackenzie,68.41666666666667,-133.86666666666667,2.0,13.0,17.9,7.9,17.0,81.0,2.0,WoSIS
Mackenzie,68.41666666666667,-133.86666666666667,13.0,73.0,11.3,7.9,15.0,80.0,5.0,WoSIS
Mackenzie,68.41666666666667,-133.86666666666667,73.0,112.0,16.2,7.8,19.0,73.0,8.0,WoSIS
Mackenzie,68.38333333333334,-133.73333333333332,10.0,20.0,20.0,4.3,48.0,49.0,3.0,WoSIS
Limpopo,-24.8425,33.470556,0.0,14.0,5.8,4.9,9.2,3.1,87.7,WoSIS
Limpopo,-24.8425,33.470556,14.0,28.0,3.5,5.8,9.5,2.8,87.7,WoSIS
Limpopo,-24.8425,33.470556,28.0,45.0,1.7,6.0,7.4,2.1,90.5,WoSIS
Limpopo,-24.8425,33.470556,45.0,67.0,2.9,5.9,21.6,1.3,77.1,WoSIS
Limpopo,-24.8425,33.470556,67.0,85.0,2.9,5.8,34.2,4.8,61.0,WoSIS
Limpopo,-24.8425,33.470556,85.0,130.0,1.2,6.2,20.4,3.4,76.2,WoSIS
Limpopo,-24.874444,33.521389,0.0,15.0,16.8,5.6,66.7,19.0,14.3,WoSIS
Limpopo,-24.874444,33.521389,15.0,43.0,11.6,6.5,73.6,19.6,6.8,WoSIS
Limpopo,-24.874444,33.521389,43.0,85.0,6.9,7.3,68.5,19.8,11.7,WoSIS
Limpopo,-24.874444,33.521389,85.0,105.0,6.4,7.5,69.4,20.4,10.2,WoSIS
Limpopo,-24.91,33.780833,0.0,11.0,4.6,5.4,1.0,8.2,90.8,WoSIS
Limpopo,-24.91,33.780833,11.0,29.0,3.5,5.6,1.0,10.4,88.6,WoSIS
Limpopo,-24.91,33.780833,29.0,72.0,1.7,5.5,1.7,9.5,88.8,WoSIS
Limpopo,-24.91,33.780833,72.0,120.0,0.6,5.8,1.5,9.4,89.1,WoSIS
Sacramento,38.166666666666664,-121.3,0.0,15.0,8.4,6.3,13.4,56.3,30.3,WoSIS
Sacramento,38.166666666666664,-121.3,15.0,25.0,5.7,5.75,13.1,56.0,30.9,WoSIS
Sacramento,38.166666666666664,-121.3,25.0,41.0,2.9,5.85,15.8,52.3,31.9,WoSIS
Sacramento,38.166666666666664,-121.3,41.0,53.0,2.1,6.05,37.8,33.8,28.4,WoSIS
Sacramento,38.166666666666664,-121.3,53.0,66.0,1.9,6.35,36.7,31.6,31.7,WoSIS
Sacramento,38.166666666666664,-121.3,66.0,74.0,0.6,7.5,11.3,42.4,46.3,WoSIS
Sacramento,38.166666666666664,-121.3,74.0,122.0,0.5,7.75,16.3,37.3,46.4,WoSIS
Chao Phraya,13.75,100.61666666666666,0.0,10.0,22.5,4.3,64.0,31.0,5.0,WoSIS
Chao Phraya,13.75,100.61666666666666,10.0,20.0,22.8,4.3,59.0,35.0,6.0,WoSIS
Chao Phraya,13.20111111111111,100.94388888888888,0.0,28.0,15.4,6.0,8.0,23.0,69.0,WoSIS
Chao Phraya,13.20111111111111,100.94388888888888,28.0,44.0,9.9,5.9,16.0,25.0,59.0,WoSIS
Chao Phraya,13.20111111111111,100.94388888888888,44.0,75.0,3.2,5.6,22.0,22.0,56.0,WoSIS
Chao Phraya,13.20111111111111,100.94388888888888,75.0,120.0,1.6,5.4,27.0,16.0,57.0,WoSIS
Sacramento,37.6569442999999,-121.7258301,0.0,10.0,7.2,6.55,9.4,29.1,61.5,WoSIS
Sacramento,37.6569442999999,-121.7258301,10.0,30.0,5.8,6.8,9.3,30.2,60.5,WoSIS
Sacramento,37.6569442999999,-121.7258301,30.0,53.0,5.0,6.85,12.0,28.7,59.3,WoSIS
Sacramento,37.6569442999999,-121.7258301,53.0,71.0,3.6,7.05,11.4,27.1,61.5,WoSIS
Sacramento,37.6569442999999,-121.7258301,71.0,86.0,2.3,7.25,13.5,16.4,70.1,WoSIS
Sacramento,37.6569442999999,-121.7258301,86.0,152.0,1.3,7.15,13.1,5.8,81.1,WoSIS
Mississippi,30.6332779,-89.1778336,0.0,13.0,7.5,4.7,3.3,29.6,67.1,WoSIS
Mississippi,30.6332779,-89.1778336,13.0,30.0,4.6,4.8,11.8,28.0,60.2,WoSIS
Mississippi,30.6332779,-89.1778336,30.0,66.0,2.7,4.9,23.9,28.3,47.8,WoSIS
Mississippi,30.6332779,-89.1778336,66.0,97.0,1.2,4.9,27.7,36.6,35.7,WoSIS
Mississippi,30.6332779,-89.1778336,97.0,122.0,1.0,4.8,35.1,46.1,18.8,WoSIS
Mississippi,30.2769450999999,-91.0897216999999,0.0,13.0,35.9,6.4,48.3,41.5,10.2,WoSIS
Mississippi,30.2769450999999,-91.0897216999999,13.0,30.0,13.0,6.6,54.3,43.3,2.4,WoSIS
Mississippi,30.2769450999999,-91.0897216999999,30.0,50.0,8.8,7.3,68.8,29.2,2.0,WoSIS
Mississippi,30.2769450999999,-91.0897216999999,50.0,85.0,6.6,7.5,63.6,33.8,2.6,WoSIS
Mississippi,30.2769450999999,-91.0897216999999,85.0,132.0,6.8,7.8,66.4,29.6,4.0,WoSIS
Amazon,2.0167,-50.8,0.0,10.0,9.0,4.9,10.0,53.0,37.0,WoSIS
Amazon,2.0167,-50.8,40.0,70.0,1.0,4.9,27.0,46.0,27.0,WoSIS
Amazon,2.0167,-50.8,10.0,25.0,3.8,4.9,11.0,49.0,40.0,WoSIS
Amazon,2.0167,-50.8,70.0,110.0,1.3,4.9,30.0,54.0,16.0,WoSIS
Amazon,2.0167,-50.8,25.0,40.0,2.3,4.8,17.0,52.0,31.0,WoSIS
Amazon,-1.6,-51.95,30.0,70.0,7.4,4.9,81.0,11.0,8.0,WoSIS
Amazon,-1.6,-51.95,0.0,10.0,16.2,4.2,67.0,23.0,10.0,WoSIS
Amazon,-1.6,-51.95,70.0,100.0,4.8,5.1,81.0,12.0,7.0,WoSIS
Amazon,-1.6,-51.95,10.0,30.0,13.4,4.5,73.0,18.0,9.0,WoSIS
Mississippi,30.1708056,-90.9853056,0.0,16.0,12.1,5.6,14.1,72.1,13.8,WoSIS
Mississippi,30.1708056,-90.9853056,16.0,34.0,6.5,6.2,17.7,70.7,11.6,WoSIS
Mississippi,30.1708056,-90.9853056,34.0,68.0,4.7,7.3,21.5,62.7,15.8,WoSIS
Mississippi,30.1708056,-90.9853056,68.0,91.0,3.6,7.8,19.9,65.6,14.5,WoSIS
Mississippi,30.1708056,-90.9853056,91.0,107.0,2.8,7.8,16.9,72.7,10.4,WoSIS
Rhine-Meuse,52.432175,4.61477,0.0,8.0,25.5,5.1,1.0,1.1,97.9,WoSIS
Rhine-Meuse,52.432175,4.61477,8.0,40.0,6.3,7.1,1.4,0.6,98.0,WoSIS
Rhine-Meuse,52.432175,4.61477,40.0,155.0,0.3,8.3,0.7,0.7,98.6,WoSIS
Limpopo,-24.875833,33.453611,0.0,16.0,110.4,5.8,23.2,28.5,48.3,WoSIS
Limpopo,-24.875833,33.453611,16.0,41.0,49.1,5.9,23.7,28.0,48.3,WoSIS
Limpopo,-24.875833,33.453611,41.0,77.0,20.8,5.7,27.3,6.9,65.8,WoSIS
Limpopo,-24.875833,33.453611,77.0,110.0,2.9,5.8,28.8,3.9,67.3,WoSIS
Limpopo,-25.086111,33.468611,0.0,30.0,320.8,4.3,4.0,17.1,78.9,WoSIS
Limpopo,-25.086111,33.468611,30.0,60.0,399.4,4.2,1.1,8.9,90.0,WoSIS
Limpopo,-25.086111,33.468611,60.0,100.0,435.8,4.3,0.2,8.9,90.9,WoSIS
Limpopo,-24.876389,33.518611,0.0,24.0,2.3,5.2,1.8,1.4,96.8,WoSIS
Limpopo,-24.876389,33.518611,24.0,80.0,2.3,4.5,2.8,2.2,95.0,WoSIS
Limpopo,-24.876389,33.518611,80.0,135.0,0.6,4.8,4.0,1.4,94.6,WoSIS
Limpopo,-25.115,33.631944,0.0,18.0,26.6,6.6,68.6,14.1,17.3,WoSIS
Limpopo,-25.115,33.631944,18.0,44.0,22.0,7.0,74.7,17.3,8.0,WoSIS
Limpopo,-25.115,33.631944,44.0,64.0,14.5,7.0,83.4,14.2,2.4,WoSIS
Limpopo,-25.115,33.631944,64.0,85.0,11.6,7.0,86.5,10.5,3.0,WoSIS
Limpopo,-25.115,33.631944,85.0,120.0,0.6,7.5,3.4,0.9,95.7,WoSIS
Limpopo,-25.073889,33.700556,0.0,26.0,38.7,6.2,3.4,9.0,87.6,WoSIS
Limpopo,-25.073889,33.700556,26.0,40.0,1.7,6.6,0.7,7.1,92.2,WoSIS
Senegal,16.39997,-16.00728,0.0,5.0,10.0,5.5,27.0,49.0,24.0,WoSIS
Senegal,16.39997,-16.00728,5.0,12.0,12.8,5.5,34.0,47.0,19.0,WoSIS
Senegal,16.39997,-16.00728,12.0,24.0,2.4,6.2,32.0,46.0,22.0,WoSIS
Senegal,16.39997,-16.00728,24.0,37.0,2.7,5.8,45.0,44.0,11.0,WoSIS
Senegal,16.39997,-16.00728,37.0,48.0,0.6,5.0,6.0,12.0,82.0,WoSIS
Senegal,16.39997,-16.00728,48.0,80.0,1.7,5.0,7.0,59.0,34.0,WoSIS
Yellow River,37.15499496459961,119.22425842285156,0.0,20.0,2.3,7.9,13.0,3.0,84.0,WoSIS
Yellow River,37.15499496459961,119.22425842285156,20.0,40.0,1.9,7.7,14.0,2.0,84.0,WoSIS
Yellow River,37.15499496459961,119.22425842285156,40.0,60.0,1.6,7.7,11.0,6.0,83.0,WoSIS
Yellow River,37.15499496459961,119.22425842285156,60.0,100.0,1.8,7.7,12.0,11.0,77.0,WoSIS
Rhine-Meuse,52.00861111111111,4.814166666666667,0.0,24.0,122.9,4.9,56.0,42.0,2.0,WoSIS
Rhine-Meuse,52.00861111111111,4.814166666666667,24.0,34.0,86.8,5.5,75.0,24.0,1.0,WoSIS
Sacramento,38.3591652,-121.8772202,0.0,13.0,10.9,7.4,53.7,42.0,4.3,WoSIS
Sacramento,38.3591652,-121.8772202,13.0,53.0,7.9,8.25,54.8,42.0,3.2,WoSIS
Sacramento,38.3591652,-121.8772202,53.0,81.0,5.2,8.75,50.7,45.5,3.8,WoSIS
Sacramento,38.3591652,-121.8772202,81.0,102.0,3.0,8.7,45.2,51.3,3.5,WoSIS
Mississippi,29.8199997,-91.5088882,0.0,18.0,9.1,5.8,17.8,69.2,13.0,WoSIS
Mississippi,29.8199997,-91.5088882,18.0,25.0,11.2,5.9,22.5,67.7,9.8,WoSIS
Mississippi,29.8199997,-91.5088882,25.0,30.0,11.6,6.2,36.0,59.3,4.7,WoSIS
Mississippi,29.8199997,-91.5088882,30.0,46.0,8.9,6.4,37.0,59.2,3.8,WoSIS
Mississippi,29.8199997,-91.5088882,46.0,81.0,3.0,6.8,35.7,59.5,4.8,WoSIS
Mississippi,29.8199997,-91.5088882,81.0,112.0,3.1,6.8,37.7,59.4,2.9,WoSIS
Amazon,-0.7167,-48.5167,0.0,18.0,13.7,5.5,39.0,56.0,5.0,WoSIS
Amazon,-0.7167,-48.5167,18.0,38.0,8.2,5.0,35.0,57.0,8.0,WoSIS
Amazon,-0.7167,-48.5167,80.0,106.0,4.4,5.3,51.0,47.0,2.0,WoSIS
Amazon,-0.7167,-48.5167,35.0,80.0,5.9,4.4,47.0,47.0,6.0,WoSIS
Sacramento,38.22017288208,-122.356887817382,0.0,15.0,13.2,5.7,16.1,46.6,37.3,WoSIS
Sacramento,38.22017288208,-122.356887817382,15.0,38.0,8.0,5.9,18.0,45.3,36.7,WoSIS
Sacramento,38.22017288208,-122.356887817382,38.0,124.0,3.5,5.9,45.3,37.3,17.4,WoSIS
Mississippi,30.2242777999999,-91.2653611,0.0,10.0,17.4,6.5,60.3,39.2,0.5,WoSIS
Mississippi,30.2242777999999,-91.2653611,10.0,26.0,12.9,6.8,61.4,38.1,0.5,WoSIS
Mississippi,30.2242777999999,-91.2653611,26.0,57.0,12.3,7.0,61.5,38.1,0.4,WoSIS
Mississippi,30.2242777999999,-91.2653611,57.0,78.0,5.0,7.4,54.1,45.3,0.6,WoSIS
Mississippi,30.2242777999999,-91.2653611,78.0,100.0,4.4,7.9,69.5,30.2,0.3,WoSIS
Limpopo,-25.161111,33.3625,0.0,8.0,5.2,5.7,3.1,3.7,93.2,WoSIS
Limpopo,-25.161111,33.3625,8.0,37.0,2.9,5.2,0.7,2.0,97.3,WoSIS
Limpopo,-25.161111,33.3625,37.0,78.0,2.3,5.2,1.3,3.3,95.4,WoSIS
Limpopo,-25.161111,33.3625,78.0,99.0,1.2,5.3,3.3,0.3,96.4,WoSIS
Limpopo,-25.161111,33.3625,99.0,160.0,0.6,5.4,3.7,1.5,94.8,WoSIS
Limpopo,-24.829722,33.464444,0.0,20.0,15.7,6.5,55.0,36.0,9.0,WoSIS
Limpopo,-24.829722,33.464444,20.0,90.0,12.2,6.6,59.0,33.0,9.0,WoSIS
Limpopo,-24.829722,33.464444,90.0,160.0,7.0,7.5,65.0,33.0,3.0,WoSIS
Rhine-Meuse,51.29162533669717,3.923573003078291,,,6.959999999999999,5.4,11.5,40.5,45.9,BIS_Nederland
Rhine-Meuse,51.56556739510386,4.029422774474277,,,5.8,7.2,34.0,44.0,22.3,BIS_Nederland
Rhine-Meuse,51.53516959928191,4.384052945593676,,,18.56,5.4,4.5,27.5,68.0,BIS_Nederland
Rhine-Meuse,51.35118974511131,4.2230037369877,,,17.979999999999997,7.6,35.8,56.0,7.5,BIS_Nederland
Rhine-Meuse,51.32918561046506,4.163584919096367,,,40.02,7.7,22.0,36.7,41.3,BIS_Nederland
Rhine-Meuse,51.35012615537915,4.040855437834107,,,11.6,7.3,32.7,47.8,19.5,BIS_Nederland
Rhine-Meuse,51.28844157390708,3.993782249983606,,,19.72,7.0,6.2,11.2,77.1,BIS_Nederland
Rhine-Meuse,51.29145101516194,3.924008716862285,,,5.8,6.0,12.1,41.5,45.0,BIS_Nederland
Rhine-Meuse,51.33304003243672,3.9284178412634976,,,11.6,7.4,22.4,41.9,36.0,BIS_Nederland
Rhine-Meuse,51.2621090960648,3.900014201742132,,,24.94,7.4,7.2,8.2,81.1,BIS_Nederland
Rhine-Meuse,51.27609448610016,3.93969265666237,,,34.8,7.8,7.0,8.3,49.4,BIS_Nederland
Rhine-Meuse,51.29571643544366,4.000730239470389,,,23.78,7.0,6.4,2.8,83.8,BIS_Nederland
Rhine-Meuse,51.29478359348504,3.997890751130732,,,16.240000000000002,7.0,4.2,5.7,81.1,BIS_Nederland
Rhine-Meuse,51.29027317502822,3.996593953054077,,,20.880000000000003,7.2,5.9,7.5,80.1,BIS_Nederland
Rhine-Meuse,51.2897743747102,3.7476374897029574,,,2.319999999999999,7.9,6.4,7.0,86.6,BIS_Nederland
Rhine-Meuse,51.29266294058277,3.748466005433251,,,2.9,7.7,15.0,23.9,61.1,BIS_Nederland
Rhine-Meuse,51.29188144542447,3.7504297013279855,,,5.220000000000001,7.9,7.8,19.1,73.1,BIS_Nederland
Rhine-Meuse,51.330935233487594,3.7370483378348665,,,17.4,7.5,15.4,24.7,41.3,BIS_Nederland
Rhine-Meuse,51.251848994680955,3.9132403195018073,,,9.86,6.8,28.0,54.0,18.0,BIS_Nederland
Rhine-Meuse,51.321752387605834,3.8960657954099833,,,12.76,7.0,32.0,32.0,36.5,BIS_Nederland
Rhine-Meuse,51.259189297403886,3.939367294912928,,,13.919999999999998,7.2,35.0,45.0,20.5,BIS_Nederland
Rhine-Meuse,51.258910790128965,3.9386597137441353,,,12.18,7.1,34.0,42.0,24.0,BIS_Nederland
Rhine-Meuse,51.258373387273075,3.9388199850168046,,,9.86,7.3,20.0,39.0,40.4,BIS_Nederland
Rhine-Meuse,51.26142389428294,3.9239651491720986,,,14.5,7.5,4.5,8.0,86.4,BIS_Nederland
Rhine-Meuse,51.33747131201075,3.6486845926037064,,,4.639999999999999,7.6,17.0,28.0,55.0,BIS_Nederland
Rhine-Meuse,51.30887208878849,3.648050603526259,,,11.6,7.4,18.0,54.0,28.0,BIS_Nederland
Rhine-Meuse,51.309001032138525,3.712020614758736,,,13.919999999999998,7.7,14.0,21.5,59.9,BIS_Nederland
Rhine-Meuse,51.28753836591933,3.719975016231149,,,9.28,7.6,10.1,10.5,59.2,BIS_Nederland
Rhine-Meuse,51.26080004887546,3.8477577896505184,,,32.480000000000004,7.1,11.0,17.0,72.0,BIS_Nederland
Rhine-Meuse,51.26675299714905,3.8697697421941792,,,9.86,7.6,17.0,41.0,41.5,BIS_Nederland
Rhine-Meuse,51.30712624391258,3.8634821216537927,,,12.76,7.35,14.7,34.1,51.2,BIS_Nederland
Rhine-Meuse,51.320041035735414,3.780914097226286,,,7.54,7.4,15.2,57.8,27.1,BIS_Nederland
Rhine-Meuse,51.2904965483896,3.803028199554766,,,12.76,7.7,11.5,19.3,69.4,BIS_Nederland
Rhine-Meuse,51.29076612740253,3.803018866527909,,,9.28,7.7,6.6,8.5,85.1,BIS_Nederland
Rhine-Meuse,51.29218538512056,3.746475695567035,,,0.0,7.9,4.0,1.0,94.8,BIS_Nederland
Rhine-Meuse,51.3345770840701,3.5767456654217,,,17.4,7.5,18.0,48.0,33.0,BIS_Nederland
Rhine-Meuse,51.66833599660252,4.269067696318985,,,11.02,7.5,21.1,41.2,37.7,BIS_Nederland
Rhine-Meuse,51.463353940419125,3.6467584435188702,,,9.86,7.2,23.6,48.2,28.2,BIS_Nederland
Rhine-Meuse,51.44679874670083,3.6249462675531894,,,11.02,7.6,13.0,26.6,60.4,BIS_Nederland
Rhine-Meuse,51.46304423031468,3.626116608636436,,,19.72,7.5,15.7,38.8,45.5,BIS_Nederland
Rhine-Meuse,51.474986386441174,3.817197476060024,,,10.44,7.2,14.0,18.0,67.7,BIS_Nederland
Rhine-Meuse,51.495795357805875,3.8069735942292384,,,8.12,7.4,14.0,38.0,48.5,BIS_Nederland
Rhine-Meuse,51.53422255784842,3.8435481972437313,,,33.64,7.4,16.0,36.0,49.0,BIS_Nederland
Rhine-Meuse,51.52236613668601,3.625115598208132,,,10.44,5.9,14.7,32.8,52.5,BIS_Nederland
Rhine-Meuse,51.53728066493174,3.6304478651484016,,,13.34,7.7,26.9,49.7,23.4,BIS_Nederland
Rhine-Meuse,51.54922773597708,3.647794584445707,,,7.54,7.2,20.5,41.8,37.7,BIS_Nederland
Rhine-Meuse,51.55223297517877,3.617424052707795,,,11.6,7.7,25.5,50.4,24.1,BIS_Nederland
Rhine-Meuse,51.526500068000175,3.58668879734223,,,40.599999999999994,6.0,41.0,49.5,9.5,BIS_Nederland
Rhine-Meuse,51.53752315423448,3.6019659731630727,,,5.220000000000001,7.4,15.2,25.7,59.1,BIS_Nederland
Rhine-Meuse,51.53366078032201,3.705185807182508,,,20.880000000000003,7.4,22.4,34.4,39.7,BIS_Nederland
Rhine-Meuse,51.38551520161042,3.548430445599828,,,15.66,7.0,23.0,54.0,23.5,BIS_Nederland
Rhine-Meuse,51.49638978097072,3.726728542731747,,,77.72,7.0,31.0,45.0,24.0,BIS_Nederland
Rhine-Meuse,51.47915585167832,3.728653168250725,,,31.9,7.0,41.0,47.0,13.0,BIS_Nederland
Rhine-Meuse,51.46532690276912,3.631425890640232,,,12.18,7.2,12.2,40.6,47.2,BIS_Nederland
Rhine-Meuse,51.49059121291041,3.704762236940104,,,24.36,7.3,43.6,52.3,4.1,BIS_Nederland
Rhine-Meuse,51.47080083223395,3.633733924711621,,,22.62,7.3,23.7,52.8,23.5,BIS_Nederland
Rhine-Meuse,51.5123864210059,3.641855972075283,,,43.5,6.3,24.7,50.8,24.5,BIS_Nederland
Rhine-Meuse,51.53206167451757,3.651190520574651,,,9.86,7.1,19.9,48.9,31.2,BIS_Nederland
Rhine-Meuse,51.54545928337409,3.636259592506895,,,16.240000000000002,7.2,15.4,35.3,49.3,BIS_Nederland
Rhine-Meuse,51.56955729758804,3.587967361893314,,,8.7,7.5,18.6,38.9,42.5,BIS_Nederland
Rhine-Meuse,51.56569165903238,3.6156443555638,,,12.76,7.5,27.0,41.7,31.3,BIS_Nederland
Rhine-Meuse,51.55847207649309,3.504650253268366,,,13.919999999999998,7.2,21.8,50.7,27.5,BIS_Nederland
Rhine-Meuse,51.57178858132805,3.52775932512878,,,8.7,6.4,5.6,9.7,84.7,BIS_Nederland
Rhine-Meuse,51.56904724422462,3.5249862743861105,,,22.04,7.0,13.3,32.7,54.0,BIS_Nederland
Rhine-Meuse,51.467538521933754,3.538856593691926,,,25.52,7.2,30.6,45.1,24.3,BIS_Nederland
Rhine-Meuse,51.51925965445198,3.4641220011508875,,,8.7,7.2,32.0,40.9,27.1,BIS_Nederland
Rhine-Meuse,51.48318535896488,3.519285633490247,,,16.240000000000002,7.2,22.8,37.5,39.7,BIS_Nederland
Rhine-Meuse,51.48760259544029,3.5369614423768443,,,7.54,7.5,20.5,45.4,34.1,BIS_Nederland
Rhine-Meuse,51.548082964588744,3.460233851318039,,,15.66,5.1,11.7,18.2,70.1,BIS_Nederland
Rhine-Meuse,51.512654249675585,3.5208126615217634,,,11.6,7.2,32.4,48.4,19.2,BIS_Nederland
Rhine-Meuse,51.55112535391706,3.5514628097051357,,,18.56,7.6,35.8,49.2,15.0,BIS_Nederland
Rhine-Meuse,51.54203615990288,3.545197805516433,,,27.26,7.5,37.1,51.2,11.7,BIS_Nederland
Rhine-Meuse,51.54088679677795,3.563627030581209,,,5.8,7.2,27.7,47.5,24.8,BIS_Nederland
Rhine-Meuse,51.55804192564165,3.5770006145361393,,,8.7,7.3,16.6,44.7,38.7,BIS_Nederland
Rhine-Meuse,51.51944172575461,3.5738545225297784,,,8.12,7.3,26.5,40.8,32.7,BIS_Nederland
Rhine-Meuse,51.521171737329624,3.5505109972917843,,,8.7,7.4,35.1,48.9,16.0,BIS_Nederland
Rhine-Meuse,51.53969608314963,3.447829952070448,,,4.639999999999999,5.3,12.1,18.4,69.5,BIS_Nederland
Rhine-Meuse,51.571085944888445,3.5119179125515076,,,1.7399999999999998,5.2,1.4,0.6,98.0,BIS_Nederland
Rhine-Meuse,51.4956096274269,3.495225628350731,,,1.159999999999999,7.9,1.3,0.6,98.1,BIS_Nederland
Rhine-Meuse,51.46773949229661,3.523230244261807,,,1.7399999999999998,5.6,1.8,1.1,97.1,BIS_Nederland
Rhine-Meuse,51.559515206004235,3.527685062984939,,,19.139999999999997,6.8,30.9,49.3,19.8,BIS_Nederland
Rhine-Meuse,51.56574483137469,3.523679181276159,,,26.679999999999996,4.8,23.9,50.7,25.2,BIS_Nederland
Rhine-Meuse,51.52325134730757,3.489391015976288,,,6.38,7.2,48.2,48.6,3.2,BIS_Nederland
Rhine-Meuse,51.499497434338785,3.5415191849041054,,,6.959999999999999,7.3,26.3,51.5,22.2,BIS_Nederland
Rhine-Meuse,51.50526194280108,3.545030899210226,,,16.240000000000002,7.1,32.1,51.2,16.7,BIS_Nederland
Rhine-Meuse,51.47189394176951,3.5442221598293058,,,9.28,7.4,24.2,46.1,29.7,BIS_Nederland
Rhine-Meuse,51.47231920993605,3.537006910378759,,,20.880000000000003,7.1,14.5,26.2,59.3,BIS_Nederland
Rhine-Meuse,51.467684668113264,3.5452562517787047,,,13.919999999999998,7.5,24.0,38.9,37.1,BIS_Nederland
Rhine-Meuse,51.52454743870904,3.513982677284849,,,15.66,7.1,42.3,52.3,5.4,BIS_Nederland
Rhine-Meuse,51.524729443459606,3.5141193029500046,,,96.28,6.4,46.0,50.7,3.3,BIS_Nederland
Rhine-Meuse,51.51161389045531,3.526042452975421,,,2.9,7.3,34.7,45.5,19.8,BIS_Nederland
Rhine-Meuse,51.47179494020247,3.537963955246745,,,11.6,7.5,18.5,28.0,53.5,BIS_Nederland
Rhine-Meuse,51.558555655645655,3.538037112333897,,,6.959999999999999,7.1,25.7,49.0,25.3,BIS_Nederland
Rhine-Meuse,51.44688807100627,4.302847092534489,,,35.379999999999995,7.0,41.0,49.0,10.0,BIS_Nederland
Rhine-Meuse,51.4201791751014,4.25445490111505,,,27.26,7.1,31.3,37.9,30.8,BIS_Nederland
Rhine-Meuse,51.36536961393531,4.20282485637515,,,55.099999999999994,7.6,34.2,47.4,18.4,BIS_Nederland
Rhine-Meuse,51.36553913879803,4.201815224013918,,,16.240000000000002,7.7,11.9,14.0,74.2,BIS_Nederland
Rhine-Meuse,51.43176156698683,4.203257209640105,,,11.6,7.8,11.1,17.9,71.0,BIS_Nederland
Rhine-Meuse,51.42931640060427,4.214825189740162,,,8.12,7.6,6.7,8.2,85.1,BIS_Nederland
Rhine-Meuse,51.426739566225216,4.226826652098907,,,29.0,7.1,12.0,22.5,63.5,BIS_Nederland
Rhine-Meuse,51.421361540657955,4.2284013360957395,,,19.139999999999997,7.3,9.1,9.6,68.4,BIS_Nederland
Rhine-Meuse,51.57427729586807,4.343516833000272,,,13.919999999999998,7.3,14.0,33.4,52.6,BIS_Nederland
Rhine-Meuse,51.53310836466602,4.353830948289989,,,16.82,3.9,3.3,12.4,84.3,BIS_Nederland
Rhine-Meuse,51.538358424029035,4.389027703094408,,,18.56,5.4,6.0,23.0,71.0,BIS_Nederland
Rhine-Meuse,51.44201585523375,4.097838423057902,,,17.979999999999997,7.2,41.0,53.0,6.0,BIS_Nederland
Rhine-Meuse,51.3616303479828,4.025151437766443,,,7.54,7.5,10.2,34.3,55.4,BIS_Nederland
Rhine-Meuse,51.42511239231498,4.253325782041539,,,44.66,7.1,11.0,35.0,55.5,BIS_Nederland
Rhine-Meuse,51.44363790513973,4.301342103114032,,,18.56,7.4,33.0,59.0,8.5,BIS_Nederland
Rhine-Meuse,51.436002572250665,4.27333427556257,,,11.02,7.47,9.2,13.8,77.0,BIS_Nederland
Rhine-Meuse,51.387897170206905,4.291031075496104,,,14.5,7.0,23.2,35.1,41.7,BIS_Nederland
Rhine-Meuse,51.38075793118362,4.277555660121168,,,15.08,7.1,16.3,19.4,64.3,BIS_Nederland
Rhine-Meuse,51.393598879729936,4.27609386219994,,,12.18,7.0,35.7,33.6,30.7,BIS_Nederland
Rhine-Meuse,51.41415826187981,4.282780788415005,,,22.62,7.0,46.2,44.8,9.0,BIS_Nederland
Rhine-Meuse,51.49357456507649,4.026819490691357,,,92.8,5.0,25.0,59.0,16.0,BIS_Nederland
Rhine-Meuse,51.55556228108135,4.1526594450487835,,,34.8,5.0,29.4,59.0,11.6,BIS_Nederland
Rhine-Meuse,51.55270625336702,4.150357814593837,,,61.48,5.4,27.4,50.0,22.6,BIS_Nederland
Rhine-Meuse,51.55373342945427,4.1370633342258305,,,13.34,7.7,16.1,31.1,51.9,BIS_Nederland
Rhine-Meuse,51.55417617325377,4.11974679530905,,,11.02,7.6,9.8,27.6,62.6,BIS_Nederland
Rhine-Meuse,51.53538275627287,4.119262019741505,,,26.1,5.9,29.7,56.2,14.1,BIS_Nederland
Rhine-Meuse,51.54562240856453,4.268052445773058,,,15.66,4.0,4.9,8.8,86.3,BIS_Nederland
Rhine-Meuse,51.53655025998341,4.287735280790598,,,12.76,7.1,3.6,10.3,86.1,BIS_Nederland
Rhine-Meuse,51.565537320618986,4.29215377220725,,,9.28,6.1,21.8,43.2,35.0,BIS_Nederland
Rhine-Meuse,51.54854877685504,4.200214492136292,,,14.5,7.0,17.7,40.4,41.9,BIS_Nederland
Rhine-Meuse,51.43350058842105,4.10009284178141,,,15.66,7.2,21.0,55.0,24.0,BIS_Nederland
Rhine-Meuse,51.419102719769015,4.115164464306577,,,11.02,7.3,22.0,60.0,18.3,BIS_Nederland
Rhine-Meuse,51.4194768499589,4.1372956364816895,,,13.919999999999998,7.2,33.0,44.0,19.0,BIS_Nederland
Rhine-Meuse,51.421569278715175,3.891220273868339,,,18.56,6.9,31.2,56.6,12.2,BIS_Nederland
Rhine-Meuse,51.42228817527583,3.8911966822719304,,,9.28,6.8,26.4,60.7,12.9,BIS_Nederland
Rhine-Meuse,51.54994639581021,4.1028504166273745,,,13.919999999999998,6.9,18.0,30.0,52.0,BIS_Nederland
Rhine-Meuse,51.498262299242214,4.024086793875401,,,214.59999999999997,4.2,28.0,59.0,11.5,BIS_Nederland
Rhine-Meuse,51.56557074478817,4.029711157409143,,,139.2,7.9,36.0,56.0,9.0,BIS_Nederland
Rhine-Meuse,51.565294448198664,4.029142456083775,,,89.32000000000001,7.5,30.0,48.0,21.5,BIS_Nederland
Rhine-Meuse,51.49353130943727,4.026964797259302,,,84.68,3.9,21.2,54.6,24.3,BIS_Nederland
Rhine-Meuse,51.49371104131007,4.026959423443814,,,66.12,3.8,21.6,58.1,20.3,BIS_Nederland
Rhine-Meuse,51.493621175374,4.026962110357688,,,56.84,3.9,20.2,51.2,28.6,BIS_Nederland
Rhine-Meuse,51.423214521836975,3.7429838221105713,,,13.34,7.1,27.0,44.0,30.0,BIS_Nederland
Rhine-Meuse,51.446408791936626,3.865515447473375,,,13.919999999999998,7.2,19.0,39.0,42.0,BIS_Nederland
Rhine-Meuse,51.458848439409046,3.820488173331405,,,10.44,7.4,14.0,32.0,54.8,BIS_Nederland
Rhine-Meuse,51.45521112243916,3.8375931879592895,,,55.099999999999994,4.5,23.0,57.0,21.5,BIS_Nederland
Rhine-Meuse,51.45389185360721,3.8397964685893897,,,52.779999999999994,5.8,22.0,59.0,20.3,BIS_Nederland
Rhine-Meuse,51.45609509117728,3.870659970545791,,,11.6,6.0,15.4,54.8,29.8,BIS_Nederland
Rhine-Meuse,51.453888038272474,3.839508812546671,,,45.82,6.3,26.0,59.0,15.4,BIS_Nederland
Rhine-Meuse,51.41903760295239,3.78849863689755,,,9.86,7.2,37.7,49.8,12.5,BIS_Nederland
Rhine-Meuse,51.405594211045184,3.900368625479543,,,23.2,4.6,29.0,60.0,11.5,BIS_Nederland
Rhine-Meuse,51.43254283533341,3.8986984679195738,,,10.44,6.9,12.0,34.0,53.5,BIS_Nederland
Rhine-Meuse,51.46228021068148,3.947305867919411,,,15.08,7.4,35.0,54.0,10.5,BIS_Nederland
Rhine-Meuse,51.44920058373173,3.8867159783043967,,,9.86,7.6,31.0,40.0,30.0,BIS_Nederland
Rhine-Meuse,51.459317439458395,3.918761982398294,,,9.28,7.5,13.0,20.0,67.1,BIS_Nederland
Rhine-Meuse,51.450654962305606,3.9233576648904895,,,33.64,7.4,55.0,42.0,3.5,BIS_Nederland
Rhine-Meuse,51.47127012432816,3.947309412731712,,,10.44,5.48,30.8,51.3,17.9,BIS_Nederland
Rhine-Meuse,51.47093018597009,3.9489035454502863,,,9.86,5.9,13.9,42.5,43.7,BIS_Nederland
Rhine-Meuse,51.52189154278935,3.97005989390118,,,12.76,5.9,18.4,46.1,35.5,BIS_Nederland
Rhine-Meuse,51.51438383298236,3.966259647834532,,,6.959999999999999,7.7,15.8,41.7,42.3,BIS_Nederland
Rhine-Meuse,51.50691483840055,3.958281768666096,,,14.5,5.5,14.4,39.8,45.8,BIS_Nederland
Rhine-Meuse,51.48573214364981,3.994512467289664,,,133.98,4.6,26.0,60.0,14.5,BIS_Nederland
Rhine-Meuse,51.387255447772496,3.818133474104215,,,15.66,5.3,27.0,56.0,17.0,BIS_Nederland
Rhine-Meuse,51.44807023662186,3.749208615078924,,,11.02,7.3,22.0,41.0,38.0,BIS_Nederland
Rhine-Meuse,51.53132344889145,3.8623845694583334,,,22.62,7.3,17.4,24.0,54.0,BIS_Nederland
Rhine-Meuse,51.56099616084631,3.8628304735669343,,,12.18,7.3,30.8,45.9,23.3,BIS_Nederland
Rhine-Meuse,51.56776784522584,3.781099432702858,,,9.28,7.6,14.2,28.4,57.4,BIS_Nederland
Rhine-Meuse,51.525442583302606,3.894287883262981,,,20.880000000000003,7.1,5.5,3.6,68.2,BIS_Nederland
Rhine-Meuse,51.467288042920025,3.916345911648128,,,25.52,6.3,13.7,36.1,45.8,BIS_Nederland
Rhine-Meuse,51.53050533049074,3.914228200592816,,,11.6,7.5,25.0,47.0,28.5,BIS_Nederland
Rhine-Meuse,51.4903066568004,3.952827201948194,,,18.56,6.6,15.0,47.0,39.0,BIS_Nederland
Rhine-Meuse,51.48561193554888,3.9957400518293977,,,31.32,3.9,16.0,61.0,25.0,BIS_Nederland
Rhine-Meuse,51.50500304482709,3.978508974746319,,,16.240000000000002,4.2,10.0,26.0,64.5,BIS_Nederland
Rhine-Meuse,51.49474747020734,3.894719249278685,,,26.679999999999996,5.2,21.0,57.0,22.0,BIS_Nederland
Rhine-Meuse,51.52030927849599,3.9472694095671006,,,17.4,6.6,16.8,43.3,39.9,BIS_Nederland
Rhine-Meuse,51.50612189703432,4.012038858371707,,,12.76,4.1,16.1,44.6,39.3,BIS_Nederland
Rhine-Meuse,51.535131624427365,3.844310138292693,,,9.86,7.6,25.0,39.0,36.5,BIS_Nederland
Rhine-Meuse,51.49717737651262,3.8636013502634152,,,17.979999999999997,7.7,16.0,39.0,46.5,BIS_Nederland
Rhine-Meuse,51.532769987471966,3.795597863380896,,,10.44,7.4,20.0,38.0,42.0,BIS_Nederland
Rhine-Meuse,51.5078561628733,3.755699423081168,,,13.34,7.2,44.0,44.0,12.5,BIS_Nederland
Rhine-Meuse,51.478212060339615,3.863876362182432,,,23.2,6.95,26.1,52.3,21.6,BIS_Nederland
Rhine-Meuse,51.468580989582264,3.8424638679900553,,,44.08,7.5,23.2,44.7,32.0,BIS_Nederland
Rhine-Meuse,51.51732704520624,3.830433028590212,,,12.76,7.3,22.3,28.7,49.0,BIS_Nederland
Rhine-Meuse,51.47267283607103,3.747027759906014,,,6.38,7.9,4.6,2.7,92.7,BIS_Nederland
Rhine-Meuse,51.533329670952824,3.844010962664851,,,92.8,7.0,21.0,43.0,36.5,BIS_Nederland
Rhine-Meuse,51.4172867414624,3.730688719025233,,,12.18,7.2,26.0,40.0,34.0,BIS_Nederland
Rhine-Meuse,51.46276410501912,3.713994311115037,,,29.0,7.8,54.0,45.0,1.5,BIS_Nederland
Rhine-Meuse,51.426521450122536,3.725751189974208,,,11.6,7.2,14.0,27.0,58.0,BIS_Nederland
Rhine-Meuse,51.44217408942593,3.704464604817037,,,9.86,7.0,13.0,26.0,62.0,BIS_Nederland
Rhine-Meuse,51.46142110620811,3.720663998080614,,,9.86,7.5,18.0,27.5,54.6,BIS_Nederland
Rhine-Meuse,51.384577699976134,3.595021386856992,,,18.56,7.7,7.4,33.3,59.3,BIS_Nederland
Rhine-Meuse,51.46266024423127,3.6394447039184934,,,14.5,7.2,18.4,41.1,40.5,BIS_Nederland
Rhine-Meuse,51.4749309042558,4.458792925304086,,,22.62,6.0,3.6,15.4,81.0,BIS_Nederland
Rhine-Meuse,51.4464881162471,4.378525564779223,,,22.04,4.5,3.3,17.7,79.0,BIS_Nederland
Rhine-Meuse,51.41861284884822,4.367209456141893,,,6.38,3.4,2.6,0.9,96.5,BIS_Nederland
Rhine-Meuse,51.4532234755792,4.3172280795025975,,,5.220000000000001,3.3,2.1,1.0,96.9,BIS_Nederland
Rhine-Meuse,51.43645680004222,4.331860522275094,,,20.299999999999997,4.4,2.6,1.2,96.2,BIS_Nederland
Rhine-Meuse,51.41947180923525,4.3127006239145995,,,58.58,6.42,9.7,8.3,82.0,BIS_Nederland
Rhine-Meuse,51.46532827623962,4.416533772510551,,,35.379999999999995,4.6,4.2,36.7,59.1,BIS_Nederland
Rhine-Meuse,51.40278991846526,4.356784336306768,,,13.34,4.4,2.5,1.2,96.3,BIS_Nederland
Rhine-Meuse,51.380520599561066,4.339330921343722,,,38.279999999999994,5.8,5.4,6.0,88.6,BIS_Nederland
Rhine-Meuse,51.39035633525706,4.333501541212177,,,30.16,4.7,5.2,4.9,89.9,BIS_Nederland
Rhine-Meuse,51.53440282624524,4.399564340842199,,,21.46,4.7,5.0,30.5,64.0,BIS_Nederland
Rhine-Meuse,51.531848458727936,4.416554677661353,,,19.139999999999997,4.8,4.5,18.0,77.0,BIS_Nederland
Rhine-Meuse,51.55022736656522,4.384152985859501,,,17.979999999999997,4.7,6.0,28.9,65.1,BIS_Nederland
Rhine-Meuse,51.54640397022614,4.383804885635158,,,4.059999999999999,5.0,5.0,14.3,80.7,BIS_Nederland
Rhine-Meuse,51.560919134534394,4.431797365108398,,,21.46,5.6,23.7,49.0,27.3,BIS_Nederland
Rhine-Meuse,51.502472933738034,4.37642014677051,,,18.56,4.6,2.0,20.5,78.0,BIS_Nederland
Rhine-Meuse,51.50078273909619,4.37847409963106,,,27.26,6.6,6.7,22.7,70.6,BIS_Nederland
Rhine-Meuse,51.49767562498714,4.393520898890467,,,18.56,4.3,7.0,26.0,67.0,BIS_Nederland
Rhine-Meuse,51.49261375575876,4.400831550401064,,,29.58,5.7,6.0,23.5,71.0,BIS_Nederland
Rhine-Meuse,51.510910737846,4.385452470058684,,,24.94,5.4,5.7,27.3,67.0,BIS_Nederland
Rhine-Meuse,51.516266102832155,4.381012168864063,,,23.2,6.04,10.7,16.0,73.3,BIS_Nederland
Rhine-Meuse,51.51084639633372,4.431408905103223,,,23.78,5.7,4.5,15.6,79.9,BIS_Nederland
Rhine-Meuse,51.51070322229027,4.36154311207726,,,31.9,4.7,6.0,16.2,56.1,BIS_Nederland
Rhine-Meuse,51.51079132564904,4.371625340722615,,,31.32,5.3,5.2,19.7,75.1,BIS_Nederland
Rhine-Meuse,51.56394342068331,4.450050623225422,,,20.299999999999997,7.0,6.3,16.8,76.9,BIS_Nederland
Rhine-Meuse,51.4210806934519,4.2547200607643925,,,23.78,6.85,32.9,40.5,26.6,BIS_Nederland
Rhine-Meuse,51.43422998533163,4.257269741502293,,,14.5,7.27,8.4,11.0,80.6,BIS_Nederland
Rhine-Meuse,51.67033453911338,4.271259160014713,,,11.6,7.3,34.9,43.1,22.0,BIS_Nederland
Rhine-Meuse,51.66933148004221,4.2697659396855885,,,11.02,7.4,33.9,41.4,24.7,BIS_Nederland
Rhine-Meuse,51.659042652037286,3.9599874865326337,,,11.6,7.2,28.8,47.4,23.8,BIS_Nederland
Rhine-Meuse,51.66943412489041,3.935082147733872,,,2.9,7.1,40.3,44.7,15.0,BIS_Nederland
Rhine-Meuse,51.6584133679891,3.967378811791263,,,13.919999999999998,7.1,22.1,40.0,37.9,BIS_Nederland
Rhine-Meuse,51.69090018304207,3.9262930421882665,,,19.139999999999997,6.4,6.4,9.9,83.7,BIS_Nederland
Rhine-Meuse,51.68181390308105,3.9808166917965218,,,14.5,7.1,26.5,36.7,36.8,BIS_Nederland
Rhine-Meuse,51.68962759025711,3.9579378341785265,,,6.959999999999999,7.7,18.5,35.2,46.3,BIS_Nederland
Rhine-Meuse,51.681157374303616,3.989802985198229,,,13.919999999999998,7.1,19.3,31.8,48.9,BIS_Nederland
Rhine-Meuse,51.68736786351814,3.9459324694299904,,,17.979999999999997,7.3,10.2,14.8,75.0,BIS_Nederland
Rhine-Meuse,51.63701353668453,3.993187335429057,,,8.12,7.3,11.9,27.2,60.9,BIS_Nederland
Rhine-Meuse,51.676973539323235,3.9341172243695097,,,24.36,7.2,17.3,36.4,43.7,BIS_Nederland
Rhine-Meuse,51.80651687434077,4.242876470398355,,,18.56,6.3,28.0,50.0,21.0,BIS_Nederland
Rhine-Meuse,51.8073841070124,4.194566075464791,,,31.32,7.5,29.0,59.0,11.0,BIS_Nederland
Rhine-Meuse,51.80744730203883,4.264749303697833,,,13.919999999999998,6.55,27.2,53.6,19.2,BIS_Nederland
Rhine-Meuse,51.58319002225099,3.74260131931985,,,15.66,7.2,26.0,52.0,23.0,BIS_Nederland
Rhine-Meuse,51.57860138281816,3.8276100135433344,,,13.34,7.4,15.1,34.1,50.8,BIS_Nederland
Rhine-Meuse,51.58556795283269,3.851326064434109,,,17.4,7.4,20.8,41.3,37.9,BIS_Nederland
Rhine-Meuse,51.580113751791515,3.846749010948032,,,12.18,7.4,18.7,37.2,44.1,BIS_Nederland
Rhine-Meuse,51.58267348681877,3.849981030409925,,,8.7,7.4,25.3,36.9,37.8,BIS_Nederland
Rhine-Meuse,51.588065224504554,3.8193471581305527,,,11.02,7.4,22.0,31.3,46.7,BIS_Nederland
Rhine-Meuse,51.69076518421067,3.901274033952085,,,16.240000000000002,7.0,24.9,49.8,25.3,BIS_Nederland
Rhine-Meuse,51.63722721241245,4.0112395578307005,,,7.54,7.3,12.8,27.4,59.8,BIS_Nederland
Rhine-Meuse,51.63258687530452,3.9615431532020087,,,11.6,7.4,7.5,14.9,77.6,BIS_Nederland
Rhine-Meuse,51.67748690867534,3.9033729933727415,,,23.78,6.7,23.5,38.6,37.9,BIS_Nederland
Rhine-Meuse,51.68874694633177,3.9051732253233777,,,9.28,7.3,23.5,42.5,34.0,BIS_Nederland
Rhine-Meuse,51.68419095192304,3.9398149318040745,,,9.28,7.4,10.5,16.2,73.3,BIS_Nederland
Rhine-Meuse,51.7324339583332,3.8354773477127297,,,8.12,7.4,20.8,43.3,35.9,BIS_Nederland
Rhine-Meuse,51.73533207683472,3.830310193229071,,,8.12,7.3,11.8,30.8,57.4,BIS_Nederland
Rhine-Meuse,51.708743727401426,3.94069301904422,,,8.7,7.3,11.6,26.9,61.5,BIS_Nederland
Rhine-Meuse,51.71675519084836,3.930667615740348,,,9.86,7.4,11.3,23.8,64.9,BIS_Nederland
Rhine-Meuse,51.72784104215835,3.958538792870352,,,7.54,7.4,14.7,28.9,56.4,BIS_Nederland
Rhine-Meuse,51.69960601591547,4.002831922666086,,,9.28,7.3,15.3,31.6,53.1,BIS_Nederland
Rhine-Meuse,51.70974738094296,3.941890888281572,,,6.38,7.2,9.0,18.9,72.1,BIS_Nederland
Rhine-Meuse,51.69454793854242,3.955974170104586,,,4.639999999999999,7.6,17.3,33.6,49.1,BIS_Nederland
Rhine-Meuse,51.7277062492542,3.9585430546477527,,,7.54,7.4,15.3,27.9,56.8,BIS_Nederland
Rhine-Meuse,51.69897868004232,4.002995793728596,,,8.7,7.4,13.0,26.4,60.6,BIS_Nederland
Rhine-Meuse,51.5909407414034,3.582399480457883,,,1.159999999999999,7.7,1.3,0.7,98.0,BIS_Nederland
Rhine-Meuse,51.58015092641184,3.567821315259342,,,40.599999999999994,6.9,16.2,30.9,41.3,BIS_Nederland
Rhine-Meuse,51.587814922718955,3.583750607337845,,,1.159999999999999,5.8,1.1,0.9,98.0,BIS_Nederland
Rhine-Meuse,51.59471573988611,3.668856929738181,,,1.159999999999999,7.7,2.2,1.5,96.3,BIS_Nederland
Rhine-Meuse,51.577490427945705,3.584694826582851,,,8.7,7.3,17.8,25.8,56.4,BIS_Nederland
Rhine-Meuse,51.58143618781346,3.5928067595108857,,,22.62,7.2,18.1,34.5,47.4,BIS_Nederland
Rhine-Meuse,51.58522104005917,3.605140465145036,,,12.76,7.5,16.9,26.7,56.4,BIS_Nederland
Rhine-Meuse,51.70195274396161,3.8658937644718714,,,45.24,6.9,22.7,33.3,44.0,BIS_Nederland
Rhine-Meuse,51.6940766629416,3.847932038267057,,,25.52,7.1,15.0,29.5,55.5,BIS_Nederland
Rhine-Meuse,51.590111730134424,4.474042937791316,,,21.46,5.2,1.5,23.0,75.0,BIS_Nederland
Rhine-Meuse,51.59949786514444,4.467358693021297,,,27.839999999999996,5.6,6.0,17.5,77.0,BIS_Nederland
Rhine-Meuse,51.64545065257967,4.469748950903428,,,13.919999999999998,7.0,26.0,34.0,40.0,BIS_Nederland
Rhine-Meuse,51.76013740923669,4.51522094580446,,,74.82,4.3,41.8,52.8,5.5,BIS_Nederland
Rhine-Meuse,51.79362911059904,4.52240142909028,,,52.2,4.5,30.9,60.2,8.8,BIS_Nederland
Rhine-Meuse,51.76022728506385,4.515219210074531,,,71.34,4.4,44.0,51.4,4.5,BIS_Nederland
Rhine-Meuse,51.78226290108116,4.493054829004137,,,42.34,3.7,41.0,52.8,6.0,BIS_Nederland
Rhine-Meuse,51.78692273391892,4.445277411470519,,,10.44,7.2,21.2,45.9,32.9,BIS_Nederland
Rhine-Meuse,51.795843698215826,4.453644251422573,,,20.299999999999997,7.3,33.7,50.8,15.5,BIS_Nederland
Rhine-Meuse,51.72390055475719,4.489867523355687,,,23.78,7.5,18.8,37.1,43.9,BIS_Nederland
Rhine-Meuse,51.71148210447975,4.5118185303735245,,,27.839999999999996,7.3,27.5,65.7,6.3,BIS_Nederland
Rhine-Meuse,51.68180848074517,4.446743109912459,,,12.18,7.5,21.0,37.0,42.3,BIS_Nederland
Rhine-Meuse,51.59132045028901,4.324507967209602,,,15.08,7.5,21.0,50.0,29.0,BIS_Nederland
Rhine-Meuse,51.677435942373265,4.319450041901088,,,8.7,7.5,19.1,43.0,37.9,BIS_Nederland
Rhine-Meuse,51.677153134121504,4.3180108091599445,,,11.02,7.5,18.2,36.6,45.2,BIS_Nederland
Rhine-Meuse,51.602251567595296,4.468890686160072,,,43.5,5.7,18.0,37.0,46.0,BIS_Nederland
Rhine-Meuse,51.67099461648746,4.293579194672853,,,8.7,7.5,14.7,32.7,52.6,BIS_Nederland
Rhine-Meuse,51.67161426401849,4.292552210159983,,,5.220000000000001,7.7,14.4,34.3,51.3,BIS_Nederland
Rhine-Meuse,51.68393376908376,4.28343280548733,,,8.12,7.5,13.2,28.5,58.3,BIS_Nederland
Rhine-Meuse,51.66196007816836,4.288738434078348,,,42.34,7.3,30.3,33.2,36.4,BIS_Nederland
Rhine-Meuse,51.79676010517069,4.406219528541304,,,18.56,7.3,17.0,33.0,51.5,BIS_Nederland
Rhine-Meuse,51.78137924524488,4.394380420267147,,,11.02,6.9,17.0,33.0,50.5,BIS_Nederland
Rhine-Meuse,51.782800710466425,4.330725691375361,,,41.760000000000005,6.9,34.0,51.7,13.7,BIS_Nederland
Rhine-Meuse,51.72351344952859,4.440664948929807,,,41.760000000000005,7.2,38.3,56.8,4.4,BIS_Nederland
Rhine-Meuse,51.75708959424347,4.469219656894985,,,15.66,7.5,23.0,57.0,20.5,BIS_Nederland
Rhine-Meuse,51.756637951350626,4.468939154267645,,,11.6,7.7,20.0,55.0,24.5,BIS_Nederland
Rhine-Meuse,51.74188600689655,4.5904314862651505,,,23.78,7.2,26.0,54.0,21.5,BIS_Nederland
Rhine-Meuse,51.80988667659001,4.484966369111059,,,27.839999999999996,6.8,38.0,49.0,12.5,BIS_Nederland
Rhine-Meuse,51.80500129540601,4.216814530672678,,,14.5,7.1,14.4,33.0,52.6,BIS_Nederland
Rhine-Meuse,51.6984895854261,4.301955634024263,,,13.919999999999998,7.4,13.6,30.0,56.4,BIS_Nederland
Rhine-Meuse,51.592189506960665,4.287253087240841,,,12.18,7.5,24.0,30.0,47.0,BIS_Nederland
Rhine-Meuse,51.61909724325675,4.172157599242706,,,13.34,7.5,26.0,47.0,25.5,BIS_Nederland
Rhine-Meuse,51.60752342626248,4.269051572326719,,,13.919999999999998,7.4,26.0,43.0,31.5,BIS_Nederland
Rhine-Meuse,51.66647839124931,4.248875507653377,,,7.54,7.5,24.4,28.8,46.8,BIS_Nederland
Rhine-Meuse,51.66482244398248,4.258891264649666,,,8.12,7.6,32.3,36.3,31.4,BIS_Nederland
Rhine-Meuse,51.66556511534112,4.289735119638384,,,6.959999999999999,7.5,24.2,41.4,34.4,BIS_Nederland
Rhine-Meuse,51.66295999699138,4.299555099486289,,,8.7,7.5,20.8,38.6,40.6,BIS_Nederland
Rhine-Meuse,51.66464944889139,4.28795042666849,,,8.12,7.5,20.3,34.5,45.2,BIS_Nederland
Rhine-Meuse,51.891658054296265,4.0724727525302935,,,12.76,7.2,4.3,8.2,54.7,BIS_Nederland
Rhine-Meuse,51.85663590425221,4.257280936395148,,,67.85999999999999,4.0,33.0,52.0,15.0,BIS_Nederland
Rhine-Meuse,51.841429516262146,4.284074024677604,,,74.82,5.2,25.0,54.0,21.4,BIS_Nederland
Rhine-Meuse,51.89800409561502,4.186641788706949,,,31.9,7.2,48.0,49.0,6.0,BIS_Nederland
Rhine-Meuse,51.86112536084057,4.220001441996447,,,71.34,4.9,36.0,51.0,13.0,BIS_Nederland
Rhine-Meuse,51.82564040972381,4.297081427357499,,,54.52,4.3,30.6,51.4,18.0,BIS_Nederland
Rhine-Meuse,51.84686268443975,4.2321272355612924,,,74.82,5.0,38.8,52.3,8.9,BIS_Nederland
Rhine-Meuse,51.83397287489577,4.228540162102848,,,17.979999999999997,7.1,22.3,50.0,27.7,BIS_Nederland
Rhine-Meuse,51.99777079311338,4.315761794924285,,,51.62,6.4,25.0,48.0,26.9,BIS_Nederland
Rhine-Meuse,51.99732542524471,4.316209303766926,,,84.68,5.5,32.0,47.0,20.5,BIS_Nederland
Rhine-Meuse,51.89887244214534,4.0907159752330795,,,8.7,7.1,3.0,1.0,95.5,BIS_Nederland
Rhine-Meuse,51.88952209836086,4.115246888358633,,,13.34,7.5,16.0,29.0,55.0,BIS_Nederland
Rhine-Meuse,51.85088102765472,4.124757448761054,,,11.02,7.5,17.0,32.0,52.0,BIS_Nederland
Rhine-Meuse,51.87603122350474,4.139737047060729,,,12.76,7.2,33.0,43.0,26.5,BIS_Nederland
Rhine-Meuse,51.88097948474292,4.098494180922029,,,30.16,7.0,8.9,19.0,72.1,BIS_Nederland
Rhine-Meuse,51.91691084226175,4.096155634554311,,,17.979999999999997,3.6,2.3,4.6,93.1,BIS_Nederland
Rhine-Meuse,51.812867965918294,4.060630885573904,,,84.1,7.3,47.1,46.8,6.1,BIS_Nederland
Rhine-Meuse,51.88901203761741,4.126302256665114,,,13.34,7.3,16.2,32.4,51.5,BIS_Nederland
Rhine-Meuse,51.89312141077773,4.1155809546276405,,,30.74,6.9,17.6,29.0,53.3,BIS_Nederland
Rhine-Meuse,51.910922457990495,4.107519352152206,,,6.38,7.3,17.9,32.2,49.9,BIS_Nederland
Rhine-Meuse,51.81180232799358,3.9695113300230025,,,15.08,7.5,34.0,55.0,12.5,BIS_Nederland
Rhine-Meuse,51.80800377468009,3.9602045904963177,,,13.919999999999998,6.1,11.0,42.0,47.0,BIS_Nederland
Rhine-Meuse,51.82286948258539,3.955526923055405,,,13.919999999999998,3.6,3.5,2.4,53.7,BIS_Nederland
Rhine-Meuse,51.91944963035499,4.085906465014633,,,49.879999999999995,7.5,51.9,46.8,1.3,BIS_Nederland
Rhine-Meuse,51.96178499953206,4.227279229228957,,,15.66,7.1,21.0,52.0,27.0,BIS_Nederland
Rhine-Meuse,51.97964263610062,4.280094664833211,,,91.05999999999996,5.4,25.3,46.4,28.3,BIS_Nederland
Rhine-Meuse,51.98387215140324,4.2066179839652,,,11.02,5.0,6.5,11.0,53.6,BIS_Nederland
Rhine-Meuse,51.80778565676386,3.979353814557157,,,8.12,7.6,13.0,26.0,62.5,BIS_Nederland
Rhine-Meuse,51.89998239096256,4.657231142566753,,,43.5,5.4,13.7,14.6,71.8,BIS_Nederland
Rhine-Meuse,51.85269488875325,4.670625680029627,,,22.04,5.8,37.9,53.6,8.4,BIS_Nederland
Rhine-Meuse,51.8387762147861,4.703059923489498,,,19.139999999999997,5.9,41.6,53.4,5.0,BIS_Nederland
Rhine-Meuse,51.83769344619383,4.702350869845956,,,72.49999999999999,5.9,42.4,49.2,8.4,BIS_Nederland
Rhine-Meuse,51.86523456835221,4.678121061286878,,,51.62,5.4,40.0,52.1,8.0,BIS_Nederland
Rhine-Meuse,51.90091184030653,4.606068990905389,,,95.12,4.6,40.3,48.4,11.3,BIS_Nederland
Rhine-Meuse,51.83333082638928,4.649896229241737,,,14.5,7.7,11.6,19.9,68.5,BIS_Nederland
Rhine-Meuse,51.82580300430564,4.598087197062606,,,28.42,4.9,38.5,57.9,3.6,BIS_Nederland
Rhine-Meuse,51.915717727959134,4.7509450646727815,,,62.64,5.7,21.5,40.3,38.2,BIS_Nederland
Rhine-Meuse,51.86888824610381,4.734691395674527,,,83.52000000000001,4.7,46.8,48.4,4.8,BIS_Nederland
Rhine-Meuse,52.00888895015185,4.871606524681646,,,140.36,5.1,49.6,41.8,8.6,BIS_Nederland
Rhine-Meuse,51.85717002006209,4.611037706925313,,,69.6,6.7,36.5,60.1,3.4,BIS_Nederland
Rhine-Meuse,52.01088929286772,4.627021920573869,,,129.92000000000002,3.8,46.8,48.8,4.4,BIS_Nederland
Rhine-Meuse,51.93451187264049,4.804553670513951,,,88.74000000000001,4.5,50.1,29.2,20.7,BIS_Nederland
Rhine-Meuse,51.93953785474571,4.803034213410704,,,191.4,4.6,54.8,31.0,14.2,BIS_Nederland
Rhine-Meuse,51.94600331559549,4.801786537950811,,,125.86,5.0,64.9,25.2,9.9,BIS_Nederland
Rhine-Meuse,52.01407868537486,4.827118008748994,,,45.24,4.5,35.0,53.0,12.0,BIS_Nederland
Rhine-Meuse,52.00579975876793,4.788626353487319,,,52.2,6.9,31.7,55.7,12.6,BIS_Nederland
Rhine-Meuse,51.95371973325246,4.755716425100738,,,141.51999999999995,5.2,66.3,20.0,13.0,BIS_Nederland
Rhine-Meuse,51.962954481024774,4.785560172066133,,,166.45999999999998,4.4,66.6,19.9,13.5,BIS_Nederland
Rhine-Meuse,51.97608689415242,4.6672004957221835,,,116.0,4.1,37.0,47.0,16.8,BIS_Nederland
Rhine-Meuse,51.94186256444738,4.641861518982381,,,144.99999999999997,4.6,36.0,49.0,15.2,BIS_Nederland
Rhine-Meuse,51.993364705186906,4.655857281347282,,,201.83999999999995,4.4,36.0,40.1,23.9,BIS_Nederland
Rhine-Meuse,52.01638092382684,4.614546091021646,,,26.1,7.1,49.6,48.2,2.3,BIS_Nederland
Rhine-Meuse,52.01079847729537,4.626877800347454,,,103.24,3.8,44.5,51.2,4.3,BIS_Nederland
Rhine-Meuse,51.99069549570854,4.660268644969886,,,143.84,5.0,29.5,39.0,31.5,BIS_Nederland
Rhine-Meuse,52.01248724879596,4.623935835664399,,,98.01999999999998,5.1,44.9,50.2,4.9,BIS_Nederland
Rhine-Meuse,51.94162251727091,4.63241217596962,,,55.099999999999994,3.7,43.6,48.1,8.3,BIS_Nederland
Rhine-Meuse,51.99053559286745,4.7087539551284046,,,255.78,4.9,50.1,31.3,18.6,BIS_Nederland
Rhine-Meuse,51.84371949110991,4.466293592732587,,,37.7,7.2,28.0,47.0,24.0,BIS_Nederland
Rhine-Meuse,51.82381023087648,4.582601089378909,,,69.02,5.8,36.0,57.0,8.0,BIS_Nederland
Rhine-Meuse,51.86043282341157,4.5125531272520965,,,14.5,7.1,21.0,39.0,39.5,BIS_Nederland
Rhine-Meuse,52.03257697390269,4.455418152078568,,,180.38,3.6,44.0,48.0,8.0,BIS_Nederland
Rhine-Meuse,51.98828252412554,4.4809431892997855,,,46.98,5.0,44.1,43.3,12.6,BIS_Nederland
Rhine-Meuse,52.01272165835435,4.468067193010355,,,46.4,5.4,52.0,41.6,6.4,BIS_Nederland
Rhine-Meuse,51.83663285002748,4.299862583508364,,,69.02,5.9,19.0,52.0,29.5,BIS_Nederland
Rhine-Meuse,51.856244724570544,4.382350738620179,,,25.52,5.3,28.1,50.6,21.2,BIS_Nederland
Rhine-Meuse,51.83486583950749,4.373614069835176,,,20.299999999999997,7.05,26.5,30.3,43.2,BIS_Nederland
Rhine-Meuse,51.82180129259836,4.3096489997226275,,,186.18,5.75,42.7,49.1,8.2,BIS_Nederland
Rhine-Meuse,51.8306904955646,4.308565912339628,,,209.96,5.08,29.5,49.1,21.4,BIS_Nederland
Rhine-Meuse,52.031291426938886,4.375876013061179,,,124.7,5.7,35.9,51.2,12.9,BIS_Nederland
Rhine-Meuse,52.03148367247977,4.377328991762775,,,47.559999999999995,7.1,15.8,32.6,51.6,BIS_Nederland
Rhine-Meuse,52.02991037633158,4.3616988152135345,,,64.38,4.1,13.7,26.0,60.3,BIS_Nederland
Rhine-Meuse,51.99462536581902,4.51139308737016,,,64.96000000000001,6.4,36.0,43.0,21.5,BIS_Nederland
Rhine-Meuse,52.00144291771112,4.4975705149865215,,,47.559999999999995,6.3,27.0,45.0,28.0,BIS_Nederland
Rhine-Meuse,51.96338915527271,4.447251219446846,,,89.32000000000001,5.0,29.0,37.0,34.0,BIS_Nederland
Rhine-Meuse,51.965259009129625,4.445029326787096,,,98.01999999999998,5.4,28.0,41.0,32.0,BIS_Nederland
Rhine-Meuse,51.95558310662618,4.332335889292061,,,88.16,5.0,35.0,32.0,33.0,BIS_Nederland
Rhine-Meuse,51.95557266298443,4.331172244523138,,,63.8,6.6,38.0,39.0,22.5,BIS_Nederland
Rhine-Meuse,51.95347697817025,4.338059072869818,,,61.48,6.7,23.0,33.0,44.0,BIS_Nederland
Rhine-Meuse,51.97711910534491,4.328190656088909,,,96.86,4.5,32.0,54.0,14.4,BIS_Nederland
Rhine-Meuse,51.97765570078656,4.327886873657107,,,74.82,5.1,33.0,51.0,16.5,BIS_Nederland
Rhine-Meuse,51.97186993763837,4.344323838744369,,,155.44,6.0,26.0,44.0,30.0,BIS_Nederland
Rhine-Meuse,51.97282137731768,4.350268942739673,,,117.16,5.2,35.8,53.8,10.5,BIS_Nederland
Rhine-Meuse,51.95270504029739,4.394085486012862,,,40.599999999999994,4.4,29.4,41.9,28.9,BIS_Nederland
Rhine-Meuse,51.956519403313656,4.377560928941822,,,138.04,4.3,35.8,53.8,10.5,BIS_Nederland
Rhine-Meuse,51.96683680768953,4.385769086968724,,,120.06,4.2,25.5,29.5,45.0,BIS_Nederland
Rhine-Meuse,52.01206479255462,4.878488917345745,,,149.06,5.2,61.2,27.2,11.6,BIS_Nederland
Rhine-Meuse,51.88154267571618,4.73930082004839,,,196.62,4.0,64.7,30.5,4.8,BIS_Nederland
Rhine-Meuse,52.00727185311814,4.8927437651845285,,,161.23999999999998,5.0,54.1,35.9,10.0,BIS_Nederland
Rhine-Meuse,52.010980912366314,4.887750491258692,,,85.84,5.1,52.6,37.0,10.4,BIS_Nederland
Rhine-Meuse,51.89237094841534,4.755270386194548,,,106.14,4.3,55.1,30.5,14.4,BIS_Nederland
Rhine-Meuse,52.240970263924,4.814749598542269,,,256.93999999999994,5.1,16.9,28.5,37.3,BIS_Nederland
Rhine-Meuse,52.10510359342934,4.710737982209743,,,93.38,4.3,36.0,45.0,19.5,BIS_Nederland
Rhine-Meuse,52.043834938534424,4.634479942971328,,,17.979999999999997,6.2,42.0,56.0,1.6,BIS_Nederland
Rhine-Meuse,52.05599031059985,4.637774935112918,,,121.21999999999998,5.6,36.0,56.0,8.5,BIS_Nederland
Rhine-Meuse,52.07568574256308,4.598132596592663,,,20.880000000000003,7.0,26.0,53.0,22.0,BIS_Nederland
Rhine-Meuse,52.13399661129892,4.694525834055674,,,121.8,5.2,35.0,31.0,34.0,BIS_Nederland
Rhine-Meuse,52.091415022258055,4.571661776653444,,,46.4,6.8,31.7,32.3,36.0,BIS_Nederland
Rhine-Meuse,52.10531104678039,4.541046617664968,,,178.64,5.3,15.0,31.0,56.0,BIS_Nederland
Rhine-Meuse,52.11589868780179,4.489890504451443,,,175.73999999999998,4.8,9.0,13.0,78.0,BIS_Nederland
Rhine-Meuse,52.10929790716039,4.473088925266038,,,103.81999999999998,4.1,11.9,19.6,68.5,BIS_Nederland
Rhine-Meuse,52.10523814996445,4.482806004421384,,,78.88,4.7,11.2,16.8,69.0,BIS_Nederland
Rhine-Meuse,52.12497916146972,4.551334579619123,,,108.45999999999998,4.9,29.1,36.2,34.7,BIS_Nederland
Rhine-Meuse,52.04535903623368,4.446405630124874,,,20.880000000000003,7.2,15.5,28.8,56.2,BIS_Nederland
Rhine-Meuse,52.143598519046265,4.540613302617567,,,40.02,5.4,23.7,43.3,33.1,BIS_Nederland
Rhine-Meuse,52.10066379326109,4.507856895898845,,,74.24000000000001,4.6,10.6,10.0,79.4,BIS_Nederland
Rhine-Meuse,52.2314774591042,4.665197824439457,,,48.72,7.0,23.0,48.0,29.0,BIS_Nederland
Rhine-Meuse,52.073909215605056,4.431072551705571,,,62.64,5.0,24.9,26.5,48.6,BIS_Nederland
Rhine-Meuse,52.07209443550982,4.417983638565367,,,92.8,5.7,24.9,26.5,48.6,BIS_Nederland
Rhine-Meuse,52.11166710359314,4.420775310613547,,,51.04,5.5,4.7,3.6,91.7,BIS_Nederland
Rhine-Meuse,52.10544768843179,4.4296681158336035,,,35.959999999999994,3.1,2.5,1.5,49.0,BIS_Nederland
Rhine-Meuse,52.11787374973982,4.410420162234497,,,46.98,4.1,3.0,3.2,52.4,BIS_Nederland
Rhine-Meuse,52.12060603109585,4.414741083220421,,,50.459999999999994,4.3,3.7,5.5,50.8,BIS_Nederland
Rhine-Meuse,52.12061806328811,4.416201040136981,,,49.3,4.3,3.7,2.9,52.6,BIS_Nederland
Rhine-Meuse,52.12242746406196,4.417621990832913,,,46.4,3.9,3.4,1.8,52.3,BIS_Nederland
Rhine-Meuse,52.08615200050778,4.5267454450887925,,,53.94,5.0,24.1,40.3,35.5,BIS_Nederland
Rhine-Meuse,52.09420511669733,4.572194620022761,,,99.76,4.1,40.0,44.3,15.7,BIS_Nederland
Rhine-Meuse,52.15374982432173,4.42278685398606,,,45.82,5.8,17.3,23.6,59.1,BIS_Nederland
Rhine-Meuse,52.18957897040093,4.566795804831555,,,71.91999999999999,4.4,10.0,12.0,79.0,BIS_Nederland
Rhine-Meuse,52.17399110207347,4.580824718371174,,,110.2,4.4,11.0,15.0,74.0,BIS_Nederland
Rhine-Meuse,52.23293279222908,4.490607352687231,,,50.459999999999994,6.1,3.8,6.3,89.9,BIS_Nederland
Rhine-Meuse,52.175249164992934,4.529778776554725,,,52.2,4.6,19.6,22.2,58.3,BIS_Nederland
Rhine-Meuse,52.209315150640215,4.470013755659479,,,44.66,4.7,12.4,24.4,63.2,BIS_Nederland
Rhine-Meuse,52.11719267353893,4.913428644709841,,,148.48000000000002,5.3,58.0,23.0,19.0,BIS_Nederland
Rhine-Meuse,52.21955882227566,5.011265575898111,,,49.3,5.2,22.0,38.0,40.0,BIS_Nederland
Rhine-Meuse,52.199863429088865,4.980567877986795,,,144.42,5.4,45.0,36.0,19.5,BIS_Nederland
Rhine-Meuse,52.200822811571506,4.97214819520642,,,255.2,4.7,54.0,28.0,18.5,BIS_Nederland
Rhine-Meuse,52.21085773325075,4.938915489464675,,,305.08,5.3,14.0,12.5,73.0,BIS_Nederland
Rhine-Meuse,52.19002625290418,4.969031359141859,,,142.10000000000002,4.7,49.0,37.0,15.0,BIS_Nederland
Rhine-Meuse,52.06382986347603,4.647997789812775,,,229.68,3.8,44.8,43.6,11.6,BIS_Nederland
Rhine-Meuse,52.05962294794107,4.718643413245536,,,186.76,5.5,23.7,34.8,41.5,BIS_Nederland
Rhine-Meuse,52.109032789852414,4.854759245494916,,,160.66,5.4,29.0,17.0,54.0,BIS_Nederland
Rhine-Meuse,52.08282117983371,4.814075517494533,,,77.14,5.5,32.0,41.0,27.0,BIS_Nederland
Rhine-Meuse,52.082327212667025,4.814154791554357,,,24.94,5.3,18.0,38.0,44.0,BIS_Nederland
Rhine-Meuse,52.08752471305151,4.775276655176396,,,124.7,5.0,34.0,38.0,28.5,BIS_Nederland
Rhine-Meuse,52.140948840354106,4.73145019865068,,,189.66000000000005,4.7,36.0,49.0,15.5,BIS_Nederland
Rhine-Meuse,52.07821412187876,4.791304690478254,,,63.22,5.3,40.0,40.0,20.0,BIS_Nederland
Rhine-Meuse,52.10958663876822,4.819352586455413,,,236.64,4.6,59.9,26.6,13.5,BIS_Nederland
Rhine-Meuse,52.11067246530923,4.784594702546029,,,158.34,4.4,39.4,40.2,20.4,BIS_Nederland
Rhine-Meuse,52.12575513435879,4.781178547506184,,,198.36,4.8,37.6,42.2,20.2,BIS_Nederland
Rhine-Meuse,52.10101178858884,4.767575520751657,,,192.56,3.5,49.0,27.6,23.5,BIS_Nederland
Rhine-Meuse,52.17962022242826,4.688334540996992,,,29.58,7.1,28.0,48.0,24.0,BIS_Nederland
Rhine-Meuse,52.20028067459017,4.686255313151182,,,75.39999999999999,6.4,19.4,19.2,61.5,BIS_Nederland
Rhine-Meuse,52.19961755995564,4.680560964280206,,,114.26,5.7,20.2,24.3,59.8,BIS_Nederland
Rhine-Meuse,52.259308824393905,4.674779681741852,,,22.62,7.0,23.3,31.8,44.3,BIS_Nederland
Rhine-Meuse,52.1621985526509,4.798222010383303,,,96.28,5.1,39.0,49.0,13.5,BIS_Nederland
Rhine-Meuse,52.483456599361304,4.883231370035697,,,165.29999999999998,3.8,43.0,50.0,7.5,BIS_Nederland
Rhine-Meuse,52.48489629720781,4.8943298545899125,,,11.02,5.7,54.0,41.0,5.2,BIS_Nederland
Rhine-Meuse,52.27809175821021,4.990476475497723,,,65.54,5.7,35.0,43.0,21.0,BIS_Nederland
Rhine-Meuse,52.33846932979832,4.911803056136794,,,65.54,7.0,41.8,49.8,6.7,BIS_Nederland
Rhine-Meuse,52.337564689319834,4.9103454610578465,,,44.66,6.9,15.2,24.2,41.4,BIS_Nederland
Rhine-Meuse,52.27095695106982,4.7469693384621765,,,159.5,7.1,24.2,22.7,53.3,BIS_Nederland
Rhine-Meuse,52.45648358901925,4.77591799020393,,,257.52,5.9,43.1,33.9,23.0,BIS_Nederland
Rhine-Meuse,52.47217412552275,4.861798810885524,,,74.82,6.0,17.3,24.3,40.8,BIS_Nederland
Rhine-Meuse,52.274824850633856,4.592037969289855,,,8.7,7.6,15.4,18.8,65.8,BIS_Nederland
Rhine-Meuse,52.27313797033791,4.595145032704595,,,31.9,7.3,40.3,38.2,21.5,BIS_Nederland
Rhine-Meuse,52.306709399642905,4.602024831778437,,,29.0,5.5,1.9,2.1,96.0,BIS_Nederland
Rhine-Meuse,52.57365520322462,4.674573702976581,,,26.679999999999996,5.4,10.8,16.0,73.2,BIS_Nederland
Rhine-Meuse,52.58826611116323,4.714179922789445,,,29.0,4.2,5.0,6.2,88.8,BIS_Nederland
Rhine-Meuse,52.557716454159646,4.715530873432305,,,63.22,5.7,38.7,33.1,28.2,BIS_Nederland
Rhine-Meuse,52.57325733085877,4.683209743969083,,,8.7,7.0,1.9,2.7,95.4,BIS_Nederland
Rhine-Meuse,52.53527042635988,4.719557146420918,,,30.74,3.9,15.1,10.9,40.7,BIS_Nederland
Rhine-Meuse,52.5424524405364,4.860962350930097,,,61.48,6.4,38.0,42.6,19.4,BIS_Nederland
Rhine-Meuse,52.550455518099895,4.84199505394688,,,194.648,4.3,57.4,34.6,8.0,BIS_Nederland
Rhine-Meuse,52.61828758694246,4.837168456012102,,,15.66,7.4,34.1,44.4,21.5,BIS_Nederland
Rhine-Meuse,52.62795052644156,4.827890564795436,,,19.72,7.3,27.3,45.7,27.0,BIS_Nederland
Rhine-Meuse,52.61215695990862,4.814065046141142,,,32.480000000000004,7.1,37.3,43.5,19.2,BIS_Nederland
Rhine-Meuse,52.61315008156424,4.796629807196192,,,63.22,6.2,14.1,56.2,29.7,BIS_Nederland
Rhine-Meuse,52.60379642458885,4.852110895491983,,,27.839999999999996,7.1,39.5,42.2,18.3,BIS_Nederland
Rhine-Meuse,52.62939200131026,4.848107266306606,,,42.92,7.0,26.5,53.2,20.3,BIS_Nederland
Rhine-Meuse,52.62795059592082,4.827905333525575,,,16.82,7.1,26.5,49.0,24.5,BIS_Nederland
Rhine-Meuse,52.60379649104811,4.852125656169998,,,33.06,7.1,26.4,53.1,20.5,BIS_Nederland
Rhine-Meuse,52.6057105568926,4.782720229327397,,,59.74,6.0,36.5,51.4,12.1,BIS_Nederland
Rhine-Meuse,52.54186983043788,4.679656752708871,,,39.43999999999999,6.2,11.0,14.0,75.0,BIS_Nederland
Rhine-Meuse,52.55353450576785,4.69163418354546,,,26.679999999999996,5.3,7.0,6.5,85.0,BIS_Nederland
Rhine-Meuse,52.506382156040154,4.69716369494199,,,63.8,4.2,36.1,25.2,38.7,BIS_Nederland
Rhine-Meuse,52.525459883572424,4.6783725203083835,,,56.84,5.8,18.9,16.2,64.9,BIS_Nederland
Rhine-Meuse,52.619469758356054,4.671026550318613,,,2.319999999999999,7.6,2.0,1.1,96.9,BIS_Nederland
Rhine-Meuse,52.638036416805825,4.695100137348245,,,1.159999999999999,7.7,1.3,0.8,97.9,BIS_Nederland
Rhine-Meuse,52.62744721412583,4.652803930237223,,,9.28,5.7,2.0,1.7,96.3,BIS_Nederland
Rhine-Meuse,52.62956368632391,4.846332747686511,,,34.22,7.2,27.9,50.7,21.4,BIS_Nederland
Rhine-Meuse,52.62432911427113,4.841523492380986,,,29.58,7.2,30.2,44.5,25.3,BIS_Nederland
Rhine-Meuse,52.60937052213385,4.636496318355742,,,3.4799999999999995,7.6,0.7,1.0,98.3,BIS_Nederland
Rhine-Meuse,52.63428676271071,4.669012803654374,,,28.42,4.3,5.1,5.2,89.7,BIS_Nederland
Rhine-Meuse,52.66764895549619,4.6647720870552565,,,1.159999999999999,4.4,0.9,0.9,98.2,BIS_Nederland
Rhine-Meuse,52.64821020574485,4.706022509489541,,,45.82,5.5,30.5,49.3,20.2,BIS_Nederland
Rhine-Meuse,52.648837365226285,4.697885567754383,,,45.82,4.9,3.7,6.0,90.3,BIS_Nederland
Rhine-Meuse,52.65772712987265,4.673729071018495,,,56.25999999999999,5.4,3.9,2.1,94.0,BIS_Nederland
Rhine-Meuse,52.69831660065064,4.66826198681401,,,0.0,4.5,1.1,1.0,97.9,BIS_Nederland
Rhine-Meuse,52.69877484316553,4.669733849285758,,,0.579999999999999,4.6,0.9,0.8,98.3,BIS_Nederland
Rhine-Meuse,52.697219275980345,4.63610489051306,,,0.579999999999999,7.4,1.0,1.6,97.4,BIS_Nederland
Rhine-Meuse,52.64840511501147,4.626964215610316,,,0.579999999999999,6.9,0.8,1.8,97.4,BIS_Nederland
Rhine-Meuse,52.61095254051321,4.67448698828171,,,2.319999999999999,7.9,2.0,3.1,94.9,BIS_Nederland
Rhine-Meuse,52.40535811392082,4.6967536553729605,,,106.72,5.4,37.7,30.1,32.2,BIS_Nederland
Rhine-Meuse,52.4776054807922,4.87063945951489,,,17.4,5.4,52.0,41.0,6.3,BIS_Nederland
Rhine-Meuse,52.48163415843207,4.773067741847339,,,152.54,5.3,45.8,39.7,14.5,BIS_Nederland
Rhine-Meuse,52.434338660674534,4.786590813133722,,,36.53999999999999,5.4,53.4,27.4,19.2,BIS_Nederland
Rhine-Meuse,52.44187439654494,4.7750902336254075,,,145.57999999999998,5.5,61.5,34.5,4.0,BIS_Nederland
Rhine-Meuse,52.300342000792234,4.526560107849666,,,44.08,3.6,4.7,4.5,90.8,BIS_Nederland
Rhine-Meuse,52.31161864751696,4.532280887975667,,,21.46,3.7,2.6,3.5,93.9,BIS_Nederland
Rhine-Meuse,52.29719179378993,4.525961407740819,,,4.059999999999999,4.4,1.0,2.4,96.6,BIS_Nederland
Rhine-Meuse,52.30106148355911,4.526619481053729,,,17.4,4.3,2.8,4.7,92.5,BIS_Nederland
Rhine-Meuse,52.825612849677306,4.697773165062611,,,356.69999999999993,5.5,5.4,35.3,59.3,BIS_Nederland
Rhine-Meuse,52.49680960964916,5.005375517316589,,,96.86,5.7,31.0,49.0,20.5,BIS_Nederland
Rhine-Meuse,52.51913322814423,5.016379652206377,,,48.14,6.7,50.0,49.0,2.5,BIS_Nederland
Rhine-Meuse,52.554804478552214,4.960343950247666,,,43.5,5.7,44.0,49.7,6.3,BIS_Nederland
Rhine-Meuse,52.53188649510087,4.9602708002048,,,30.16,4.8,53.3,45.9,0.8,BIS_Nederland
Rhine-Meuse,52.562991424403265,4.9886540630227705,,,132.82,5.4,60.9,36.4,2.7,BIS_Nederland
Rhine-Meuse,52.56128472807673,5.01668900087455,,,159.5,4.8,57.3,39.5,3.0,BIS_Nederland
Rhine-Meuse,52.50973829211585,5.061237321236346,,,25.52,5.8,67.4,31.1,1.5,BIS_Nederland
Rhine-Meuse,52.51126651722245,5.061373350206304,,,34.22,5.6,67.4,31.7,0.9,BIS_Nederland
Rhine-Meuse,52.505950636795,5.056552110551808,,,34.8,5.2,65.7,33.3,1.0,BIS_Nederland
Rhine-Meuse,52.50675660650521,5.055515058992895,,,75.97999999999999,4.5,61.1,33.1,5.8,BIS_Nederland
Rhine-Meuse,52.59816658995115,4.67801480192551,,,45.82,4.9,15.0,18.0,67.0,BIS_Nederland
Rhine-Meuse,52.600386324470115,4.711928294422349,,,19.72,4.9,3.0,6.0,91.5,BIS_Nederland
Rhine-Meuse,52.60684079726425,4.663333847320456,,,33.64,3.8,12.6,11.7,75.7,BIS_Nederland
Rhine-Meuse,52.61412788493532,4.6426904330876475,,,8.12,6.4,1.4,1.9,96.7,BIS_Nederland
Rhine-Meuse,52.45566558182878,4.7081798270926605,,,63.22,4.4,57.8,31.7,10.5,BIS_Nederland
Rhine-Meuse,52.49275280364862,4.9145618089652015,,,50.459999999999994,5.9,47.0,50.0,3.0,BIS_Nederland
Rhine-Meuse,52.66483977067802,4.9444944110780975,,,40.599999999999994,5.1,7.7,46.9,46.4,BIS_Nederland
Rhine-Meuse,52.69024286262757,5.014345039159072,,,29.0,6.0,15.3,47.8,36.9,BIS_Nederland
Rhine-Meuse,52.71144552974114,4.98471794888221,,,40.599999999999994,6.8,23.0,40.5,37.3,BIS_Nederland
Rhine-Meuse,52.69375984246587,4.990278888451523,,,13.34,7.1,15.2,35.2,49.6,BIS_Nederland
Rhine-Meuse,52.68760383207864,4.927848697355263,,,62.64,6.9,13.8,38.2,48.0,BIS_Nederland
Rhine-Meuse,52.685071505350855,4.923734326074568,,,91.64,5.7,22.1,42.8,35.1,BIS_Nederland
Rhine-Meuse,52.66453757260383,4.960166141314997,,,74.82,6.6,31.9,45.0,23.1,BIS_Nederland
Rhine-Meuse,52.70587927019971,4.986396478882175,,,78.88,6.7,37.0,53.5,9.5,BIS_Nederland
Rhine-Meuse,52.70703997889383,4.934155716926363,,,64.96000000000001,6.7,9.0,36.8,53.3,BIS_Nederland
Rhine-Meuse,52.498302834360686,4.826881540850822,,,253.16999999999996,5.5,56.7,27.4,15.9,BIS_Nederland
Rhine-Meuse,52.56569918757402,4.779271812782238,,,124.7,6.8,35.3,46.8,17.9,BIS_Nederland
Rhine-Meuse,52.58586830226591,4.8046682816864354,,,53.94,6.8,25.1,53.8,21.1,BIS_Nederland
Rhine-Meuse,52.572938898717375,4.75438989667932,,,143.84,5.8,19.0,57.6,23.4,BIS_Nederland
Rhine-Meuse,52.57759003021124,4.733669166148305,,,108.45999999999998,4.4,19.5,17.7,62.8,BIS_Nederland
Rhine-Meuse,52.5482004554338,4.74177089107448,,,110.2,4.6,42.3,33.5,24.2,BIS_Nederland
Rhine-Meuse,52.51910723499272,4.772104687168757,,,80.03999999999999,4.3,58.1,34.4,7.5,BIS_Nederland
Rhine-Meuse,52.54075256122481,4.73568880041475,,,58.58,5.2,41.0,37.9,21.1,BIS_Nederland
Rhine-Meuse,52.654270871998584,5.00681746732205,,,151.95999999999998,6.0,43.0,50.0,7.5,BIS_Nederland
Rhine-Meuse,52.70190837470317,4.887014515374893,,,82.35999999999999,5.4,21.7,58.5,19.8,BIS_Nederland
Rhine-Meuse,52.52889819184252,4.659896495059076,,,4.059999999999999,7.8,3.3,2.1,94.6,BIS_Nederland
Rhine-Meuse,52.53362619150344,4.632626488681582,,,1.7399999999999998,7.7,2.0,0.6,97.4,BIS_Nederland
Rhine-Meuse,52.736473170697195,4.946362962215639,,,31.32,6.1,26.9,54.3,18.8,BIS_Nederland
Rhine-Meuse,52.71633972745196,4.89957749802068,,,11.6,7.1,21.8,57.9,20.3,BIS_Nederland
Rhine-Meuse,52.72964577238665,4.972115967676018,,,10.44,7.1,14.2,47.2,38.6,BIS_Nederland
Rhine-Meuse,52.71464134010457,4.924384161143333,,,34.22,6.8,18.8,40.9,40.3,BIS_Nederland
Rhine-Meuse,52.81537004001867,4.817339422620199,,,11.02,7.1,27.3,47.2,25.5,BIS_Nederland
Rhine-Meuse,52.7517051306168,4.868080796181744,,,11.02,7.3,17.1,41.3,41.5,BIS_Nederland
Rhine-Meuse,52.82162236040407,4.7230556823707275,,,12.18,5.4,2.7,1.1,96.2,BIS_Nederland
Rhine-Meuse,52.80836533753869,4.722811876862504,,,16.82,5.4,4.1,2.9,93.0,BIS_Nederland
Rhine-Meuse,52.78321990252591,4.861408169174814,,,29.0,6.0,25.6,60.6,13.8,BIS_Nederland
Rhine-Meuse,52.813105366206585,4.7862215192563795,,,25.52,4.7,22.3,33.9,43.8,BIS_Nederland
Rhine-Meuse,52.80666146827217,4.782602486760778,,,33.06,6.2,23.2,43.5,33.3,BIS_Nederland
Rhine-Meuse,52.79375099736763,4.737192032725051,,,32.480000000000004,5.1,5.7,7.6,86.7,BIS_Nederland
Rhine-Meuse,52.791191417509175,4.721219278992204,,,19.139999999999997,4.5,5.7,4.6,89.7,BIS_Nederland
Rhine-Meuse,52.81702705415971,4.788689359362255,,,38.86,5.9,10.8,25.9,63.3,BIS_Nederland
Rhine-Meuse,52.80811585050335,4.822624471771837,,,26.1,6.9,26.3,51.0,22.7,BIS_Nederland
Rhine-Meuse,52.89160069602491,4.785438854473674,,,7.54,7.4,9.8,15.0,75.2,BIS_Nederland
Rhine-Meuse,52.836759209705306,4.7809993470815195,,,38.279999999999994,5.3,5.3,3.2,91.5,BIS_Nederland
Rhine-Meuse,52.82690069174644,4.786328799959181,,,38.86,5.7,4.4,7.9,87.7,BIS_Nederland
Rhine-Meuse,52.82534215152938,4.807343481889843,,,22.04,5.5,7.8,14.8,77.4,BIS_Nederland
Rhine-Meuse,52.78999745474939,4.700853915193096,,,10.44,5.3,2.4,1.2,96.4,BIS_Nederland
Rhine-Meuse,52.71612740991681,4.648878984308642,,,0.579999999999999,4.6,0.9,1.0,98.1,BIS_Nederland
Rhine-Meuse,52.854689449791834,4.714239505993115,,,13.34,5.2,2.8,3.3,93.9,BIS_Nederland
Rhine-Meuse,52.849026014085645,4.706013808391023,,,8.12,4.9,2.7,1.8,95.5,BIS_Nederland
Rhine-Meuse,52.84115828485358,4.697453933410393,,,11.02,5.5,5.2,7.1,87.7,BIS_Nederland
Rhine-Meuse,52.831281961691246,4.706883627009832,,,6.38,5.7,1.6,0.8,97.6,BIS_Nederland
Rhine-Meuse,52.83200949379849,4.749088100410522,,,17.979999999999997,5.7,4.6,4.7,90.7,BIS_Nederland
Rhine-Meuse,52.73018238835707,4.971370699002266,,,41.17999999999999,6.1,17.7,44.4,37.9,BIS_Nederland
Rhine-Meuse,52.71509498022236,4.925489291736134,,,30.74,7.0,14.2,48.0,37.8,BIS_Nederland
Rhine-Meuse,52.74428262651196,4.920369321143158,,,20.880000000000003,7.1,17.9,37.0,45.1,BIS_Nederland
Rhine-Meuse,52.736290971076755,4.945698524408875,,,31.9,6.0,19.0,49.1,31.9,BIS_Nederland
Rhine-Meuse,52.19790788315943,4.5296647824132075,,,46.4,4.6,10.2,10.9,78.9,BIS_Nederland
Rhine-Meuse,52.2059812285601,4.539882072664442,,,102.08,5.1,39.0,49.9,11.1,BIS_Nederland
Rhine-Meuse,52.175153574264314,4.57470726423119,,,117.74,4.2,23.1,20.3,56.6,BIS_Nederland
Rhine-Meuse,52.19858870048785,4.577717604865817,,,82.94,4.8,24.3,17.1,58.6,BIS_Nederland
Rhine-Meuse,52.17958173669616,4.607568145005593,,,233.73999999999995,4.4,28.4,31.7,39.9,BIS_Nederland
Rhine-Meuse,52.20540274431694,4.603166499870449,,,71.34,5.8,14.2,13.6,72.2,BIS_Nederland
Rhine-Meuse,52.214018222213504,4.561663442020674,,,132.24,4.9,7.0,11.8,80.2,BIS_Nederland
Rhine-Meuse,52.21325590848735,4.5328372783538065,,,35.959999999999994,5.6,50.6,42.5,6.9,BIS_Nederland
